Analysis & Synthesis report for modulosveri
Sat May  9 12:01:23 2026
Quartus Prime Version 25.1std.0 Build 1129 10/21/2025 SC Lite Edition


---------------------
; Table of Contents ;
---------------------
  1. Legal Notice
  2. Analysis & Synthesis Summary
  3. Analysis & Synthesis Settings
  4. Parallel Compilation
  5. Analysis & Synthesis Source Files Read
  6. Analysis & Synthesis Resource Usage Summary
  7. Analysis & Synthesis Resource Utilization by Entity
  8. User-Specified and Inferred Latches
  9. Logic Cells Representing Combinational Loops
 10. General Register Statistics
 11. Multiplexer Restructuring Statistics (Restructuring Performed)
 12. Port Connectivity Checks: "vga_debug_monitor:debug_vga"
 13. Port Connectivity Checks: "decodificador_7seg:dec5"
 14. Port Connectivity Checks: "decodificador_7seg:dec4"
 15. Port Connectivity Checks: "decodificador_7seg:dec3"
 16. Port Connectivity Checks: "decodificador_7seg:dec2"
 17. Port Connectivity Checks: "decodificador_7seg:dec1"
 18. Port Connectivity Checks: "decodificador_7seg:dec0"
 19. Port Connectivity Checks: "RegisterFile:regs"
 20. Port Connectivity Checks: "ControlUnit:ctrl"
 21. Post-Synthesis Netlist Statistics for Top Partition
 22. Elapsed Time Per Partition
 23. Analysis & Synthesis Messages



----------------
; Legal Notice ;
----------------
Copyright (C) 2025  Altera Corporation. All rights reserved.
Your use of Altera Corporation's design tools, logic functions 
and other software and tools, and any partner logic 
functions, and any output files from any of the foregoing 
(including device programming or simulation files), and any 
associated documentation or information are expressly subject 
to the terms and conditions of the Altera Program License 
Subscription Agreement, the Altera Quartus Prime License Agreement,
the Altera IP License Agreement, or other applicable license
agreement, including, without limitation, that your use is for
the sole purpose of programming logic devices manufactured by
Altera and sold by Altera or its authorized distributors.  Please
refer to the Altera Software License Subscription Agreements 
on the Quartus Prime software download page.



+-----------------------------------------------------------------------------------+
; Analysis & Synthesis Summary                                                      ;
+---------------------------------+-------------------------------------------------+
; Analysis & Synthesis Status     ; Successful - Sat May  9 12:01:23 2026           ;
; Quartus Prime Version           ; 25.1std.0 Build 1129 10/21/2025 SC Lite Edition ;
; Revision Name                   ; modulosveri                                     ;
; Top-level Entity Name           ; RISCV_Core                                      ;
; Family                          ; Cyclone V                                       ;
; Logic utilization (in ALMs)     ; N/A                                             ;
; Total registers                 ; 53                                              ;
; Total pins                      ; 74                                              ;
; Total virtual pins              ; 0                                               ;
; Total block memory bits         ; 0                                               ;
; Total DSP Blocks                ; 0                                               ;
; Total HSSI RX PCSs              ; 0                                               ;
; Total HSSI PMA RX Deserializers ; 0                                               ;
; Total HSSI TX PCSs              ; 0                                               ;
; Total HSSI PMA TX Serializers   ; 0                                               ;
; Total PLLs                      ; 0                                               ;
; Total DLLs                      ; 0                                               ;
+---------------------------------+-------------------------------------------------+


+---------------------------------------------------------------------------------------------------------------------------+
; Analysis & Synthesis Settings                                                                                             ;
+---------------------------------------------------------------------------------+--------------------+--------------------+
; Option                                                                          ; Setting            ; Default Value      ;
+---------------------------------------------------------------------------------+--------------------+--------------------+
; Device                                                                          ; 5CSEMA5F31C6       ;                    ;
; Top-level entity name                                                           ; RISCV_Core         ; modulosveri        ;
; Family name                                                                     ; Cyclone V          ; Cyclone V          ;
; Maximum processors allowed for parallel compilation                             ; 6                  ;                    ;
; Use smart compilation                                                           ; Off                ; Off                ;
; Enable parallel Assembler and Timing Analyzer during compilation                ; On                 ; On                 ;
; Enable compact report table                                                     ; Off                ; Off                ;
; Restructure Multiplexers                                                        ; Auto               ; Auto               ;
; MLAB Add Timing Constraints For Mixed-Port Feed-Through Mode Setting Don't Care ; Off                ; Off                ;
; Create Debugging Nodes for IP Cores                                             ; Off                ; Off                ;
; Preserve fewer node names                                                       ; On                 ; On                 ;
; Intel FPGA IP Evaluation Mode                                                   ; Enable             ; Enable             ;
; Verilog Version                                                                 ; Verilog_2001       ; Verilog_2001       ;
; VHDL Version                                                                    ; VHDL_1993          ; VHDL_1993          ;
; State Machine Processing                                                        ; Auto               ; Auto               ;
; Safe State Machine                                                              ; Off                ; Off                ;
; Extract Verilog State Machines                                                  ; On                 ; On                 ;
; Extract VHDL State Machines                                                     ; On                 ; On                 ;
; Ignore Verilog initial constructs                                               ; Off                ; Off                ;
; Iteration limit for constant Verilog loops                                      ; 5000               ; 5000               ;
; Iteration limit for non-constant Verilog loops                                  ; 250                ; 250                ;
; Add Pass-Through Logic to Inferred RAMs                                         ; On                 ; On                 ;
; Infer RAMs from Raw Logic                                                       ; On                 ; On                 ;
; Parallel Synthesis                                                              ; On                 ; On                 ;
; DSP Block Balancing                                                             ; Auto               ; Auto               ;
; NOT Gate Push-Back                                                              ; On                 ; On                 ;
; Power-Up Don't Care                                                             ; On                 ; On                 ;
; Remove Redundant Logic Cells                                                    ; Off                ; Off                ;
; Remove Duplicate Registers                                                      ; On                 ; On                 ;
; Ignore CARRY Buffers                                                            ; Off                ; Off                ;
; Ignore CASCADE Buffers                                                          ; Off                ; Off                ;
; Ignore GLOBAL Buffers                                                           ; Off                ; Off                ;
; Ignore ROW GLOBAL Buffers                                                       ; Off                ; Off                ;
; Ignore LCELL Buffers                                                            ; Off                ; Off                ;
; Ignore SOFT Buffers                                                             ; On                 ; On                 ;
; Limit AHDL Integers to 32 Bits                                                  ; Off                ; Off                ;
; Optimization Technique                                                          ; Balanced           ; Balanced           ;
; Carry Chain Length                                                              ; 70                 ; 70                 ;
; Auto Carry Chains                                                               ; On                 ; On                 ;
; Auto Open-Drain Pins                                                            ; On                 ; On                 ;
; Perform WYSIWYG Primitive Resynthesis                                           ; Off                ; Off                ;
; Auto ROM Replacement                                                            ; On                 ; On                 ;
; Auto RAM Replacement                                                            ; On                 ; On                 ;
; Auto DSP Block Replacement                                                      ; On                 ; On                 ;
; Auto Shift Register Replacement                                                 ; Auto               ; Auto               ;
; Allow Shift Register Merging across Hierarchies                                 ; Auto               ; Auto               ;
; Auto Clock Enable Replacement                                                   ; On                 ; On                 ;
; Strict RAM Replacement                                                          ; Off                ; Off                ;
; Allow Synchronous Control Signals                                               ; On                 ; On                 ;
; Force Use of Synchronous Clear Signals                                          ; Off                ; Off                ;
; Auto Resource Sharing                                                           ; Off                ; Off                ;
; Allow Any RAM Size For Recognition                                              ; Off                ; Off                ;
; Allow Any ROM Size For Recognition                                              ; Off                ; Off                ;
; Allow Any Shift Register Size For Recognition                                   ; Off                ; Off                ;
; Use LogicLock Constraints during Resource Balancing                             ; On                 ; On                 ;
; Ignore translate_off and synthesis_off directives                               ; Off                ; Off                ;
; Timing-Driven Synthesis                                                         ; On                 ; On                 ;
; Report Parameter Settings                                                       ; On                 ; On                 ;
; Report Source Assignments                                                       ; On                 ; On                 ;
; Report Connectivity Checks                                                      ; On                 ; On                 ;
; Ignore Maximum Fan-Out Assignments                                              ; Off                ; Off                ;
; Synchronization Register Chain Length                                           ; 3                  ; 3                  ;
; Power Optimization During Synthesis                                             ; Normal compilation ; Normal compilation ;
; HDL message level                                                               ; Level2             ; Level2             ;
; Suppress Register Optimization Related Messages                                 ; Off                ; Off                ;
; Number of Removed Registers Reported in Synthesis Report                        ; 5000               ; 5000               ;
; Number of Swept Nodes Reported in Synthesis Report                              ; 5000               ; 5000               ;
; Number of Inverted Registers Reported in Synthesis Report                       ; 100                ; 100                ;
; Clock MUX Protection                                                            ; On                 ; On                 ;
; Auto Gated Clock Conversion                                                     ; Off                ; Off                ;
; Block Design Naming                                                             ; Auto               ; Auto               ;
; SDC constraint protection                                                       ; Off                ; Off                ;
; Synthesis Effort                                                                ; Auto               ; Auto               ;
; Shift Register Replacement - Allow Asynchronous Clear Signal                    ; On                 ; On                 ;
; Pre-Mapping Resynthesis Optimization                                            ; Off                ; Off                ;
; Analysis & Synthesis Message Level                                              ; Medium             ; Medium             ;
; Disable Register Merging Across Hierarchies                                     ; Auto               ; Auto               ;
; Resource Aware Inference For Block RAM                                          ; On                 ; On                 ;
; Automatic Parallel Synthesis                                                    ; On                 ; On                 ;
; Partial Reconfiguration Bitstream ID                                            ; Off                ; Off                ;
+---------------------------------------------------------------------------------+--------------------+--------------------+


+------------------------------------------+
; Parallel Compilation                     ;
+----------------------------+-------------+
; Processors                 ; Number      ;
+----------------------------+-------------+
; Number detected on machine ; 12          ;
; Maximum allowed            ; 6           ;
;                            ;             ;
; Average used               ; 1.00        ;
; Maximum used               ; 6           ;
;                            ;             ;
; Usage by Processor         ; % Time Used ;
;     Processor 1            ; 100.0%      ;
;     Processor 2            ;   0.0%      ;
;     Processor 3            ;   0.0%      ;
;     Processor 4            ;   0.0%      ;
;     Processor 5            ;   0.0%      ;
;     Processor 6            ;   0.0%      ;
+----------------------------+-------------+


+-------------------------------------------------------------------------------------------------------------------------------------------------------------------------------------+
; Analysis & Synthesis Source Files Read                                                                                                                                              ;
+----------------------------------+-----------------+---------------------------------------------+------------------------------------------------------------------------+---------+
; File Name with User-Entered Path ; Used in Netlist ; File Type                                   ; File Name with Absolute Path                                           ; Library ;
+----------------------------------+-----------------+---------------------------------------------+------------------------------------------------------------------------+---------+
; modulosveri.sv                   ; yes             ; User SystemVerilog HDL File                 ; C:/Users/gomez/OneDrive/Escritorio/mini_proyectos/modulosveri.sv       ;         ;
; vga_debug_monitor.sv             ; yes             ; User SystemVerilog HDL File                 ; C:/Users/gomez/OneDrive/Escritorio/mini_proyectos/vga_debug_monitor.sv ;         ;
; font128.hex                      ; yes             ; Auto-Found Hexadecimal (Intel-Format) File  ; C:/Users/gomez/OneDrive/Escritorio/mini_proyectos/font128.hex          ;         ;
; programa.hex                     ; yes             ; Auto-Found Hexadecimal (Intel-Format) File  ; C:/Users/gomez/OneDrive/Escritorio/mini_proyectos/programa.hex         ;         ;
+----------------------------------+-----------------+---------------------------------------------+------------------------------------------------------------------------+---------+


+--------------------------------------------------------------------------------------+
; Analysis & Synthesis Resource Usage Summary                                          ;
+---------------------------------------------+----------------------------------------+
; Resource                                    ; Usage                                  ;
+---------------------------------------------+----------------------------------------+
; Estimate of Logic utilization (ALMs needed) ; 2232                                   ;
;                                             ;                                        ;
; Combinational ALUT usage for logic          ; 3322                                   ;
;     -- 7 input functions                    ; 107                                    ;
;     -- 6 input functions                    ; 1035                                   ;
;     -- 5 input functions                    ; 536                                    ;
;     -- 4 input functions                    ; 639                                    ;
;     -- <=3 input functions                  ; 1005                                   ;
;                                             ;                                        ;
; Dedicated logic registers                   ; 53                                     ;
;                                             ;                                        ;
; I/O pins                                    ; 74                                     ;
;                                             ;                                        ;
; Total DSP Blocks                            ; 0                                      ;
;                                             ;                                        ;
; Maximum fan-out node                        ; vga_debug_monitor:debug_vga|v_count[4] ;
; Maximum fan-out                             ; 303                                    ;
; Total fan-out                               ; 15478                                  ;
; Average fan-out                             ; 4.39                                   ;
+---------------------------------------------+----------------------------------------+


+------------------------------------------------------------------------------------------------------------------------------------------------------------------------------------------------------------------------+
; Analysis & Synthesis Resource Utilization by Entity                                                                                                                                                                    ;
+----------------------------------+---------------------+---------------------------+-------------------+------------+------+--------------+-----------------------------------------+-------------------+--------------+
; Compilation Hierarchy Node       ; Combinational ALUTs ; Dedicated Logic Registers ; Block Memory Bits ; DSP Blocks ; Pins ; Virtual Pins ; Full Hierarchy Name                     ; Entity Name       ; Library Name ;
+----------------------------------+---------------------+---------------------------+-------------------+------------+------+--------------+-----------------------------------------+-------------------+--------------+
; |RISCV_Core                      ; 3322 (556)          ; 53 (0)                    ; 0                 ; 0          ; 74   ; 0            ; |RISCV_Core                             ; RISCV_Core        ; work         ;
;    |ALU:alu_u|                   ; 426 (426)           ; 0 (0)                     ; 0                 ; 0          ; 0    ; 0            ; |RISCV_Core|ALU:alu_u                   ; ALU               ; work         ;
;    |ALUControl:actrl|            ; 7 (7)               ; 0 (0)                     ; 0                 ; 0          ; 0    ; 0            ; |RISCV_Core|ALUControl:actrl            ; ALUControl        ; work         ;
;    |ControlUnit:ctrl|            ; 8 (8)               ; 0 (0)                     ; 0                 ; 0          ; 0    ; 0            ; |RISCV_Core|ControlUnit:ctrl            ; ControlUnit       ; work         ;
;    |ImmGen:igen|                 ; 22 (22)             ; 0 (0)                     ; 0                 ; 0          ; 0    ; 0            ; |RISCV_Core|ImmGen:igen                 ; ImmGen            ; work         ;
;    |PC:pc_unit|                  ; 0 (0)               ; 32 (32)                   ; 0                 ; 0          ; 0    ; 0            ; |RISCV_Core|PC:pc_unit                  ; PC                ; work         ;
;    |RegisterFile:regs|           ; 1052 (1052)         ; 0 (0)                     ; 0                 ; 0          ; 0    ; 0            ; |RISCV_Core|RegisterFile:regs           ; RegisterFile      ; work         ;
;    |vga_debug_monitor:debug_vga| ; 1251 (1251)         ; 21 (21)                   ; 0                 ; 0          ; 0    ; 0            ; |RISCV_Core|vga_debug_monitor:debug_vga ; vga_debug_monitor ; work         ;
+----------------------------------+---------------------+---------------------------+-------------------+------------+------+--------------+-----------------------------------------+-------------------+--------------+
Note: For table entries with two numbers listed, the numbers in parentheses indicate the number of resources of the given type used by the specific entity alone. The numbers listed outside of parentheses indicate the total resources of the given type used by the specific entity and all of its sub-entities in the hierarchy.


+--------------------------------------------------------------------------------------------------------------+
; User-Specified and Inferred Latches                                                                          ;
+-------------------------------------------------------+-----------------------------+------------------------+
; Latch Name                                            ; Latch Enable Signal         ; Free of Timing Hazards ;
+-------------------------------------------------------+-----------------------------+------------------------+
; DataMemory:dmem|ram[192][7]                           ; DataMemory:dmem|ram[192][0] ; yes                    ;
; DataMemory:dmem|ram[193][7]                           ; DataMemory:dmem|ram[193][0] ; yes                    ;
; DataMemory:dmem|ram[194][7]                           ; DataMemory:dmem|ram[194][0] ; yes                    ;
; DataMemory:dmem|ram[195][7]                           ; DataMemory:dmem|ram[195][0] ; yes                    ;
; DataMemory:dmem|ram[196][7]                           ; DataMemory:dmem|ram[196][0] ; yes                    ;
; DataMemory:dmem|ram[197][7]                           ; DataMemory:dmem|ram[197][0] ; yes                    ;
; DataMemory:dmem|ram[198][7]                           ; DataMemory:dmem|ram[198][0] ; yes                    ;
; DataMemory:dmem|ram[199][7]                           ; DataMemory:dmem|ram[199][0] ; yes                    ;
; DataMemory:dmem|ram[200][7]                           ; DataMemory:dmem|ram[200][1] ; yes                    ;
; DataMemory:dmem|ram[0][7]                             ; DataMemory:dmem|ram[0][0]   ; yes                    ;
; DataMemory:dmem|ram[4][7]                             ; DataMemory:dmem|ram[4][0]   ; yes                    ;
; DataMemory:dmem|ram[8][7]                             ; DataMemory:dmem|ram[8][0]   ; yes                    ;
; DataMemory:dmem|ram[12][7]                            ; DataMemory:dmem|ram[12][0]  ; yes                    ;
; DataMemory:dmem|ram[16][7]                            ; DataMemory:dmem|ram[16][0]  ; yes                    ;
; DataMemory:dmem|ram[20][7]                            ; DataMemory:dmem|ram[20][0]  ; yes                    ;
; DataMemory:dmem|ram[24][7]                            ; DataMemory:dmem|ram[24][0]  ; yes                    ;
; DataMemory:dmem|ram[28][7]                            ; DataMemory:dmem|ram[28][0]  ; yes                    ;
; DataMemory:dmem|ram[32][7]                            ; DataMemory:dmem|ram[32][0]  ; yes                    ;
; DataMemory:dmem|ram[36][7]                            ; DataMemory:dmem|ram[36][0]  ; yes                    ;
; DataMemory:dmem|ram[40][7]                            ; DataMemory:dmem|ram[40][0]  ; yes                    ;
; DataMemory:dmem|ram[44][7]                            ; DataMemory:dmem|ram[44][0]  ; yes                    ;
; DataMemory:dmem|ram[48][7]                            ; DataMemory:dmem|ram[48][0]  ; yes                    ;
; DataMemory:dmem|ram[52][7]                            ; DataMemory:dmem|ram[52][0]  ; yes                    ;
; DataMemory:dmem|ram[56][7]                            ; DataMemory:dmem|ram[56][0]  ; yes                    ;
; DataMemory:dmem|ram[60][7]                            ; DataMemory:dmem|ram[60][0]  ; yes                    ;
; DataMemory:dmem|ram[1][7]                             ; DataMemory:dmem|ram[1][0]   ; yes                    ;
; DataMemory:dmem|ram[5][7]                             ; DataMemory:dmem|ram[5][0]   ; yes                    ;
; DataMemory:dmem|ram[9][7]                             ; DataMemory:dmem|ram[9][0]   ; yes                    ;
; DataMemory:dmem|ram[13][7]                            ; DataMemory:dmem|ram[13][0]  ; yes                    ;
; DataMemory:dmem|ram[17][7]                            ; DataMemory:dmem|ram[17][0]  ; yes                    ;
; DataMemory:dmem|ram[21][7]                            ; DataMemory:dmem|ram[21][0]  ; yes                    ;
; DataMemory:dmem|ram[25][7]                            ; DataMemory:dmem|ram[25][0]  ; yes                    ;
; DataMemory:dmem|ram[29][7]                            ; DataMemory:dmem|ram[29][0]  ; yes                    ;
; DataMemory:dmem|ram[33][7]                            ; DataMemory:dmem|ram[33][0]  ; yes                    ;
; DataMemory:dmem|ram[37][7]                            ; DataMemory:dmem|ram[37][0]  ; yes                    ;
; DataMemory:dmem|ram[41][7]                            ; DataMemory:dmem|ram[41][0]  ; yes                    ;
; DataMemory:dmem|ram[45][7]                            ; DataMemory:dmem|ram[45][0]  ; yes                    ;
; DataMemory:dmem|ram[49][7]                            ; DataMemory:dmem|ram[49][0]  ; yes                    ;
; DataMemory:dmem|ram[53][7]                            ; DataMemory:dmem|ram[53][0]  ; yes                    ;
; DataMemory:dmem|ram[57][7]                            ; DataMemory:dmem|ram[57][0]  ; yes                    ;
; DataMemory:dmem|ram[61][7]                            ; DataMemory:dmem|ram[61][0]  ; yes                    ;
; DataMemory:dmem|ram[2][7]                             ; DataMemory:dmem|ram[2][0]   ; yes                    ;
; DataMemory:dmem|ram[6][7]                             ; DataMemory:dmem|ram[6][0]   ; yes                    ;
; DataMemory:dmem|ram[10][7]                            ; DataMemory:dmem|ram[10][0]  ; yes                    ;
; DataMemory:dmem|ram[14][7]                            ; DataMemory:dmem|ram[14][0]  ; yes                    ;
; DataMemory:dmem|ram[18][7]                            ; DataMemory:dmem|ram[18][0]  ; yes                    ;
; DataMemory:dmem|ram[22][7]                            ; DataMemory:dmem|ram[22][0]  ; yes                    ;
; DataMemory:dmem|ram[26][7]                            ; DataMemory:dmem|ram[26][0]  ; yes                    ;
; DataMemory:dmem|ram[30][7]                            ; DataMemory:dmem|ram[30][0]  ; yes                    ;
; DataMemory:dmem|ram[34][7]                            ; DataMemory:dmem|ram[34][0]  ; yes                    ;
; DataMemory:dmem|ram[38][7]                            ; DataMemory:dmem|ram[38][0]  ; yes                    ;
; DataMemory:dmem|ram[42][7]                            ; DataMemory:dmem|ram[42][0]  ; yes                    ;
; DataMemory:dmem|ram[46][7]                            ; DataMemory:dmem|ram[46][0]  ; yes                    ;
; DataMemory:dmem|ram[50][7]                            ; DataMemory:dmem|ram[50][0]  ; yes                    ;
; DataMemory:dmem|ram[54][7]                            ; DataMemory:dmem|ram[54][0]  ; yes                    ;
; DataMemory:dmem|ram[58][7]                            ; DataMemory:dmem|ram[58][0]  ; yes                    ;
; DataMemory:dmem|ram[62][7]                            ; DataMemory:dmem|ram[62][0]  ; yes                    ;
; DataMemory:dmem|ram[3][7]                             ; DataMemory:dmem|ram[3][0]   ; yes                    ;
; DataMemory:dmem|ram[19][7]                            ; DataMemory:dmem|ram[19][0]  ; yes                    ;
; DataMemory:dmem|ram[35][7]                            ; DataMemory:dmem|ram[35][0]  ; yes                    ;
; DataMemory:dmem|ram[51][7]                            ; DataMemory:dmem|ram[51][0]  ; yes                    ;
; DataMemory:dmem|ram[7][7]                             ; DataMemory:dmem|ram[7][0]   ; yes                    ;
; DataMemory:dmem|ram[23][7]                            ; DataMemory:dmem|ram[23][0]  ; yes                    ;
; DataMemory:dmem|ram[39][7]                            ; DataMemory:dmem|ram[39][0]  ; yes                    ;
; DataMemory:dmem|ram[55][7]                            ; DataMemory:dmem|ram[55][0]  ; yes                    ;
; DataMemory:dmem|ram[11][7]                            ; DataMemory:dmem|ram[11][0]  ; yes                    ;
; DataMemory:dmem|ram[27][7]                            ; DataMemory:dmem|ram[27][0]  ; yes                    ;
; DataMemory:dmem|ram[43][7]                            ; DataMemory:dmem|ram[43][0]  ; yes                    ;
; DataMemory:dmem|ram[59][7]                            ; DataMemory:dmem|ram[59][0]  ; yes                    ;
; DataMemory:dmem|ram[15][7]                            ; DataMemory:dmem|ram[15][0]  ; yes                    ;
; DataMemory:dmem|ram[31][7]                            ; DataMemory:dmem|ram[31][0]  ; yes                    ;
; DataMemory:dmem|ram[47][7]                            ; DataMemory:dmem|ram[47][0]  ; yes                    ;
; DataMemory:dmem|ram[63][7]                            ; DataMemory:dmem|ram[63][0]  ; yes                    ;
; DataMemory:dmem|ram[64][7]                            ; DataMemory:dmem|ram[64][0]  ; yes                    ;
; DataMemory:dmem|ram[65][7]                            ; DataMemory:dmem|ram[65][0]  ; yes                    ;
; DataMemory:dmem|ram[66][7]                            ; DataMemory:dmem|ram[66][0]  ; yes                    ;
; DataMemory:dmem|ram[67][7]                            ; DataMemory:dmem|ram[67][0]  ; yes                    ;
; DataMemory:dmem|ram[68][7]                            ; DataMemory:dmem|ram[68][0]  ; yes                    ;
; DataMemory:dmem|ram[69][7]                            ; DataMemory:dmem|ram[69][0]  ; yes                    ;
; DataMemory:dmem|ram[70][7]                            ; DataMemory:dmem|ram[70][0]  ; yes                    ;
; DataMemory:dmem|ram[71][7]                            ; DataMemory:dmem|ram[71][0]  ; yes                    ;
; DataMemory:dmem|ram[72][7]                            ; DataMemory:dmem|ram[72][0]  ; yes                    ;
; DataMemory:dmem|ram[73][7]                            ; DataMemory:dmem|ram[73][0]  ; yes                    ;
; DataMemory:dmem|ram[74][7]                            ; DataMemory:dmem|ram[74][0]  ; yes                    ;
; DataMemory:dmem|ram[75][7]                            ; DataMemory:dmem|ram[75][0]  ; yes                    ;
; DataMemory:dmem|ram[76][7]                            ; DataMemory:dmem|ram[76][0]  ; yes                    ;
; DataMemory:dmem|ram[77][7]                            ; DataMemory:dmem|ram[77][0]  ; yes                    ;
; DataMemory:dmem|ram[78][7]                            ; DataMemory:dmem|ram[78][0]  ; yes                    ;
; DataMemory:dmem|ram[79][7]                            ; DataMemory:dmem|ram[79][0]  ; yes                    ;
; DataMemory:dmem|ram[80][7]                            ; DataMemory:dmem|ram[80][0]  ; yes                    ;
; DataMemory:dmem|ram[81][7]                            ; DataMemory:dmem|ram[81][0]  ; yes                    ;
; DataMemory:dmem|ram[82][7]                            ; DataMemory:dmem|ram[82][0]  ; yes                    ;
; DataMemory:dmem|ram[83][7]                            ; DataMemory:dmem|ram[83][0]  ; yes                    ;
; DataMemory:dmem|ram[84][7]                            ; DataMemory:dmem|ram[84][0]  ; yes                    ;
; DataMemory:dmem|ram[85][7]                            ; DataMemory:dmem|ram[85][0]  ; yes                    ;
; DataMemory:dmem|ram[86][7]                            ; DataMemory:dmem|ram[86][0]  ; yes                    ;
; DataMemory:dmem|ram[87][7]                            ; DataMemory:dmem|ram[87][0]  ; yes                    ;
; DataMemory:dmem|ram[88][7]                            ; DataMemory:dmem|ram[88][0]  ; yes                    ;
; DataMemory:dmem|ram[89][7]                            ; DataMemory:dmem|ram[89][0]  ; yes                    ;
; DataMemory:dmem|ram[90][7]                            ; DataMemory:dmem|ram[90][0]  ; yes                    ;
; Number of user-specified and inferred latches = 1608  ;                             ;                        ;
+-------------------------------------------------------+-----------------------------+------------------------+
Table restricted to first 100 entries. Note: All latches listed above may not be present at the end of synthesis due to various synthesis optimizations.


+---------------------------------------------------------------+
; Logic Cells Representing Combinational Loops                  ;
+--------------------------------------------------------+------+
; Logic Cell Name                                        ;      ;
+--------------------------------------------------------+------+
; ALU:alu_u|Mux31~0                                      ;      ;
; ALU:alu_u|Mux30~0                                      ;      ;
; ALU:alu_u|Mux29~0                                      ;      ;
; ALU:alu_u|Mux28~0                                      ;      ;
; ALU:alu_u|Mux27~0                                      ;      ;
; ALU:alu_u|Mux26~0                                      ;      ;
; ALU:alu_u|Mux25~0                                      ;      ;
; ALU:alu_u|Mux24~0                                      ;      ;
; ALU:alu_u|Mux23~0                                      ;      ;
; ALU:alu_u|Mux22~0                                      ;      ;
; RegisterFile:regs|reg_file_flat[894]                   ;      ;
; RegisterFile:regs|reg_file_flat[958]                   ;      ;
; RegisterFile:regs|reg_file_flat[926]                   ;      ;
; RegisterFile:regs|reg_file_flat[990]                   ;      ;
; RegisterFile:regs|reg_file_flat[1022]                  ;      ;
; RegisterFile:regs|reg_file_flat[62]                    ;      ;
; ALU:alu_u|Mux1~0                                       ;      ;
; rtl~122                                                ;      ;
; rtl~121                                                ;      ;
; rtl~120                                                ;      ;
; rtl~119                                                ;      ;
; rtl~124                                                ;      ;
; rtl~123                                                ;      ;
; rtl~118                                                ;      ;
; rtl~117                                                ;      ;
; rtl~56                                                 ;      ;
; rtl~55                                                 ;      ;
; rtl~62                                                 ;      ;
; rtl~61                                                 ;      ;
; rtl~58                                                 ;      ;
; rtl~57                                                 ;      ;
; rtl~60                                                 ;      ;
; rtl~59                                                 ;      ;
; RegisterFile:regs|reg_file_flat[94]                    ;      ;
; RegisterFile:regs|reg_file_flat[254]                   ;      ;
; RegisterFile:regs|reg_file_flat[318]                   ;      ;
; RegisterFile:regs|reg_file_flat[286]                   ;      ;
; RegisterFile:regs|debug_a0[30]                         ;      ;
; RegisterFile:regs|reg_file_flat[126]                   ;      ;
; RegisterFile:regs|reg_file_flat[190]                   ;      ;
; RegisterFile:regs|reg_file_flat[158]                   ;      ;
; RegisterFile:regs|reg_file_flat[222]                   ;      ;
; RegisterFile:regs|reg_file_flat[382]                   ;      ;
; RegisterFile:regs|reg_file_flat[510]                   ;      ;
; RegisterFile:regs|reg_file_flat[638]                   ;      ;
; RegisterFile:regs|reg_file_flat[766]                   ;      ;
; RegisterFile:regs|reg_file_flat[446]                   ;      ;
; RegisterFile:regs|reg_file_flat[574]                   ;      ;
; RegisterFile:regs|reg_file_flat[702]                   ;      ;
; RegisterFile:regs|reg_file_flat[830]                   ;      ;
; RegisterFile:regs|reg_file_flat[414]                   ;      ;
; RegisterFile:regs|reg_file_flat[542]                   ;      ;
; RegisterFile:regs|reg_file_flat[670]                   ;      ;
; RegisterFile:regs|reg_file_flat[798]                   ;      ;
; RegisterFile:regs|reg_file_flat[478]                   ;      ;
; RegisterFile:regs|reg_file_flat[606]                   ;      ;
; RegisterFile:regs|reg_file_flat[734]                   ;      ;
; RegisterFile:regs|reg_file_flat[862]                   ;      ;
; RegisterFile:regs|reg_file_flat[893]                   ;      ;
; RegisterFile:regs|reg_file_flat[957]                   ;      ;
; RegisterFile:regs|reg_file_flat[925]                   ;      ;
; RegisterFile:regs|reg_file_flat[989]                   ;      ;
; RegisterFile:regs|reg_file_flat[1021]                  ;      ;
; RegisterFile:regs|reg_file_flat[61]                    ;      ;
; ALU:alu_u|Mux2~0                                       ;      ;
; RegisterFile:regs|reg_file_flat[93]                    ;      ;
; RegisterFile:regs|reg_file_flat[253]                   ;      ;
; RegisterFile:regs|reg_file_flat[317]                   ;      ;
; RegisterFile:regs|reg_file_flat[285]                   ;      ;
; RegisterFile:regs|debug_a0[29]                         ;      ;
; RegisterFile:regs|reg_file_flat[125]                   ;      ;
; RegisterFile:regs|reg_file_flat[189]                   ;      ;
; RegisterFile:regs|reg_file_flat[157]                   ;      ;
; RegisterFile:regs|reg_file_flat[221]                   ;      ;
; RegisterFile:regs|reg_file_flat[381]                   ;      ;
; RegisterFile:regs|reg_file_flat[509]                   ;      ;
; RegisterFile:regs|reg_file_flat[637]                   ;      ;
; RegisterFile:regs|reg_file_flat[765]                   ;      ;
; RegisterFile:regs|reg_file_flat[445]                   ;      ;
; RegisterFile:regs|reg_file_flat[573]                   ;      ;
; RegisterFile:regs|reg_file_flat[701]                   ;      ;
; RegisterFile:regs|reg_file_flat[829]                   ;      ;
; RegisterFile:regs|reg_file_flat[413]                   ;      ;
; RegisterFile:regs|reg_file_flat[541]                   ;      ;
; RegisterFile:regs|reg_file_flat[669]                   ;      ;
; RegisterFile:regs|reg_file_flat[797]                   ;      ;
; RegisterFile:regs|reg_file_flat[477]                   ;      ;
; RegisterFile:regs|reg_file_flat[605]                   ;      ;
; RegisterFile:regs|reg_file_flat[733]                   ;      ;
; RegisterFile:regs|reg_file_flat[861]                   ;      ;
; RegisterFile:regs|reg_file_flat[892]                   ;      ;
; RegisterFile:regs|reg_file_flat[956]                   ;      ;
; RegisterFile:regs|reg_file_flat[924]                   ;      ;
; RegisterFile:regs|reg_file_flat[988]                   ;      ;
; RegisterFile:regs|reg_file_flat[1020]                  ;      ;
; RegisterFile:regs|reg_file_flat[60]                    ;      ;
; ALU:alu_u|Mux3~0                                       ;      ;
; RegisterFile:regs|reg_file_flat[92]                    ;      ;
; RegisterFile:regs|reg_file_flat[252]                   ;      ;
; RegisterFile:regs|reg_file_flat[316]                   ;      ;
; Number of logic cells representing combinational loops ; 1047 ;
+--------------------------------------------------------+------+
Table restricted to first 100 entries. Note: All cells listed above may not be present at the end of synthesis due to various synthesis optimizations.


+------------------------------------------------------+
; General Register Statistics                          ;
+----------------------------------------------+-------+
; Statistic                                    ; Value ;
+----------------------------------------------+-------+
; Total registers                              ; 53    ;
; Number of registers using Synchronous Clear  ; 20    ;
; Number of registers using Synchronous Load   ; 30    ;
; Number of registers using Asynchronous Clear ; 53    ;
; Number of registers using Asynchronous Load  ; 0     ;
; Number of registers using Clock Enable       ; 12    ;
; Number of registers using Preset             ; 0     ;
+----------------------------------------------+-------+


+---------------------------------------------------------------------------------------------------------------------------------------------------------------+
; Multiplexer Restructuring Statistics (Restructuring Performed)                                                                                                ;
+--------------------+-----------+---------------+----------------------+------------------------+------------+-------------------------------------------------+
; Multiplexer Inputs ; Bus Width ; Baseline Area ; Area if Restructured ; Saving if Restructured ; Registered ; Example Multiplexer Output                      ;
+--------------------+-----------+---------------+----------------------+------------------------+------------+-------------------------------------------------+
; 4:1                ; 201 bits  ; 402 LEs       ; 402 LEs              ; 0 LEs                  ; No         ; |RISCV_Core|DataMemory:dmem|Mux1857             ;
; 3:1                ; 32 bits   ; 64 LEs        ; 64 LEs               ; 0 LEs                  ; No         ; |RISCV_Core|RegisterFile:regs|reg_file_flat[10] ;
; 4:1                ; 2 bits    ; 4 LEs         ; 4 LEs                ; 0 LEs                  ; No         ; |RISCV_Core|ALU:alu_u|ShiftLeft0                ;
; 4:1                ; 49 bits   ; 98 LEs        ; 98 LEs               ; 0 LEs                  ; No         ; |RISCV_Core|ALU:alu_u|ShiftRight1               ;
; 4:1                ; 4 bits    ; 8 LEs         ; 8 LEs                ; 0 LEs                  ; No         ; |RISCV_Core|ALU:alu_u|ShiftRight0               ;
; 4:1                ; 4 bits    ; 8 LEs         ; 8 LEs                ; 0 LEs                  ; No         ; |RISCV_Core|ALU:alu_u|ShiftRight1               ;
; 4:1                ; 4 bits    ; 8 LEs         ; 8 LEs                ; 0 LEs                  ; No         ; |RISCV_Core|ALU:alu_u|ShiftLeft0                ;
; 4:1                ; 4 bits    ; 8 LEs         ; 8 LEs                ; 0 LEs                  ; No         ; |RISCV_Core|ALU:alu_u|ShiftLeft0                ;
; 4:1                ; 4 bits    ; 8 LEs         ; 8 LEs                ; 0 LEs                  ; No         ; |RISCV_Core|ALU:alu_u|ShiftLeft0                ;
; 32:1               ; 32 bits   ; 672 LEs       ; 672 LEs              ; 0 LEs                  ; No         ; |RISCV_Core|vga_debug_monitor:debug_vga|Mux1    ;
; 32:1               ; 8 bits    ; 168 LEs       ; 56 LEs               ; 112 LEs                ; No         ; |RISCV_Core|ImmGen:igen|Selector17              ;
; 32:1               ; 4 bits    ; 84 LEs        ; 28 LEs               ; 56 LEs                 ; No         ; |RISCV_Core|ImmGen:igen|Selector22              ;
; 32:1               ; 32 bits   ; 672 LEs       ; 672 LEs              ; 0 LEs                  ; No         ; |RISCV_Core|vga_debug_monitor:debug_vga|Mux55   ;
; 5:1                ; 8 bits    ; 24 LEs        ; 16 LEs               ; 8 LEs                  ; No         ; |RISCV_Core|DataMemory:dmem|Mux7                ;
; 5:1                ; 8 bits    ; 24 LEs        ; 16 LEs               ; 8 LEs                  ; No         ; |RISCV_Core|DataMemory:dmem|Mux14               ;
; 5:1                ; 8 bits    ; 24 LEs        ; 16 LEs               ; 8 LEs                  ; No         ; |RISCV_Core|DataMemory:dmem|Mux22               ;
; 5:1                ; 8 bits    ; 24 LEs        ; 16 LEs               ; 8 LEs                  ; No         ; |RISCV_Core|DataMemory:dmem|Mux29               ;
; 5:1                ; 8 bits    ; 24 LEs        ; 16 LEs               ; 8 LEs                  ; No         ; |RISCV_Core|DataMemory:dmem|Mux36               ;
; 5:1                ; 8 bits    ; 24 LEs        ; 16 LEs               ; 8 LEs                  ; No         ; |RISCV_Core|DataMemory:dmem|Mux43               ;
; 5:1                ; 8 bits    ; 24 LEs        ; 16 LEs               ; 8 LEs                  ; No         ; |RISCV_Core|DataMemory:dmem|Mux51               ;
; 5:1                ; 8 bits    ; 24 LEs        ; 16 LEs               ; 8 LEs                  ; No         ; |RISCV_Core|DataMemory:dmem|Mux59               ;
; 5:1                ; 8 bits    ; 24 LEs        ; 16 LEs               ; 8 LEs                  ; No         ; |RISCV_Core|DataMemory:dmem|Mux71               ;
; 5:1                ; 8 bits    ; 24 LEs        ; 16 LEs               ; 8 LEs                  ; No         ; |RISCV_Core|DataMemory:dmem|Mux76               ;
; 5:1                ; 8 bits    ; 24 LEs        ; 16 LEs               ; 8 LEs                  ; No         ; |RISCV_Core|DataMemory:dmem|Mux81               ;
; 5:1                ; 8 bits    ; 24 LEs        ; 16 LEs               ; 8 LEs                  ; No         ; |RISCV_Core|DataMemory:dmem|Mux89               ;
; 5:1                ; 8 bits    ; 24 LEs        ; 16 LEs               ; 8 LEs                  ; No         ; |RISCV_Core|DataMemory:dmem|Mux99               ;
; 5:1                ; 8 bits    ; 24 LEs        ; 16 LEs               ; 8 LEs                  ; No         ; |RISCV_Core|DataMemory:dmem|Mux109              ;
; 5:1                ; 8 bits    ; 24 LEs        ; 16 LEs               ; 8 LEs                  ; No         ; |RISCV_Core|DataMemory:dmem|Mux118              ;
; 5:1                ; 8 bits    ; 24 LEs        ; 16 LEs               ; 8 LEs                  ; No         ; |RISCV_Core|DataMemory:dmem|Mux126              ;
; 5:1                ; 8 bits    ; 24 LEs        ; 16 LEs               ; 8 LEs                  ; No         ; |RISCV_Core|DataMemory:dmem|Mux134              ;
; 5:1                ; 8 bits    ; 24 LEs        ; 16 LEs               ; 8 LEs                  ; No         ; |RISCV_Core|DataMemory:dmem|Mux128              ;
; 5:1                ; 8 bits    ; 24 LEs        ; 16 LEs               ; 8 LEs                  ; No         ; |RISCV_Core|DataMemory:dmem|Mux145              ;
; 5:1                ; 8 bits    ; 24 LEs        ; 16 LEs               ; 8 LEs                  ; No         ; |RISCV_Core|DataMemory:dmem|Mux155              ;
; 5:1                ; 8 bits    ; 24 LEs        ; 16 LEs               ; 8 LEs                  ; No         ; |RISCV_Core|DataMemory:dmem|Mux167              ;
; 5:1                ; 8 bits    ; 24 LEs        ; 16 LEs               ; 8 LEs                  ; No         ; |RISCV_Core|DataMemory:dmem|Mux160              ;
; 5:1                ; 8 bits    ; 24 LEs        ; 16 LEs               ; 8 LEs                  ; No         ; |RISCV_Core|DataMemory:dmem|Mux168              ;
; 5:1                ; 8 bits    ; 24 LEs        ; 16 LEs               ; 8 LEs                  ; No         ; |RISCV_Core|DataMemory:dmem|Mux185              ;
; 5:1                ; 8 bits    ; 24 LEs        ; 16 LEs               ; 8 LEs                  ; No         ; |RISCV_Core|DataMemory:dmem|Mux198              ;
; 5:1                ; 8 bits    ; 24 LEs        ; 16 LEs               ; 8 LEs                  ; No         ; |RISCV_Core|DataMemory:dmem|Mux207              ;
; 5:1                ; 8 bits    ; 24 LEs        ; 16 LEs               ; 8 LEs                  ; No         ; |RISCV_Core|DataMemory:dmem|Mux215              ;
; 5:1                ; 8 bits    ; 24 LEs        ; 16 LEs               ; 8 LEs                  ; No         ; |RISCV_Core|DataMemory:dmem|Mux217              ;
; 5:1                ; 8 bits    ; 24 LEs        ; 16 LEs               ; 8 LEs                  ; No         ; |RISCV_Core|DataMemory:dmem|Mux227              ;
; 5:1                ; 8 bits    ; 24 LEs        ; 16 LEs               ; 8 LEs                  ; No         ; |RISCV_Core|DataMemory:dmem|Mux239              ;
; 5:1                ; 8 bits    ; 24 LEs        ; 16 LEs               ; 8 LEs                  ; No         ; |RISCV_Core|DataMemory:dmem|Mux247              ;
; 5:1                ; 8 bits    ; 24 LEs        ; 16 LEs               ; 8 LEs                  ; No         ; |RISCV_Core|DataMemory:dmem|Mux253              ;
; 5:1                ; 8 bits    ; 24 LEs        ; 16 LEs               ; 8 LEs                  ; No         ; |RISCV_Core|DataMemory:dmem|Mux248              ;
; 5:1                ; 8 bits    ; 24 LEs        ; 16 LEs               ; 8 LEs                  ; No         ; |RISCV_Core|DataMemory:dmem|Mux268              ;
; 5:1                ; 8 bits    ; 24 LEs        ; 16 LEs               ; 8 LEs                  ; No         ; |RISCV_Core|DataMemory:dmem|Mux275              ;
; 5:1                ; 8 bits    ; 24 LEs        ; 16 LEs               ; 8 LEs                  ; No         ; |RISCV_Core|DataMemory:dmem|Mux281              ;
; 5:1                ; 8 bits    ; 24 LEs        ; 16 LEs               ; 8 LEs                  ; No         ; |RISCV_Core|DataMemory:dmem|Mux280              ;
; 5:1                ; 8 bits    ; 24 LEs        ; 16 LEs               ; 8 LEs                  ; No         ; |RISCV_Core|DataMemory:dmem|Mux297              ;
; 5:1                ; 8 bits    ; 24 LEs        ; 16 LEs               ; 8 LEs                  ; No         ; |RISCV_Core|DataMemory:dmem|Mux311              ;
; 5:1                ; 8 bits    ; 24 LEs        ; 16 LEs               ; 8 LEs                  ; No         ; |RISCV_Core|DataMemory:dmem|Mux318              ;
; 5:1                ; 8 bits    ; 24 LEs        ; 16 LEs               ; 8 LEs                  ; No         ; |RISCV_Core|DataMemory:dmem|Mux327              ;
; 5:1                ; 8 bits    ; 24 LEs        ; 16 LEs               ; 8 LEs                  ; No         ; |RISCV_Core|DataMemory:dmem|Mux335              ;
; 5:1                ; 8 bits    ; 24 LEs        ; 16 LEs               ; 8 LEs                  ; No         ; |RISCV_Core|DataMemory:dmem|Mux340              ;
; 5:1                ; 8 bits    ; 24 LEs        ; 16 LEs               ; 8 LEs                  ; No         ; |RISCV_Core|DataMemory:dmem|Mux350              ;
; 5:1                ; 8 bits    ; 24 LEs        ; 16 LEs               ; 8 LEs                  ; No         ; |RISCV_Core|DataMemory:dmem|Mux353              ;
; 5:1                ; 8 bits    ; 24 LEs        ; 16 LEs               ; 8 LEs                  ; No         ; |RISCV_Core|DataMemory:dmem|Mux364              ;
; 5:1                ; 8 bits    ; 24 LEs        ; 16 LEs               ; 8 LEs                  ; No         ; |RISCV_Core|DataMemory:dmem|Mux375              ;
; 5:1                ; 8 bits    ; 24 LEs        ; 16 LEs               ; 8 LEs                  ; No         ; |RISCV_Core|DataMemory:dmem|Mux377              ;
; 5:1                ; 8 bits    ; 24 LEs        ; 16 LEs               ; 8 LEs                  ; No         ; |RISCV_Core|DataMemory:dmem|Mux389              ;
; 5:1                ; 8 bits    ; 24 LEs        ; 16 LEs               ; 8 LEs                  ; No         ; |RISCV_Core|DataMemory:dmem|Mux394              ;
; 5:1                ; 8 bits    ; 24 LEs        ; 16 LEs               ; 8 LEs                  ; No         ; |RISCV_Core|DataMemory:dmem|Mux407              ;
; 5:1                ; 8 bits    ; 24 LEs        ; 16 LEs               ; 8 LEs                  ; No         ; |RISCV_Core|DataMemory:dmem|Mux400              ;
; 5:1                ; 8 bits    ; 24 LEs        ; 16 LEs               ; 8 LEs                  ; No         ; |RISCV_Core|DataMemory:dmem|Mux423              ;
; 5:1                ; 8 bits    ; 24 LEs        ; 16 LEs               ; 8 LEs                  ; No         ; |RISCV_Core|DataMemory:dmem|Mux425              ;
; 5:1                ; 8 bits    ; 24 LEs        ; 16 LEs               ; 8 LEs                  ; No         ; |RISCV_Core|DataMemory:dmem|Mux439              ;
; 5:1                ; 8 bits    ; 24 LEs        ; 16 LEs               ; 8 LEs                  ; No         ; |RISCV_Core|DataMemory:dmem|Mux432              ;
; 5:1                ; 8 bits    ; 24 LEs        ; 16 LEs               ; 8 LEs                  ; No         ; |RISCV_Core|DataMemory:dmem|Mux440              ;
; 5:1                ; 8 bits    ; 24 LEs        ; 16 LEs               ; 8 LEs                  ; No         ; |RISCV_Core|DataMemory:dmem|Mux460              ;
; 5:1                ; 8 bits    ; 24 LEs        ; 16 LEs               ; 8 LEs                  ; No         ; |RISCV_Core|DataMemory:dmem|Mux465              ;
; 5:1                ; 8 bits    ; 24 LEs        ; 16 LEs               ; 8 LEs                  ; No         ; |RISCV_Core|DataMemory:dmem|Mux473              ;
; 5:1                ; 8 bits    ; 24 LEs        ; 16 LEs               ; 8 LEs                  ; No         ; |RISCV_Core|DataMemory:dmem|Mux481              ;
; 5:1                ; 8 bits    ; 24 LEs        ; 16 LEs               ; 8 LEs                  ; No         ; |RISCV_Core|DataMemory:dmem|Mux489              ;
; 5:1                ; 8 bits    ; 24 LEs        ; 16 LEs               ; 8 LEs                  ; No         ; |RISCV_Core|DataMemory:dmem|Mux497              ;
; 5:1                ; 8 bits    ; 24 LEs        ; 16 LEs               ; 8 LEs                  ; No         ; |RISCV_Core|DataMemory:dmem|Mux510              ;
; 5:1                ; 8 bits    ; 24 LEs        ; 16 LEs               ; 8 LEs                  ; No         ; |RISCV_Core|DataMemory:dmem|Mux514              ;
; 5:1                ; 8 bits    ; 24 LEs        ; 16 LEs               ; 8 LEs                  ; No         ; |RISCV_Core|DataMemory:dmem|Mux527              ;
; 5:1                ; 8 bits    ; 24 LEs        ; 16 LEs               ; 8 LEs                  ; No         ; |RISCV_Core|DataMemory:dmem|Mux531              ;
; 5:1                ; 8 bits    ; 24 LEs        ; 16 LEs               ; 8 LEs                  ; No         ; |RISCV_Core|DataMemory:dmem|Mux528              ;
; 5:1                ; 8 bits    ; 24 LEs        ; 16 LEs               ; 8 LEs                  ; No         ; |RISCV_Core|DataMemory:dmem|Mux548              ;
; 5:1                ; 8 bits    ; 24 LEs        ; 16 LEs               ; 8 LEs                  ; No         ; |RISCV_Core|DataMemory:dmem|Mux559              ;
; 5:1                ; 8 bits    ; 24 LEs        ; 16 LEs               ; 8 LEs                  ; No         ; |RISCV_Core|DataMemory:dmem|Mux562              ;
; 5:1                ; 8 bits    ; 24 LEs        ; 16 LEs               ; 8 LEs                  ; No         ; |RISCV_Core|DataMemory:dmem|Mux570              ;
; 5:1                ; 8 bits    ; 24 LEs        ; 16 LEs               ; 8 LEs                  ; No         ; |RISCV_Core|DataMemory:dmem|Mux582              ;
; 5:1                ; 8 bits    ; 24 LEs        ; 16 LEs               ; 8 LEs                  ; No         ; |RISCV_Core|DataMemory:dmem|Mux585              ;
; 5:1                ; 8 bits    ; 24 LEs        ; 16 LEs               ; 8 LEs                  ; No         ; |RISCV_Core|DataMemory:dmem|Mux593              ;
; 5:1                ; 8 bits    ; 24 LEs        ; 16 LEs               ; 8 LEs                  ; No         ; |RISCV_Core|DataMemory:dmem|Mux601              ;
; 5:1                ; 8 bits    ; 24 LEs        ; 16 LEs               ; 8 LEs                  ; No         ; |RISCV_Core|DataMemory:dmem|Mux611              ;
; 5:1                ; 8 bits    ; 24 LEs        ; 16 LEs               ; 8 LEs                  ; No         ; |RISCV_Core|DataMemory:dmem|Mux618              ;
; 5:1                ; 8 bits    ; 24 LEs        ; 16 LEs               ; 8 LEs                  ; No         ; |RISCV_Core|DataMemory:dmem|Mux626              ;
; 5:1                ; 8 bits    ; 24 LEs        ; 16 LEs               ; 8 LEs                  ; No         ; |RISCV_Core|DataMemory:dmem|Mux636              ;
; 5:1                ; 8 bits    ; 24 LEs        ; 16 LEs               ; 8 LEs                  ; No         ; |RISCV_Core|DataMemory:dmem|Mux646              ;
; 5:1                ; 8 bits    ; 24 LEs        ; 16 LEs               ; 8 LEs                  ; No         ; |RISCV_Core|DataMemory:dmem|Mux655              ;
; 5:1                ; 8 bits    ; 24 LEs        ; 16 LEs               ; 8 LEs                  ; No         ; |RISCV_Core|DataMemory:dmem|Mux660              ;
; 5:1                ; 8 bits    ; 24 LEs        ; 16 LEs               ; 8 LEs                  ; No         ; |RISCV_Core|DataMemory:dmem|Mux668              ;
; 5:1                ; 8 bits    ; 24 LEs        ; 16 LEs               ; 8 LEs                  ; No         ; |RISCV_Core|DataMemory:dmem|Mux676              ;
; 5:1                ; 8 bits    ; 24 LEs        ; 16 LEs               ; 8 LEs                  ; No         ; |RISCV_Core|DataMemory:dmem|Mux684              ;
; 5:1                ; 8 bits    ; 24 LEs        ; 16 LEs               ; 8 LEs                  ; No         ; |RISCV_Core|DataMemory:dmem|Mux695              ;
; 5:1                ; 8 bits    ; 24 LEs        ; 16 LEs               ; 8 LEs                  ; No         ; |RISCV_Core|DataMemory:dmem|Mux688              ;
; 5:1                ; 8 bits    ; 24 LEs        ; 16 LEs               ; 8 LEs                  ; No         ; |RISCV_Core|DataMemory:dmem|Mux708              ;
; 5:1                ; 8 bits    ; 24 LEs        ; 16 LEs               ; 8 LEs                  ; No         ; |RISCV_Core|DataMemory:dmem|Mux704              ;
; 5:1                ; 8 bits    ; 24 LEs        ; 16 LEs               ; 8 LEs                  ; No         ; |RISCV_Core|DataMemory:dmem|Mux723              ;
; 5:1                ; 8 bits    ; 24 LEs        ; 16 LEs               ; 8 LEs                  ; No         ; |RISCV_Core|DataMemory:dmem|Mux734              ;
; 5:1                ; 8 bits    ; 24 LEs        ; 16 LEs               ; 8 LEs                  ; No         ; |RISCV_Core|DataMemory:dmem|Mux742              ;
; 5:1                ; 8 bits    ; 24 LEs        ; 16 LEs               ; 8 LEs                  ; No         ; |RISCV_Core|DataMemory:dmem|Mux750              ;
; 5:1                ; 8 bits    ; 24 LEs        ; 16 LEs               ; 8 LEs                  ; No         ; |RISCV_Core|DataMemory:dmem|Mux755              ;
; 5:1                ; 8 bits    ; 24 LEs        ; 16 LEs               ; 8 LEs                  ; No         ; |RISCV_Core|DataMemory:dmem|Mux765              ;
; 5:1                ; 8 bits    ; 24 LEs        ; 16 LEs               ; 8 LEs                  ; No         ; |RISCV_Core|DataMemory:dmem|Mux773              ;
; 5:1                ; 8 bits    ; 24 LEs        ; 16 LEs               ; 8 LEs                  ; No         ; |RISCV_Core|DataMemory:dmem|Mux782              ;
; 5:1                ; 8 bits    ; 24 LEs        ; 16 LEs               ; 8 LEs                  ; No         ; |RISCV_Core|DataMemory:dmem|Mux790              ;
; 5:1                ; 8 bits    ; 24 LEs        ; 16 LEs               ; 8 LEs                  ; No         ; |RISCV_Core|DataMemory:dmem|Mux793              ;
; 5:1                ; 8 bits    ; 24 LEs        ; 16 LEs               ; 8 LEs                  ; No         ; |RISCV_Core|DataMemory:dmem|Mux802              ;
; 5:1                ; 8 bits    ; 24 LEs        ; 16 LEs               ; 8 LEs                  ; No         ; |RISCV_Core|DataMemory:dmem|Mux810              ;
; 5:1                ; 8 bits    ; 24 LEs        ; 16 LEs               ; 8 LEs                  ; No         ; |RISCV_Core|DataMemory:dmem|Mux821              ;
; 5:1                ; 8 bits    ; 24 LEs        ; 16 LEs               ; 8 LEs                  ; No         ; |RISCV_Core|DataMemory:dmem|Mux828              ;
; 5:1                ; 8 bits    ; 24 LEs        ; 16 LEs               ; 8 LEs                  ; No         ; |RISCV_Core|DataMemory:dmem|Mux837              ;
; 5:1                ; 8 bits    ; 24 LEs        ; 16 LEs               ; 8 LEs                  ; No         ; |RISCV_Core|DataMemory:dmem|Mux845              ;
; 5:1                ; 8 bits    ; 24 LEs        ; 16 LEs               ; 8 LEs                  ; No         ; |RISCV_Core|DataMemory:dmem|Mux853              ;
; 5:1                ; 8 bits    ; 24 LEs        ; 16 LEs               ; 8 LEs                  ; No         ; |RISCV_Core|DataMemory:dmem|Mux861              ;
; 5:1                ; 8 bits    ; 24 LEs        ; 16 LEs               ; 8 LEs                  ; No         ; |RISCV_Core|DataMemory:dmem|Mux866              ;
; 5:1                ; 8 bits    ; 24 LEs        ; 16 LEs               ; 8 LEs                  ; No         ; |RISCV_Core|DataMemory:dmem|Mux864              ;
; 5:1                ; 8 bits    ; 24 LEs        ; 16 LEs               ; 8 LEs                  ; No         ; |RISCV_Core|DataMemory:dmem|Mux884              ;
; 5:1                ; 8 bits    ; 24 LEs        ; 16 LEs               ; 8 LEs                  ; No         ; |RISCV_Core|DataMemory:dmem|Mux890              ;
; 5:1                ; 8 bits    ; 24 LEs        ; 16 LEs               ; 8 LEs                  ; No         ; |RISCV_Core|DataMemory:dmem|Mux888              ;
; 5:1                ; 8 bits    ; 24 LEs        ; 16 LEs               ; 8 LEs                  ; No         ; |RISCV_Core|DataMemory:dmem|Mux910              ;
; 5:1                ; 8 bits    ; 24 LEs        ; 16 LEs               ; 8 LEs                  ; No         ; |RISCV_Core|DataMemory:dmem|Mux918              ;
; 5:1                ; 8 bits    ; 24 LEs        ; 16 LEs               ; 8 LEs                  ; No         ; |RISCV_Core|DataMemory:dmem|Mux926              ;
; 5:1                ; 8 bits    ; 24 LEs        ; 16 LEs               ; 8 LEs                  ; No         ; |RISCV_Core|DataMemory:dmem|Mux935              ;
; 5:1                ; 8 bits    ; 24 LEs        ; 16 LEs               ; 8 LEs                  ; No         ; |RISCV_Core|DataMemory:dmem|Mux943              ;
; 5:1                ; 8 bits    ; 24 LEs        ; 16 LEs               ; 8 LEs                  ; No         ; |RISCV_Core|DataMemory:dmem|Mux951              ;
; 5:1                ; 8 bits    ; 24 LEs        ; 16 LEs               ; 8 LEs                  ; No         ; |RISCV_Core|DataMemory:dmem|Mux959              ;
; 5:1                ; 8 bits    ; 24 LEs        ; 16 LEs               ; 8 LEs                  ; No         ; |RISCV_Core|DataMemory:dmem|Mux967              ;
; 5:1                ; 8 bits    ; 24 LEs        ; 16 LEs               ; 8 LEs                  ; No         ; |RISCV_Core|DataMemory:dmem|Mux960              ;
; 5:1                ; 8 bits    ; 24 LEs        ; 16 LEs               ; 8 LEs                  ; No         ; |RISCV_Core|DataMemory:dmem|Mux978              ;
; 5:1                ; 8 bits    ; 24 LEs        ; 16 LEs               ; 8 LEs                  ; No         ; |RISCV_Core|DataMemory:dmem|Mux985              ;
; 5:1                ; 8 bits    ; 24 LEs        ; 16 LEs               ; 8 LEs                  ; No         ; |RISCV_Core|DataMemory:dmem|Mux995              ;
; 5:1                ; 8 bits    ; 24 LEs        ; 16 LEs               ; 8 LEs                  ; No         ; |RISCV_Core|DataMemory:dmem|Mux1005             ;
; 5:1                ; 8 bits    ; 24 LEs        ; 16 LEs               ; 8 LEs                  ; No         ; |RISCV_Core|DataMemory:dmem|Mux1013             ;
; 5:1                ; 8 bits    ; 24 LEs        ; 16 LEs               ; 8 LEs                  ; No         ; |RISCV_Core|DataMemory:dmem|Mux1021             ;
; 5:1                ; 8 bits    ; 24 LEs        ; 16 LEs               ; 8 LEs                  ; No         ; |RISCV_Core|DataMemory:dmem|Mux1026             ;
; 5:1                ; 8 bits    ; 24 LEs        ; 16 LEs               ; 8 LEs                  ; No         ; |RISCV_Core|DataMemory:dmem|Mux1033             ;
; 5:1                ; 8 bits    ; 24 LEs        ; 16 LEs               ; 8 LEs                  ; No         ; |RISCV_Core|DataMemory:dmem|Mux1041             ;
; 5:1                ; 8 bits    ; 24 LEs        ; 16 LEs               ; 8 LEs                  ; No         ; |RISCV_Core|DataMemory:dmem|Mux1053             ;
; 5:1                ; 8 bits    ; 24 LEs        ; 16 LEs               ; 8 LEs                  ; No         ; |RISCV_Core|DataMemory:dmem|Mux1057             ;
; 5:1                ; 8 bits    ; 24 LEs        ; 16 LEs               ; 8 LEs                  ; No         ; |RISCV_Core|DataMemory:dmem|Mux1069             ;
; 5:1                ; 8 bits    ; 24 LEs        ; 16 LEs               ; 8 LEs                  ; No         ; |RISCV_Core|DataMemory:dmem|Mux1074             ;
; 5:1                ; 8 bits    ; 24 LEs        ; 16 LEs               ; 8 LEs                  ; No         ; |RISCV_Core|DataMemory:dmem|Mux1082             ;
; 5:1                ; 8 bits    ; 24 LEs        ; 16 LEs               ; 8 LEs                  ; No         ; |RISCV_Core|DataMemory:dmem|Mux1090             ;
; 5:1                ; 8 bits    ; 24 LEs        ; 16 LEs               ; 8 LEs                  ; No         ; |RISCV_Core|DataMemory:dmem|Mux1103             ;
; 5:1                ; 8 bits    ; 24 LEs        ; 16 LEs               ; 8 LEs                  ; No         ; |RISCV_Core|DataMemory:dmem|Mux1110             ;
; 5:1                ; 8 bits    ; 24 LEs        ; 16 LEs               ; 8 LEs                  ; No         ; |RISCV_Core|DataMemory:dmem|Mux1114             ;
; 5:1                ; 8 bits    ; 24 LEs        ; 16 LEs               ; 8 LEs                  ; No         ; |RISCV_Core|DataMemory:dmem|Mux1126             ;
; 5:1                ; 8 bits    ; 24 LEs        ; 16 LEs               ; 8 LEs                  ; No         ; |RISCV_Core|DataMemory:dmem|Mux1135             ;
; 5:1                ; 8 bits    ; 24 LEs        ; 16 LEs               ; 8 LEs                  ; No         ; |RISCV_Core|DataMemory:dmem|Mux1128             ;
; 5:1                ; 8 bits    ; 24 LEs        ; 16 LEs               ; 8 LEs                  ; No         ; |RISCV_Core|DataMemory:dmem|Mux1136             ;
; 5:1                ; 8 bits    ; 24 LEs        ; 16 LEs               ; 8 LEs                  ; No         ; |RISCV_Core|DataMemory:dmem|Mux1159             ;
; 5:1                ; 8 bits    ; 24 LEs        ; 16 LEs               ; 8 LEs                  ; No         ; |RISCV_Core|DataMemory:dmem|Mux1167             ;
; 5:1                ; 8 bits    ; 24 LEs        ; 16 LEs               ; 8 LEs                  ; No         ; |RISCV_Core|DataMemory:dmem|Mux1173             ;
; 5:1                ; 8 bits    ; 24 LEs        ; 16 LEs               ; 8 LEs                  ; No         ; |RISCV_Core|DataMemory:dmem|Mux1177             ;
; 5:1                ; 8 bits    ; 24 LEs        ; 16 LEs               ; 8 LEs                  ; No         ; |RISCV_Core|DataMemory:dmem|Mux1191             ;
; 5:1                ; 8 bits    ; 24 LEs        ; 16 LEs               ; 8 LEs                  ; No         ; |RISCV_Core|DataMemory:dmem|Mux1198             ;
; 5:1                ; 8 bits    ; 24 LEs        ; 16 LEs               ; 8 LEs                  ; No         ; |RISCV_Core|DataMemory:dmem|Mux1206             ;
; 5:1                ; 8 bits    ; 24 LEs        ; 16 LEs               ; 8 LEs                  ; No         ; |RISCV_Core|DataMemory:dmem|Mux1212             ;
; 5:1                ; 8 bits    ; 24 LEs        ; 16 LEs               ; 8 LEs                  ; No         ; |RISCV_Core|DataMemory:dmem|Mux1223             ;
; 5:1                ; 8 bits    ; 24 LEs        ; 16 LEs               ; 8 LEs                  ; No         ; |RISCV_Core|DataMemory:dmem|Mux1231             ;
; 5:1                ; 8 bits    ; 24 LEs        ; 16 LEs               ; 8 LEs                  ; No         ; |RISCV_Core|DataMemory:dmem|Mux1239             ;
; 5:1                ; 8 bits    ; 24 LEs        ; 16 LEs               ; 8 LEs                  ; No         ; |RISCV_Core|DataMemory:dmem|Mux1247             ;
; 5:1                ; 8 bits    ; 24 LEs        ; 16 LEs               ; 8 LEs                  ; No         ; |RISCV_Core|DataMemory:dmem|Mux1255             ;
; 5:1                ; 8 bits    ; 24 LEs        ; 16 LEs               ; 8 LEs                  ; No         ; |RISCV_Core|DataMemory:dmem|Mux1259             ;
; 5:1                ; 8 bits    ; 24 LEs        ; 16 LEs               ; 8 LEs                  ; No         ; |RISCV_Core|DataMemory:dmem|Mux1270             ;
; 5:1                ; 8 bits    ; 24 LEs        ; 16 LEs               ; 8 LEs                  ; No         ; |RISCV_Core|DataMemory:dmem|Mux1279             ;
; 5:1                ; 8 bits    ; 24 LEs        ; 16 LEs               ; 8 LEs                  ; No         ; |RISCV_Core|DataMemory:dmem|Mux1284             ;
; 5:1                ; 8 bits    ; 24 LEs        ; 16 LEs               ; 8 LEs                  ; No         ; |RISCV_Core|DataMemory:dmem|Mux1292             ;
; 5:1                ; 8 bits    ; 24 LEs        ; 16 LEs               ; 8 LEs                  ; No         ; |RISCV_Core|DataMemory:dmem|Mux1298             ;
; 5:1                ; 8 bits    ; 24 LEs        ; 16 LEs               ; 8 LEs                  ; No         ; |RISCV_Core|DataMemory:dmem|Mux1308             ;
; 5:1                ; 8 bits    ; 24 LEs        ; 16 LEs               ; 8 LEs                  ; No         ; |RISCV_Core|DataMemory:dmem|Mux1318             ;
; 5:1                ; 8 bits    ; 24 LEs        ; 16 LEs               ; 8 LEs                  ; No         ; |RISCV_Core|DataMemory:dmem|Mux1312             ;
; 5:1                ; 8 bits    ; 24 LEs        ; 16 LEs               ; 8 LEs                  ; No         ; |RISCV_Core|DataMemory:dmem|Mux1320             ;
; 5:1                ; 8 bits    ; 24 LEs        ; 16 LEs               ; 8 LEs                  ; No         ; |RISCV_Core|DataMemory:dmem|Mux1328             ;
; 5:1                ; 8 bits    ; 24 LEs        ; 16 LEs               ; 8 LEs                  ; No         ; |RISCV_Core|DataMemory:dmem|Mux1351             ;
; 5:1                ; 8 bits    ; 24 LEs        ; 16 LEs               ; 8 LEs                  ; No         ; |RISCV_Core|DataMemory:dmem|Mux1354             ;
; 5:1                ; 8 bits    ; 24 LEs        ; 16 LEs               ; 8 LEs                  ; No         ; |RISCV_Core|DataMemory:dmem|Mux1352             ;
; 5:1                ; 8 bits    ; 24 LEs        ; 16 LEs               ; 8 LEs                  ; No         ; |RISCV_Core|DataMemory:dmem|Mux1360             ;
; 5:1                ; 8 bits    ; 24 LEs        ; 16 LEs               ; 8 LEs                  ; No         ; |RISCV_Core|DataMemory:dmem|Mux1368             ;
; 5:1                ; 8 bits    ; 24 LEs        ; 16 LEs               ; 8 LEs                  ; No         ; |RISCV_Core|DataMemory:dmem|Mux1388             ;
; 5:1                ; 8 bits    ; 24 LEs        ; 16 LEs               ; 8 LEs                  ; No         ; |RISCV_Core|DataMemory:dmem|Mux1384             ;
; 5:1                ; 8 bits    ; 24 LEs        ; 16 LEs               ; 8 LEs                  ; No         ; |RISCV_Core|DataMemory:dmem|Mux1403             ;
; 5:1                ; 8 bits    ; 24 LEs        ; 16 LEs               ; 8 LEs                  ; No         ; |RISCV_Core|DataMemory:dmem|Mux1411             ;
; 5:1                ; 8 bits    ; 24 LEs        ; 16 LEs               ; 8 LEs                  ; No         ; |RISCV_Core|DataMemory:dmem|Mux1419             ;
; 5:1                ; 8 bits    ; 24 LEs        ; 16 LEs               ; 8 LEs                  ; No         ; |RISCV_Core|DataMemory:dmem|Mux1429             ;
; 5:1                ; 8 bits    ; 24 LEs        ; 16 LEs               ; 8 LEs                  ; No         ; |RISCV_Core|DataMemory:dmem|Mux1439             ;
; 5:1                ; 8 bits    ; 24 LEs        ; 16 LEs               ; 8 LEs                  ; No         ; |RISCV_Core|DataMemory:dmem|Mux1445             ;
; 5:1                ; 8 bits    ; 24 LEs        ; 16 LEs               ; 8 LEs                  ; No         ; |RISCV_Core|DataMemory:dmem|Mux1453             ;
; 5:1                ; 8 bits    ; 24 LEs        ; 16 LEs               ; 8 LEs                  ; No         ; |RISCV_Core|DataMemory:dmem|Mux1461             ;
; 5:1                ; 8 bits    ; 24 LEs        ; 16 LEs               ; 8 LEs                  ; No         ; |RISCV_Core|DataMemory:dmem|Mux1469             ;
; 5:1                ; 8 bits    ; 24 LEs        ; 16 LEs               ; 8 LEs                  ; No         ; |RISCV_Core|DataMemory:dmem|Mux1477             ;
; 5:1                ; 8 bits    ; 24 LEs        ; 16 LEs               ; 8 LEs                  ; No         ; |RISCV_Core|DataMemory:dmem|Mux1485             ;
; 5:1                ; 8 bits    ; 24 LEs        ; 16 LEs               ; 8 LEs                  ; No         ; |RISCV_Core|DataMemory:dmem|Mux1493             ;
; 5:1                ; 8 bits    ; 24 LEs        ; 16 LEs               ; 8 LEs                  ; No         ; |RISCV_Core|DataMemory:dmem|Mux1501             ;
; 5:1                ; 8 bits    ; 24 LEs        ; 16 LEs               ; 8 LEs                  ; No         ; |RISCV_Core|DataMemory:dmem|Mux1511             ;
; 5:1                ; 8 bits    ; 24 LEs        ; 16 LEs               ; 8 LEs                  ; No         ; |RISCV_Core|DataMemory:dmem|Mux1504             ;
; 5:1                ; 8 bits    ; 24 LEs        ; 16 LEs               ; 8 LEs                  ; No         ; |RISCV_Core|DataMemory:dmem|Mux1524             ;
; 5:1                ; 8 bits    ; 24 LEs        ; 16 LEs               ; 8 LEs                  ; No         ; |RISCV_Core|DataMemory:dmem|Mux1535             ;
; 5:1                ; 8 bits    ; 24 LEs        ; 16 LEs               ; 8 LEs                  ; No         ; |RISCV_Core|DataMemory:dmem|Mux1540             ;
; 5:1                ; 8 bits    ; 24 LEs        ; 16 LEs               ; 8 LEs                  ; No         ; |RISCV_Core|DataMemory:dmem|Mux1551             ;
; 5:1                ; 8 bits    ; 24 LEs        ; 16 LEs               ; 8 LEs                  ; No         ; |RISCV_Core|DataMemory:dmem|Mux1553             ;
; 5:1                ; 8 bits    ; 24 LEs        ; 16 LEs               ; 8 LEs                  ; No         ; |RISCV_Core|DataMemory:dmem|Mux1552             ;
; 5:1                ; 8 bits    ; 24 LEs        ; 16 LEs               ; 8 LEs                  ; No         ; |RISCV_Core|DataMemory:dmem|Mux1572             ;
; 5:1                ; 8 bits    ; 24 LEs        ; 16 LEs               ; 8 LEs                  ; No         ; |RISCV_Core|DataMemory:dmem|Mux1580             ;
; 5:1                ; 8 bits    ; 24 LEs        ; 16 LEs               ; 8 LEs                  ; No         ; |RISCV_Core|DataMemory:dmem|Mux1588             ;
; 5:1                ; 8 bits    ; 24 LEs        ; 16 LEs               ; 8 LEs                  ; No         ; |RISCV_Core|DataMemory:dmem|Mux1596             ;
; 5:1                ; 8 bits    ; 24 LEs        ; 16 LEs               ; 8 LEs                  ; No         ; |RISCV_Core|DataMemory:dmem|Mux1602             ;
; 33:1               ; 32 bits   ; 704 LEs       ; 704 LEs              ; 0 LEs                  ; No         ; |RISCV_Core|RegisterFile:regs|readData2[3]      ;
; 34:1               ; 32 bits   ; 704 LEs       ; 704 LEs              ; 0 LEs                  ; No         ; |RISCV_Core|comb                                ;
; 134:1              ; 8 bits    ; 712 LEs       ; 592 LEs              ; 120 LEs                ; No         ; |RISCV_Core|writeData[22]                       ;
; 19:1               ; 8 bits    ; 96 LEs        ; 88 LEs               ; 8 LEs                  ; No         ; |RISCV_Core|ALU:alu_u|Mux7                      ;
; 18:1               ; 5 bits    ; 60 LEs        ; 50 LEs               ; 10 LEs                 ; No         ; |RISCV_Core|ALU:alu_u|Mux26                     ;
; 262:1              ; 7 bits    ; 1218 LEs      ; 987 LEs              ; 231 LEs                ; No         ; |RISCV_Core|writeData[10]                       ;
; 262:1              ; 8 bits    ; 1392 LEs      ; 1128 LEs             ; 264 LEs                ; No         ; |RISCV_Core|writeData[30]                       ;
; 18:1               ; 3 bits    ; 36 LEs        ; 30 LEs               ; 6 LEs                  ; No         ; |RISCV_Core|ALU:alu_u|Mux18                     ;
; 20:1               ; 2 bits    ; 26 LEs        ; 22 LEs               ; 4 LEs                  ; No         ; |RISCV_Core|ALU:alu_u|Mux22                     ;
; 22:1               ; 3 bits    ; 42 LEs        ; 39 LEs               ; 3 LEs                  ; No         ; |RISCV_Core|ALU:alu_u|Mux2                      ;
; 21:1               ; 2 bits    ; 28 LEs        ; 24 LEs               ; 4 LEs                  ; No         ; |RISCV_Core|ALU:alu_u|Mux5                      ;
; 21:1               ; 3 bits    ; 42 LEs        ; 36 LEs               ; 6 LEs                  ; No         ; |RISCV_Core|ALU:alu_u|Mux28                     ;
+--------------------+-----------+---------------+----------------------+------------------------+------------+-------------------------------------------------+


+----------------------------------------------------------+
; Port Connectivity Checks: "vga_debug_monitor:debug_vga"  ;
+-------------+--------+----------+------------------------+
; Port        ; Type   ; Severity ; Details                ;
+-------------+--------+----------+------------------------+
; frame_pulse ; Output ; Info     ; Explicitly unconnected ;
; line_pulse  ; Output ; Info     ; Explicitly unconnected ;
+-------------+--------+----------+------------------------+


+---------------------------------------------------------------------------------------------------------------------+
; Port Connectivity Checks: "decodificador_7seg:dec5"                                                                 ;
+-----------+--------+----------+-------------------------------------------------------------------------------------+
; Port      ; Type   ; Severity ; Details                                                                             ;
+-----------+--------+----------+-------------------------------------------------------------------------------------+
; segmentos ; Output ; Info     ; Connected to dangling logic. Logic that only feeds a dangling port will be removed. ;
+-----------+--------+----------+-------------------------------------------------------------------------------------+


+---------------------------------------------------------------------------------------------------------------------+
; Port Connectivity Checks: "decodificador_7seg:dec4"                                                                 ;
+-----------+--------+----------+-------------------------------------------------------------------------------------+
; Port      ; Type   ; Severity ; Details                                                                             ;
+-----------+--------+----------+-------------------------------------------------------------------------------------+
; segmentos ; Output ; Info     ; Connected to dangling logic. Logic that only feeds a dangling port will be removed. ;
+-----------+--------+----------+-------------------------------------------------------------------------------------+


+---------------------------------------------------------------------------------------------------------------------+
; Port Connectivity Checks: "decodificador_7seg:dec3"                                                                 ;
+-----------+--------+----------+-------------------------------------------------------------------------------------+
; Port      ; Type   ; Severity ; Details                                                                             ;
+-----------+--------+----------+-------------------------------------------------------------------------------------+
; segmentos ; Output ; Info     ; Connected to dangling logic. Logic that only feeds a dangling port will be removed. ;
+-----------+--------+----------+-------------------------------------------------------------------------------------+


+---------------------------------------------------------------------------------------------------------------------+
; Port Connectivity Checks: "decodificador_7seg:dec2"                                                                 ;
+-----------+--------+----------+-------------------------------------------------------------------------------------+
; Port      ; Type   ; Severity ; Details                                                                             ;
+-----------+--------+----------+-------------------------------------------------------------------------------------+
; segmentos ; Output ; Info     ; Connected to dangling logic. Logic that only feeds a dangling port will be removed. ;
+-----------+--------+----------+-------------------------------------------------------------------------------------+


+---------------------------------------------------------------------------------------------------------------------+
; Port Connectivity Checks: "decodificador_7seg:dec1"                                                                 ;
+-----------+--------+----------+-------------------------------------------------------------------------------------+
; Port      ; Type   ; Severity ; Details                                                                             ;
+-----------+--------+----------+-------------------------------------------------------------------------------------+
; segmentos ; Output ; Info     ; Connected to dangling logic. Logic that only feeds a dangling port will be removed. ;
+-----------+--------+----------+-------------------------------------------------------------------------------------+


+---------------------------------------------------------------------------------------------------------------------+
; Port Connectivity Checks: "decodificador_7seg:dec0"                                                                 ;
+-----------+--------+----------+-------------------------------------------------------------------------------------+
; Port      ; Type   ; Severity ; Details                                                                             ;
+-----------+--------+----------+-------------------------------------------------------------------------------------+
; segmentos ; Output ; Info     ; Connected to dangling logic. Logic that only feeds a dangling port will be removed. ;
+-----------+--------+----------+-------------------------------------------------------------------------------------+


+----------------------------------------------------------------------------------------------------------------------------+
; Port Connectivity Checks: "RegisterFile:regs"                                                                              ;
+------------------+--------+----------+-------------------------------------------------------------------------------------+
; Port             ; Type   ; Severity ; Details                                                                             ;
+------------------+--------+----------+-------------------------------------------------------------------------------------+
; debug_a0[31..24] ; Output ; Info     ; Connected to dangling logic. Logic that only feeds a dangling port will be removed. ;
+------------------+--------+----------+-------------------------------------------------------------------------------------+


+-------------------------------------------------------------------------------------------------------------------+
; Port Connectivity Checks: "ControlUnit:ctrl"                                                                      ;
+---------+--------+----------+-------------------------------------------------------------------------------------+
; Port    ; Type   ; Severity ; Details                                                                             ;
+---------+--------+----------+-------------------------------------------------------------------------------------+
; memRead ; Output ; Info     ; Connected to dangling logic. Logic that only feeds a dangling port will be removed. ;
; ebreak  ; Output ; Info     ; Connected to dangling logic. Logic that only feeds a dangling port will be removed. ;
+---------+--------+----------+-------------------------------------------------------------------------------------+


+-----------------------------------------------------+
; Post-Synthesis Netlist Statistics for Top Partition ;
+-----------------------+-----------------------------+
; Type                  ; Count                       ;
+-----------------------+-----------------------------+
; arriav_ff             ; 53                          ;
;     CLR               ; 1                           ;
;     CLR SCLR          ; 10                          ;
;     CLR SLD           ; 30                          ;
;     ENA CLR           ; 2                           ;
;     ENA CLR SCLR      ; 10                          ;
; arriav_lcell_comb     ; 3323                        ;
;     arith             ; 115                         ;
;         1 data inputs ; 53                          ;
;         2 data inputs ; 1                           ;
;         3 data inputs ; 3                           ;
;         4 data inputs ; 4                           ;
;         5 data inputs ; 54                          ;
;     extend            ; 107                         ;
;         7 data inputs ; 107                         ;
;     normal            ; 3101                        ;
;         0 data inputs ; 1                           ;
;         1 data inputs ; 1                           ;
;         2 data inputs ; 84                          ;
;         3 data inputs ; 863                         ;
;         4 data inputs ; 635                         ;
;         5 data inputs ; 482                         ;
;         6 data inputs ; 1035                        ;
; boundary_port         ; 74                          ;
;                       ;                             ;
; Max LUT depth         ; 16.00                       ;
; Average LUT depth     ; 10.76                       ;
+-----------------------+-----------------------------+


+-------------------------------+
; Elapsed Time Per Partition    ;
+----------------+--------------+
; Partition Name ; Elapsed Time ;
+----------------+--------------+
; Top            ; 00:02:59     ;
+----------------+--------------+


+-------------------------------+
; Analysis & Synthesis Messages ;
+-------------------------------+
Info: *******************************************************************
Info: Running Quartus Prime Analysis & Synthesis
    Info: Version 25.1std.0 Build 1129 10/21/2025 SC Lite Edition
    Info: Processing started: Sat May  9 11:58:09 2026
Info: Command: quartus_map --read_settings_files=on --write_settings_files=off modulosveri -c modulosveri
Info (20032): Parallel compilation is enabled and will use up to 6 processors
Info (12021): Found 9 design units, including 9 entities, in source file modulosveri.sv
    Info (12023): Found entity 1: decodificador_7seg File: C:/Users/gomez/OneDrive/Escritorio/mini_proyectos/modulosveri.sv Line: 5
    Info (12023): Found entity 2: PC File: C:/Users/gomez/OneDrive/Escritorio/mini_proyectos/modulosveri.sv Line: 36
    Info (12023): Found entity 3: ImmGen File: C:/Users/gomez/OneDrive/Escritorio/mini_proyectos/modulosveri.sv Line: 50
    Info (12023): Found entity 4: RegisterFile File: C:/Users/gomez/OneDrive/Escritorio/mini_proyectos/modulosveri.sv Line: 69
    Info (12023): Found entity 5: ALU File: C:/Users/gomez/OneDrive/Escritorio/mini_proyectos/modulosveri.sv Line: 116
    Info (12023): Found entity 6: DataMemory File: C:/Users/gomez/OneDrive/Escritorio/mini_proyectos/modulosveri.sv Line: 147
    Info (12023): Found entity 7: ControlUnit File: C:/Users/gomez/OneDrive/Escritorio/mini_proyectos/modulosveri.sv Line: 214
    Info (12023): Found entity 8: ALUControl File: C:/Users/gomez/OneDrive/Escritorio/mini_proyectos/modulosveri.sv Line: 241
    Info (12023): Found entity 9: RISCV_Core File: C:/Users/gomez/OneDrive/Escritorio/mini_proyectos/modulosveri.sv Line: 274
Info (12021): Found 1 design units, including 1 entities, in source file vga_debug_monitor.sv
    Info (12023): Found entity 1: vga_debug_monitor File: C:/Users/gomez/OneDrive/Escritorio/mini_proyectos/vga_debug_monitor.sv Line: 1
Info (12127): Elaborating entity "RISCV_Core" for the top level hierarchy
Warning (10036): Verilog HDL or VHDL warning at modulosveri.sv(309): object "ebreak_signal" assigned a value but never read File: C:/Users/gomez/OneDrive/Escritorio/mini_proyectos/modulosveri.sv Line: 309
Warning (10850): Verilog HDL warning at modulosveri.sv(361): number of words (22) in memory file does not match the number of elements in the address range [0:127] File: C:/Users/gomez/OneDrive/Escritorio/mini_proyectos/modulosveri.sv Line: 361
Warning (10030): Net "rom.data_a" at modulosveri.sv(359) has no driver or initial value, using a default initial value '0' File: C:/Users/gomez/OneDrive/Escritorio/mini_proyectos/modulosveri.sv Line: 359
Warning (10030): Net "rom.waddr_a" at modulosveri.sv(359) has no driver or initial value, using a default initial value '0' File: C:/Users/gomez/OneDrive/Escritorio/mini_proyectos/modulosveri.sv Line: 359
Warning (10030): Net "rom.we_a" at modulosveri.sv(359) has no driver or initial value, using a default initial value '0' File: C:/Users/gomez/OneDrive/Escritorio/mini_proyectos/modulosveri.sv Line: 359
Warning (10034): Output port "HEX0" at modulosveri.sv(280) has no driver File: C:/Users/gomez/OneDrive/Escritorio/mini_proyectos/modulosveri.sv Line: 280
Warning (10034): Output port "HEX1" at modulosveri.sv(281) has no driver File: C:/Users/gomez/OneDrive/Escritorio/mini_proyectos/modulosveri.sv Line: 281
Warning (10034): Output port "HEX2" at modulosveri.sv(282) has no driver File: C:/Users/gomez/OneDrive/Escritorio/mini_proyectos/modulosveri.sv Line: 282
Warning (10034): Output port "HEX3" at modulosveri.sv(283) has no driver File: C:/Users/gomez/OneDrive/Escritorio/mini_proyectos/modulosveri.sv Line: 283
Warning (10034): Output port "HEX4" at modulosveri.sv(284) has no driver File: C:/Users/gomez/OneDrive/Escritorio/mini_proyectos/modulosveri.sv Line: 284
Warning (10034): Output port "HEX5" at modulosveri.sv(285) has no driver File: C:/Users/gomez/OneDrive/Escritorio/mini_proyectos/modulosveri.sv Line: 285
Info (12128): Elaborating entity "PC" for hierarchy "PC:pc_unit" File: C:/Users/gomez/OneDrive/Escritorio/mini_proyectos/modulosveri.sv Line: 356
Info (12128): Elaborating entity "ControlUnit" for hierarchy "ControlUnit:ctrl" File: C:/Users/gomez/OneDrive/Escritorio/mini_proyectos/modulosveri.sv Line: 370
Info (12128): Elaborating entity "ImmGen" for hierarchy "ImmGen:igen" File: C:/Users/gomez/OneDrive/Escritorio/mini_proyectos/modulosveri.sv Line: 372
Info (12128): Elaborating entity "RegisterFile" for hierarchy "RegisterFile:regs" File: C:/Users/gomez/OneDrive/Escritorio/mini_proyectos/modulosveri.sv Line: 378
Info (12128): Elaborating entity "ALUControl" for hierarchy "ALUControl:actrl" File: C:/Users/gomez/OneDrive/Escritorio/mini_proyectos/modulosveri.sv Line: 382
Info (12128): Elaborating entity "ALU" for hierarchy "ALU:alu_u" File: C:/Users/gomez/OneDrive/Escritorio/mini_proyectos/modulosveri.sv Line: 389
Info (12128): Elaborating entity "DataMemory" for hierarchy "DataMemory:dmem" File: C:/Users/gomez/OneDrive/Escritorio/mini_proyectos/modulosveri.sv Line: 416
Info (10041): Inferred latch for "ram[200][0]" at modulosveri.sv(185) File: C:/Users/gomez/OneDrive/Escritorio/mini_proyectos/modulosveri.sv Line: 185
Info (10041): Inferred latch for "ram[200][1]" at modulosveri.sv(185) File: C:/Users/gomez/OneDrive/Escritorio/mini_proyectos/modulosveri.sv Line: 185
Info (10041): Inferred latch for "ram[200][2]" at modulosveri.sv(185) File: C:/Users/gomez/OneDrive/Escritorio/mini_proyectos/modulosveri.sv Line: 185
Info (10041): Inferred latch for "ram[200][3]" at modulosveri.sv(185) File: C:/Users/gomez/OneDrive/Escritorio/mini_proyectos/modulosveri.sv Line: 185
Info (10041): Inferred latch for "ram[200][4]" at modulosveri.sv(185) File: C:/Users/gomez/OneDrive/Escritorio/mini_proyectos/modulosveri.sv Line: 185
Info (10041): Inferred latch for "ram[200][5]" at modulosveri.sv(185) File: C:/Users/gomez/OneDrive/Escritorio/mini_proyectos/modulosveri.sv Line: 185
Info (10041): Inferred latch for "ram[200][6]" at modulosveri.sv(185) File: C:/Users/gomez/OneDrive/Escritorio/mini_proyectos/modulosveri.sv Line: 185
Info (10041): Inferred latch for "ram[200][7]" at modulosveri.sv(185) File: C:/Users/gomez/OneDrive/Escritorio/mini_proyectos/modulosveri.sv Line: 185
Info (10041): Inferred latch for "ram[199][0]" at modulosveri.sv(185) File: C:/Users/gomez/OneDrive/Escritorio/mini_proyectos/modulosveri.sv Line: 185
Info (10041): Inferred latch for "ram[199][1]" at modulosveri.sv(185) File: C:/Users/gomez/OneDrive/Escritorio/mini_proyectos/modulosveri.sv Line: 185
Info (10041): Inferred latch for "ram[199][2]" at modulosveri.sv(185) File: C:/Users/gomez/OneDrive/Escritorio/mini_proyectos/modulosveri.sv Line: 185
Info (10041): Inferred latch for "ram[199][3]" at modulosveri.sv(185) File: C:/Users/gomez/OneDrive/Escritorio/mini_proyectos/modulosveri.sv Line: 185
Info (10041): Inferred latch for "ram[199][4]" at modulosveri.sv(185) File: C:/Users/gomez/OneDrive/Escritorio/mini_proyectos/modulosveri.sv Line: 185
Info (10041): Inferred latch for "ram[199][5]" at modulosveri.sv(185) File: C:/Users/gomez/OneDrive/Escritorio/mini_proyectos/modulosveri.sv Line: 185
Info (10041): Inferred latch for "ram[199][6]" at modulosveri.sv(185) File: C:/Users/gomez/OneDrive/Escritorio/mini_proyectos/modulosveri.sv Line: 185
Info (10041): Inferred latch for "ram[199][7]" at modulosveri.sv(185) File: C:/Users/gomez/OneDrive/Escritorio/mini_proyectos/modulosveri.sv Line: 185
Info (10041): Inferred latch for "ram[198][0]" at modulosveri.sv(185) File: C:/Users/gomez/OneDrive/Escritorio/mini_proyectos/modulosveri.sv Line: 185
Info (10041): Inferred latch for "ram[198][1]" at modulosveri.sv(185) File: C:/Users/gomez/OneDrive/Escritorio/mini_proyectos/modulosveri.sv Line: 185
Info (10041): Inferred latch for "ram[198][2]" at modulosveri.sv(185) File: C:/Users/gomez/OneDrive/Escritorio/mini_proyectos/modulosveri.sv Line: 185
Info (10041): Inferred latch for "ram[198][3]" at modulosveri.sv(185) File: C:/Users/gomez/OneDrive/Escritorio/mini_proyectos/modulosveri.sv Line: 185
Info (10041): Inferred latch for "ram[198][4]" at modulosveri.sv(185) File: C:/Users/gomez/OneDrive/Escritorio/mini_proyectos/modulosveri.sv Line: 185
Info (10041): Inferred latch for "ram[198][5]" at modulosveri.sv(185) File: C:/Users/gomez/OneDrive/Escritorio/mini_proyectos/modulosveri.sv Line: 185
Info (10041): Inferred latch for "ram[198][6]" at modulosveri.sv(185) File: C:/Users/gomez/OneDrive/Escritorio/mini_proyectos/modulosveri.sv Line: 185
Info (10041): Inferred latch for "ram[198][7]" at modulosveri.sv(185) File: C:/Users/gomez/OneDrive/Escritorio/mini_proyectos/modulosveri.sv Line: 185
Info (10041): Inferred latch for "ram[197][0]" at modulosveri.sv(185) File: C:/Users/gomez/OneDrive/Escritorio/mini_proyectos/modulosveri.sv Line: 185
Info (10041): Inferred latch for "ram[197][1]" at modulosveri.sv(185) File: C:/Users/gomez/OneDrive/Escritorio/mini_proyectos/modulosveri.sv Line: 185
Info (10041): Inferred latch for "ram[197][2]" at modulosveri.sv(185) File: C:/Users/gomez/OneDrive/Escritorio/mini_proyectos/modulosveri.sv Line: 185
Info (10041): Inferred latch for "ram[197][3]" at modulosveri.sv(185) File: C:/Users/gomez/OneDrive/Escritorio/mini_proyectos/modulosveri.sv Line: 185
Info (10041): Inferred latch for "ram[197][4]" at modulosveri.sv(185) File: C:/Users/gomez/OneDrive/Escritorio/mini_proyectos/modulosveri.sv Line: 185
Info (10041): Inferred latch for "ram[197][5]" at modulosveri.sv(185) File: C:/Users/gomez/OneDrive/Escritorio/mini_proyectos/modulosveri.sv Line: 185
Info (10041): Inferred latch for "ram[197][6]" at modulosveri.sv(185) File: C:/Users/gomez/OneDrive/Escritorio/mini_proyectos/modulosveri.sv Line: 185
Info (10041): Inferred latch for "ram[197][7]" at modulosveri.sv(185) File: C:/Users/gomez/OneDrive/Escritorio/mini_proyectos/modulosveri.sv Line: 185
Info (10041): Inferred latch for "ram[196][0]" at modulosveri.sv(185) File: C:/Users/gomez/OneDrive/Escritorio/mini_proyectos/modulosveri.sv Line: 185
Info (10041): Inferred latch for "ram[196][1]" at modulosveri.sv(185) File: C:/Users/gomez/OneDrive/Escritorio/mini_proyectos/modulosveri.sv Line: 185
Info (10041): Inferred latch for "ram[196][2]" at modulosveri.sv(185) File: C:/Users/gomez/OneDrive/Escritorio/mini_proyectos/modulosveri.sv Line: 185
Info (10041): Inferred latch for "ram[196][3]" at modulosveri.sv(185) File: C:/Users/gomez/OneDrive/Escritorio/mini_proyectos/modulosveri.sv Line: 185
Info (10041): Inferred latch for "ram[196][4]" at modulosveri.sv(185) File: C:/Users/gomez/OneDrive/Escritorio/mini_proyectos/modulosveri.sv Line: 185
Info (10041): Inferred latch for "ram[196][5]" at modulosveri.sv(185) File: C:/Users/gomez/OneDrive/Escritorio/mini_proyectos/modulosveri.sv Line: 185
Info (10041): Inferred latch for "ram[196][6]" at modulosveri.sv(185) File: C:/Users/gomez/OneDrive/Escritorio/mini_proyectos/modulosveri.sv Line: 185
Info (10041): Inferred latch for "ram[196][7]" at modulosveri.sv(185) File: C:/Users/gomez/OneDrive/Escritorio/mini_proyectos/modulosveri.sv Line: 185
Info (10041): Inferred latch for "ram[195][0]" at modulosveri.sv(185) File: C:/Users/gomez/OneDrive/Escritorio/mini_proyectos/modulosveri.sv Line: 185
Info (10041): Inferred latch for "ram[195][1]" at modulosveri.sv(185) File: C:/Users/gomez/OneDrive/Escritorio/mini_proyectos/modulosveri.sv Line: 185
Info (10041): Inferred latch for "ram[195][2]" at modulosveri.sv(185) File: C:/Users/gomez/OneDrive/Escritorio/mini_proyectos/modulosveri.sv Line: 185
Info (10041): Inferred latch for "ram[195][3]" at modulosveri.sv(185) File: C:/Users/gomez/OneDrive/Escritorio/mini_proyectos/modulosveri.sv Line: 185
Info (10041): Inferred latch for "ram[195][4]" at modulosveri.sv(185) File: C:/Users/gomez/OneDrive/Escritorio/mini_proyectos/modulosveri.sv Line: 185
Info (10041): Inferred latch for "ram[195][5]" at modulosveri.sv(185) File: C:/Users/gomez/OneDrive/Escritorio/mini_proyectos/modulosveri.sv Line: 185
Info (10041): Inferred latch for "ram[195][6]" at modulosveri.sv(185) File: C:/Users/gomez/OneDrive/Escritorio/mini_proyectos/modulosveri.sv Line: 185
Info (10041): Inferred latch for "ram[195][7]" at modulosveri.sv(185) File: C:/Users/gomez/OneDrive/Escritorio/mini_proyectos/modulosveri.sv Line: 185
Info (10041): Inferred latch for "ram[194][0]" at modulosveri.sv(185) File: C:/Users/gomez/OneDrive/Escritorio/mini_proyectos/modulosveri.sv Line: 185
Info (10041): Inferred latch for "ram[194][1]" at modulosveri.sv(185) File: C:/Users/gomez/OneDrive/Escritorio/mini_proyectos/modulosveri.sv Line: 185
Info (10041): Inferred latch for "ram[194][2]" at modulosveri.sv(185) File: C:/Users/gomez/OneDrive/Escritorio/mini_proyectos/modulosveri.sv Line: 185
Info (10041): Inferred latch for "ram[194][3]" at modulosveri.sv(185) File: C:/Users/gomez/OneDrive/Escritorio/mini_proyectos/modulosveri.sv Line: 185
Info (10041): Inferred latch for "ram[194][4]" at modulosveri.sv(185) File: C:/Users/gomez/OneDrive/Escritorio/mini_proyectos/modulosveri.sv Line: 185
Info (10041): Inferred latch for "ram[194][5]" at modulosveri.sv(185) File: C:/Users/gomez/OneDrive/Escritorio/mini_proyectos/modulosveri.sv Line: 185
Info (10041): Inferred latch for "ram[194][6]" at modulosveri.sv(185) File: C:/Users/gomez/OneDrive/Escritorio/mini_proyectos/modulosveri.sv Line: 185
Info (10041): Inferred latch for "ram[194][7]" at modulosveri.sv(185) File: C:/Users/gomez/OneDrive/Escritorio/mini_proyectos/modulosveri.sv Line: 185
Info (10041): Inferred latch for "ram[193][0]" at modulosveri.sv(185) File: C:/Users/gomez/OneDrive/Escritorio/mini_proyectos/modulosveri.sv Line: 185
Info (10041): Inferred latch for "ram[193][1]" at modulosveri.sv(185) File: C:/Users/gomez/OneDrive/Escritorio/mini_proyectos/modulosveri.sv Line: 185
Info (10041): Inferred latch for "ram[193][2]" at modulosveri.sv(185) File: C:/Users/gomez/OneDrive/Escritorio/mini_proyectos/modulosveri.sv Line: 185
Info (10041): Inferred latch for "ram[193][3]" at modulosveri.sv(185) File: C:/Users/gomez/OneDrive/Escritorio/mini_proyectos/modulosveri.sv Line: 185
Info (10041): Inferred latch for "ram[193][4]" at modulosveri.sv(185) File: C:/Users/gomez/OneDrive/Escritorio/mini_proyectos/modulosveri.sv Line: 185
Info (10041): Inferred latch for "ram[193][5]" at modulosveri.sv(185) File: C:/Users/gomez/OneDrive/Escritorio/mini_proyectos/modulosveri.sv Line: 185
Info (10041): Inferred latch for "ram[193][6]" at modulosveri.sv(185) File: C:/Users/gomez/OneDrive/Escritorio/mini_proyectos/modulosveri.sv Line: 185
Info (10041): Inferred latch for "ram[193][7]" at modulosveri.sv(185) File: C:/Users/gomez/OneDrive/Escritorio/mini_proyectos/modulosveri.sv Line: 185
Info (10041): Inferred latch for "ram[192][0]" at modulosveri.sv(185) File: C:/Users/gomez/OneDrive/Escritorio/mini_proyectos/modulosveri.sv Line: 185
Info (10041): Inferred latch for "ram[192][1]" at modulosveri.sv(185) File: C:/Users/gomez/OneDrive/Escritorio/mini_proyectos/modulosveri.sv Line: 185
Info (10041): Inferred latch for "ram[192][2]" at modulosveri.sv(185) File: C:/Users/gomez/OneDrive/Escritorio/mini_proyectos/modulosveri.sv Line: 185
Info (10041): Inferred latch for "ram[192][3]" at modulosveri.sv(185) File: C:/Users/gomez/OneDrive/Escritorio/mini_proyectos/modulosveri.sv Line: 185
Info (10041): Inferred latch for "ram[192][4]" at modulosveri.sv(185) File: C:/Users/gomez/OneDrive/Escritorio/mini_proyectos/modulosveri.sv Line: 185
Info (10041): Inferred latch for "ram[192][5]" at modulosveri.sv(185) File: C:/Users/gomez/OneDrive/Escritorio/mini_proyectos/modulosveri.sv Line: 185
Info (10041): Inferred latch for "ram[192][6]" at modulosveri.sv(185) File: C:/Users/gomez/OneDrive/Escritorio/mini_proyectos/modulosveri.sv Line: 185
Info (10041): Inferred latch for "ram[192][7]" at modulosveri.sv(185) File: C:/Users/gomez/OneDrive/Escritorio/mini_proyectos/modulosveri.sv Line: 185
Info (10041): Inferred latch for "ram[191][0]" at modulosveri.sv(185) File: C:/Users/gomez/OneDrive/Escritorio/mini_proyectos/modulosveri.sv Line: 185
Info (10041): Inferred latch for "ram[191][1]" at modulosveri.sv(185) File: C:/Users/gomez/OneDrive/Escritorio/mini_proyectos/modulosveri.sv Line: 185
Info (10041): Inferred latch for "ram[191][2]" at modulosveri.sv(185) File: C:/Users/gomez/OneDrive/Escritorio/mini_proyectos/modulosveri.sv Line: 185
Info (10041): Inferred latch for "ram[191][3]" at modulosveri.sv(185) File: C:/Users/gomez/OneDrive/Escritorio/mini_proyectos/modulosveri.sv Line: 185
Info (10041): Inferred latch for "ram[191][4]" at modulosveri.sv(185) File: C:/Users/gomez/OneDrive/Escritorio/mini_proyectos/modulosveri.sv Line: 185
Info (10041): Inferred latch for "ram[191][5]" at modulosveri.sv(185) File: C:/Users/gomez/OneDrive/Escritorio/mini_proyectos/modulosveri.sv Line: 185
Info (10041): Inferred latch for "ram[191][6]" at modulosveri.sv(185) File: C:/Users/gomez/OneDrive/Escritorio/mini_proyectos/modulosveri.sv Line: 185
Info (10041): Inferred latch for "ram[191][7]" at modulosveri.sv(185) File: C:/Users/gomez/OneDrive/Escritorio/mini_proyectos/modulosveri.sv Line: 185
Info (10041): Inferred latch for "ram[190][0]" at modulosveri.sv(185) File: C:/Users/gomez/OneDrive/Escritorio/mini_proyectos/modulosveri.sv Line: 185
Info (10041): Inferred latch for "ram[190][1]" at modulosveri.sv(185) File: C:/Users/gomez/OneDrive/Escritorio/mini_proyectos/modulosveri.sv Line: 185
Info (10041): Inferred latch for "ram[190][2]" at modulosveri.sv(185) File: C:/Users/gomez/OneDrive/Escritorio/mini_proyectos/modulosveri.sv Line: 185
Info (10041): Inferred latch for "ram[190][3]" at modulosveri.sv(185) File: C:/Users/gomez/OneDrive/Escritorio/mini_proyectos/modulosveri.sv Line: 185
Info (10041): Inferred latch for "ram[190][4]" at modulosveri.sv(185) File: C:/Users/gomez/OneDrive/Escritorio/mini_proyectos/modulosveri.sv Line: 185
Info (10041): Inferred latch for "ram[190][5]" at modulosveri.sv(185) File: C:/Users/gomez/OneDrive/Escritorio/mini_proyectos/modulosveri.sv Line: 185
Info (10041): Inferred latch for "ram[190][6]" at modulosveri.sv(185) File: C:/Users/gomez/OneDrive/Escritorio/mini_proyectos/modulosveri.sv Line: 185
Info (10041): Inferred latch for "ram[190][7]" at modulosveri.sv(185) File: C:/Users/gomez/OneDrive/Escritorio/mini_proyectos/modulosveri.sv Line: 185
Info (10041): Inferred latch for "ram[189][0]" at modulosveri.sv(185) File: C:/Users/gomez/OneDrive/Escritorio/mini_proyectos/modulosveri.sv Line: 185
Info (10041): Inferred latch for "ram[189][1]" at modulosveri.sv(185) File: C:/Users/gomez/OneDrive/Escritorio/mini_proyectos/modulosveri.sv Line: 185
Info (10041): Inferred latch for "ram[189][2]" at modulosveri.sv(185) File: C:/Users/gomez/OneDrive/Escritorio/mini_proyectos/modulosveri.sv Line: 185
Info (10041): Inferred latch for "ram[189][3]" at modulosveri.sv(185) File: C:/Users/gomez/OneDrive/Escritorio/mini_proyectos/modulosveri.sv Line: 185
Info (10041): Inferred latch for "ram[189][4]" at modulosveri.sv(185) File: C:/Users/gomez/OneDrive/Escritorio/mini_proyectos/modulosveri.sv Line: 185
Info (10041): Inferred latch for "ram[189][5]" at modulosveri.sv(185) File: C:/Users/gomez/OneDrive/Escritorio/mini_proyectos/modulosveri.sv Line: 185
Info (10041): Inferred latch for "ram[189][6]" at modulosveri.sv(185) File: C:/Users/gomez/OneDrive/Escritorio/mini_proyectos/modulosveri.sv Line: 185
Info (10041): Inferred latch for "ram[189][7]" at modulosveri.sv(185) File: C:/Users/gomez/OneDrive/Escritorio/mini_proyectos/modulosveri.sv Line: 185
Info (10041): Inferred latch for "ram[188][0]" at modulosveri.sv(185) File: C:/Users/gomez/OneDrive/Escritorio/mini_proyectos/modulosveri.sv Line: 185
Info (10041): Inferred latch for "ram[188][1]" at modulosveri.sv(185) File: C:/Users/gomez/OneDrive/Escritorio/mini_proyectos/modulosveri.sv Line: 185
Info (10041): Inferred latch for "ram[188][2]" at modulosveri.sv(185) File: C:/Users/gomez/OneDrive/Escritorio/mini_proyectos/modulosveri.sv Line: 185
Info (10041): Inferred latch for "ram[188][3]" at modulosveri.sv(185) File: C:/Users/gomez/OneDrive/Escritorio/mini_proyectos/modulosveri.sv Line: 185
Info (10041): Inferred latch for "ram[188][4]" at modulosveri.sv(185) File: C:/Users/gomez/OneDrive/Escritorio/mini_proyectos/modulosveri.sv Line: 185
Info (10041): Inferred latch for "ram[188][5]" at modulosveri.sv(185) File: C:/Users/gomez/OneDrive/Escritorio/mini_proyectos/modulosveri.sv Line: 185
Info (10041): Inferred latch for "ram[188][6]" at modulosveri.sv(185) File: C:/Users/gomez/OneDrive/Escritorio/mini_proyectos/modulosveri.sv Line: 185
Info (10041): Inferred latch for "ram[188][7]" at modulosveri.sv(185) File: C:/Users/gomez/OneDrive/Escritorio/mini_proyectos/modulosveri.sv Line: 185
Info (10041): Inferred latch for "ram[187][0]" at modulosveri.sv(185) File: C:/Users/gomez/OneDrive/Escritorio/mini_proyectos/modulosveri.sv Line: 185
Info (10041): Inferred latch for "ram[187][1]" at modulosveri.sv(185) File: C:/Users/gomez/OneDrive/Escritorio/mini_proyectos/modulosveri.sv Line: 185
Info (10041): Inferred latch for "ram[187][2]" at modulosveri.sv(185) File: C:/Users/gomez/OneDrive/Escritorio/mini_proyectos/modulosveri.sv Line: 185
Info (10041): Inferred latch for "ram[187][3]" at modulosveri.sv(185) File: C:/Users/gomez/OneDrive/Escritorio/mini_proyectos/modulosveri.sv Line: 185
Info (10041): Inferred latch for "ram[187][4]" at modulosveri.sv(185) File: C:/Users/gomez/OneDrive/Escritorio/mini_proyectos/modulosveri.sv Line: 185
Info (10041): Inferred latch for "ram[187][5]" at modulosveri.sv(185) File: C:/Users/gomez/OneDrive/Escritorio/mini_proyectos/modulosveri.sv Line: 185
Info (10041): Inferred latch for "ram[187][6]" at modulosveri.sv(185) File: C:/Users/gomez/OneDrive/Escritorio/mini_proyectos/modulosveri.sv Line: 185
Info (10041): Inferred latch for "ram[187][7]" at modulosveri.sv(185) File: C:/Users/gomez/OneDrive/Escritorio/mini_proyectos/modulosveri.sv Line: 185
Info (10041): Inferred latch for "ram[186][0]" at modulosveri.sv(185) File: C:/Users/gomez/OneDrive/Escritorio/mini_proyectos/modulosveri.sv Line: 185
Info (10041): Inferred latch for "ram[186][1]" at modulosveri.sv(185) File: C:/Users/gomez/OneDrive/Escritorio/mini_proyectos/modulosveri.sv Line: 185
Info (10041): Inferred latch for "ram[186][2]" at modulosveri.sv(185) File: C:/Users/gomez/OneDrive/Escritorio/mini_proyectos/modulosveri.sv Line: 185
Info (10041): Inferred latch for "ram[186][3]" at modulosveri.sv(185) File: C:/Users/gomez/OneDrive/Escritorio/mini_proyectos/modulosveri.sv Line: 185
Info (10041): Inferred latch for "ram[186][4]" at modulosveri.sv(185) File: C:/Users/gomez/OneDrive/Escritorio/mini_proyectos/modulosveri.sv Line: 185
Info (10041): Inferred latch for "ram[186][5]" at modulosveri.sv(185) File: C:/Users/gomez/OneDrive/Escritorio/mini_proyectos/modulosveri.sv Line: 185
Info (10041): Inferred latch for "ram[186][6]" at modulosveri.sv(185) File: C:/Users/gomez/OneDrive/Escritorio/mini_proyectos/modulosveri.sv Line: 185
Info (10041): Inferred latch for "ram[186][7]" at modulosveri.sv(185) File: C:/Users/gomez/OneDrive/Escritorio/mini_proyectos/modulosveri.sv Line: 185
Info (10041): Inferred latch for "ram[185][0]" at modulosveri.sv(185) File: C:/Users/gomez/OneDrive/Escritorio/mini_proyectos/modulosveri.sv Line: 185
Info (10041): Inferred latch for "ram[185][1]" at modulosveri.sv(185) File: C:/Users/gomez/OneDrive/Escritorio/mini_proyectos/modulosveri.sv Line: 185
Info (10041): Inferred latch for "ram[185][2]" at modulosveri.sv(185) File: C:/Users/gomez/OneDrive/Escritorio/mini_proyectos/modulosveri.sv Line: 185
Info (10041): Inferred latch for "ram[185][3]" at modulosveri.sv(185) File: C:/Users/gomez/OneDrive/Escritorio/mini_proyectos/modulosveri.sv Line: 185
Info (10041): Inferred latch for "ram[185][4]" at modulosveri.sv(185) File: C:/Users/gomez/OneDrive/Escritorio/mini_proyectos/modulosveri.sv Line: 185
Info (10041): Inferred latch for "ram[185][5]" at modulosveri.sv(185) File: C:/Users/gomez/OneDrive/Escritorio/mini_proyectos/modulosveri.sv Line: 185
Info (10041): Inferred latch for "ram[185][6]" at modulosveri.sv(185) File: C:/Users/gomez/OneDrive/Escritorio/mini_proyectos/modulosveri.sv Line: 185
Info (10041): Inferred latch for "ram[185][7]" at modulosveri.sv(185) File: C:/Users/gomez/OneDrive/Escritorio/mini_proyectos/modulosveri.sv Line: 185
Info (10041): Inferred latch for "ram[184][0]" at modulosveri.sv(185) File: C:/Users/gomez/OneDrive/Escritorio/mini_proyectos/modulosveri.sv Line: 185
Info (10041): Inferred latch for "ram[184][1]" at modulosveri.sv(185) File: C:/Users/gomez/OneDrive/Escritorio/mini_proyectos/modulosveri.sv Line: 185
Info (10041): Inferred latch for "ram[184][2]" at modulosveri.sv(185) File: C:/Users/gomez/OneDrive/Escritorio/mini_proyectos/modulosveri.sv Line: 185
Info (10041): Inferred latch for "ram[184][3]" at modulosveri.sv(185) File: C:/Users/gomez/OneDrive/Escritorio/mini_proyectos/modulosveri.sv Line: 185
Info (10041): Inferred latch for "ram[184][4]" at modulosveri.sv(185) File: C:/Users/gomez/OneDrive/Escritorio/mini_proyectos/modulosveri.sv Line: 185
Info (10041): Inferred latch for "ram[184][5]" at modulosveri.sv(185) File: C:/Users/gomez/OneDrive/Escritorio/mini_proyectos/modulosveri.sv Line: 185
Info (10041): Inferred latch for "ram[184][6]" at modulosveri.sv(185) File: C:/Users/gomez/OneDrive/Escritorio/mini_proyectos/modulosveri.sv Line: 185
Info (10041): Inferred latch for "ram[184][7]" at modulosveri.sv(185) File: C:/Users/gomez/OneDrive/Escritorio/mini_proyectos/modulosveri.sv Line: 185
Info (10041): Inferred latch for "ram[183][0]" at modulosveri.sv(185) File: C:/Users/gomez/OneDrive/Escritorio/mini_proyectos/modulosveri.sv Line: 185
Info (10041): Inferred latch for "ram[183][1]" at modulosveri.sv(185) File: C:/Users/gomez/OneDrive/Escritorio/mini_proyectos/modulosveri.sv Line: 185
Info (10041): Inferred latch for "ram[183][2]" at modulosveri.sv(185) File: C:/Users/gomez/OneDrive/Escritorio/mini_proyectos/modulosveri.sv Line: 185
Info (10041): Inferred latch for "ram[183][3]" at modulosveri.sv(185) File: C:/Users/gomez/OneDrive/Escritorio/mini_proyectos/modulosveri.sv Line: 185
Info (10041): Inferred latch for "ram[183][4]" at modulosveri.sv(185) File: C:/Users/gomez/OneDrive/Escritorio/mini_proyectos/modulosveri.sv Line: 185
Info (10041): Inferred latch for "ram[183][5]" at modulosveri.sv(185) File: C:/Users/gomez/OneDrive/Escritorio/mini_proyectos/modulosveri.sv Line: 185
Info (10041): Inferred latch for "ram[183][6]" at modulosveri.sv(185) File: C:/Users/gomez/OneDrive/Escritorio/mini_proyectos/modulosveri.sv Line: 185
Info (10041): Inferred latch for "ram[183][7]" at modulosveri.sv(185) File: C:/Users/gomez/OneDrive/Escritorio/mini_proyectos/modulosveri.sv Line: 185
Info (10041): Inferred latch for "ram[182][0]" at modulosveri.sv(185) File: C:/Users/gomez/OneDrive/Escritorio/mini_proyectos/modulosveri.sv Line: 185
Info (10041): Inferred latch for "ram[182][1]" at modulosveri.sv(185) File: C:/Users/gomez/OneDrive/Escritorio/mini_proyectos/modulosveri.sv Line: 185
Info (10041): Inferred latch for "ram[182][2]" at modulosveri.sv(185) File: C:/Users/gomez/OneDrive/Escritorio/mini_proyectos/modulosveri.sv Line: 185
Info (10041): Inferred latch for "ram[182][3]" at modulosveri.sv(185) File: C:/Users/gomez/OneDrive/Escritorio/mini_proyectos/modulosveri.sv Line: 185
Info (10041): Inferred latch for "ram[182][4]" at modulosveri.sv(185) File: C:/Users/gomez/OneDrive/Escritorio/mini_proyectos/modulosveri.sv Line: 185
Info (10041): Inferred latch for "ram[182][5]" at modulosveri.sv(185) File: C:/Users/gomez/OneDrive/Escritorio/mini_proyectos/modulosveri.sv Line: 185
Info (10041): Inferred latch for "ram[182][6]" at modulosveri.sv(185) File: C:/Users/gomez/OneDrive/Escritorio/mini_proyectos/modulosveri.sv Line: 185
Info (10041): Inferred latch for "ram[182][7]" at modulosveri.sv(185) File: C:/Users/gomez/OneDrive/Escritorio/mini_proyectos/modulosveri.sv Line: 185
Info (10041): Inferred latch for "ram[181][0]" at modulosveri.sv(185) File: C:/Users/gomez/OneDrive/Escritorio/mini_proyectos/modulosveri.sv Line: 185
Info (10041): Inferred latch for "ram[181][1]" at modulosveri.sv(185) File: C:/Users/gomez/OneDrive/Escritorio/mini_proyectos/modulosveri.sv Line: 185
Info (10041): Inferred latch for "ram[181][2]" at modulosveri.sv(185) File: C:/Users/gomez/OneDrive/Escritorio/mini_proyectos/modulosveri.sv Line: 185
Info (10041): Inferred latch for "ram[181][3]" at modulosveri.sv(185) File: C:/Users/gomez/OneDrive/Escritorio/mini_proyectos/modulosveri.sv Line: 185
Info (10041): Inferred latch for "ram[181][4]" at modulosveri.sv(185) File: C:/Users/gomez/OneDrive/Escritorio/mini_proyectos/modulosveri.sv Line: 185
Info (10041): Inferred latch for "ram[181][5]" at modulosveri.sv(185) File: C:/Users/gomez/OneDrive/Escritorio/mini_proyectos/modulosveri.sv Line: 185
Info (10041): Inferred latch for "ram[181][6]" at modulosveri.sv(185) File: C:/Users/gomez/OneDrive/Escritorio/mini_proyectos/modulosveri.sv Line: 185
Info (10041): Inferred latch for "ram[181][7]" at modulosveri.sv(185) File: C:/Users/gomez/OneDrive/Escritorio/mini_proyectos/modulosveri.sv Line: 185
Info (10041): Inferred latch for "ram[180][0]" at modulosveri.sv(185) File: C:/Users/gomez/OneDrive/Escritorio/mini_proyectos/modulosveri.sv Line: 185
Info (10041): Inferred latch for "ram[180][1]" at modulosveri.sv(185) File: C:/Users/gomez/OneDrive/Escritorio/mini_proyectos/modulosveri.sv Line: 185
Info (10041): Inferred latch for "ram[180][2]" at modulosveri.sv(185) File: C:/Users/gomez/OneDrive/Escritorio/mini_proyectos/modulosveri.sv Line: 185
Info (10041): Inferred latch for "ram[180][3]" at modulosveri.sv(185) File: C:/Users/gomez/OneDrive/Escritorio/mini_proyectos/modulosveri.sv Line: 185
Info (10041): Inferred latch for "ram[180][4]" at modulosveri.sv(185) File: C:/Users/gomez/OneDrive/Escritorio/mini_proyectos/modulosveri.sv Line: 185
Info (10041): Inferred latch for "ram[180][5]" at modulosveri.sv(185) File: C:/Users/gomez/OneDrive/Escritorio/mini_proyectos/modulosveri.sv Line: 185
Info (10041): Inferred latch for "ram[180][6]" at modulosveri.sv(185) File: C:/Users/gomez/OneDrive/Escritorio/mini_proyectos/modulosveri.sv Line: 185
Info (10041): Inferred latch for "ram[180][7]" at modulosveri.sv(185) File: C:/Users/gomez/OneDrive/Escritorio/mini_proyectos/modulosveri.sv Line: 185
Info (10041): Inferred latch for "ram[179][0]" at modulosveri.sv(185) File: C:/Users/gomez/OneDrive/Escritorio/mini_proyectos/modulosveri.sv Line: 185
Info (10041): Inferred latch for "ram[179][1]" at modulosveri.sv(185) File: C:/Users/gomez/OneDrive/Escritorio/mini_proyectos/modulosveri.sv Line: 185
Info (10041): Inferred latch for "ram[179][2]" at modulosveri.sv(185) File: C:/Users/gomez/OneDrive/Escritorio/mini_proyectos/modulosveri.sv Line: 185
Info (10041): Inferred latch for "ram[179][3]" at modulosveri.sv(185) File: C:/Users/gomez/OneDrive/Escritorio/mini_proyectos/modulosveri.sv Line: 185
Info (10041): Inferred latch for "ram[179][4]" at modulosveri.sv(185) File: C:/Users/gomez/OneDrive/Escritorio/mini_proyectos/modulosveri.sv Line: 185
Info (10041): Inferred latch for "ram[179][5]" at modulosveri.sv(185) File: C:/Users/gomez/OneDrive/Escritorio/mini_proyectos/modulosveri.sv Line: 185
Info (10041): Inferred latch for "ram[179][6]" at modulosveri.sv(185) File: C:/Users/gomez/OneDrive/Escritorio/mini_proyectos/modulosveri.sv Line: 185
Info (10041): Inferred latch for "ram[179][7]" at modulosveri.sv(185) File: C:/Users/gomez/OneDrive/Escritorio/mini_proyectos/modulosveri.sv Line: 185
Info (10041): Inferred latch for "ram[178][0]" at modulosveri.sv(185) File: C:/Users/gomez/OneDrive/Escritorio/mini_proyectos/modulosveri.sv Line: 185
Info (10041): Inferred latch for "ram[178][1]" at modulosveri.sv(185) File: C:/Users/gomez/OneDrive/Escritorio/mini_proyectos/modulosveri.sv Line: 185
Info (10041): Inferred latch for "ram[178][2]" at modulosveri.sv(185) File: C:/Users/gomez/OneDrive/Escritorio/mini_proyectos/modulosveri.sv Line: 185
Info (10041): Inferred latch for "ram[178][3]" at modulosveri.sv(185) File: C:/Users/gomez/OneDrive/Escritorio/mini_proyectos/modulosveri.sv Line: 185
Info (10041): Inferred latch for "ram[178][4]" at modulosveri.sv(185) File: C:/Users/gomez/OneDrive/Escritorio/mini_proyectos/modulosveri.sv Line: 185
Info (10041): Inferred latch for "ram[178][5]" at modulosveri.sv(185) File: C:/Users/gomez/OneDrive/Escritorio/mini_proyectos/modulosveri.sv Line: 185
Info (10041): Inferred latch for "ram[178][6]" at modulosveri.sv(185) File: C:/Users/gomez/OneDrive/Escritorio/mini_proyectos/modulosveri.sv Line: 185
Info (10041): Inferred latch for "ram[178][7]" at modulosveri.sv(185) File: C:/Users/gomez/OneDrive/Escritorio/mini_proyectos/modulosveri.sv Line: 185
Info (10041): Inferred latch for "ram[177][0]" at modulosveri.sv(185) File: C:/Users/gomez/OneDrive/Escritorio/mini_proyectos/modulosveri.sv Line: 185
Info (10041): Inferred latch for "ram[177][1]" at modulosveri.sv(185) File: C:/Users/gomez/OneDrive/Escritorio/mini_proyectos/modulosveri.sv Line: 185
Info (10041): Inferred latch for "ram[177][2]" at modulosveri.sv(185) File: C:/Users/gomez/OneDrive/Escritorio/mini_proyectos/modulosveri.sv Line: 185
Info (10041): Inferred latch for "ram[177][3]" at modulosveri.sv(185) File: C:/Users/gomez/OneDrive/Escritorio/mini_proyectos/modulosveri.sv Line: 185
Info (10041): Inferred latch for "ram[177][4]" at modulosveri.sv(185) File: C:/Users/gomez/OneDrive/Escritorio/mini_proyectos/modulosveri.sv Line: 185
Info (10041): Inferred latch for "ram[177][5]" at modulosveri.sv(185) File: C:/Users/gomez/OneDrive/Escritorio/mini_proyectos/modulosveri.sv Line: 185
Info (10041): Inferred latch for "ram[177][6]" at modulosveri.sv(185) File: C:/Users/gomez/OneDrive/Escritorio/mini_proyectos/modulosveri.sv Line: 185
Info (10041): Inferred latch for "ram[177][7]" at modulosveri.sv(185) File: C:/Users/gomez/OneDrive/Escritorio/mini_proyectos/modulosveri.sv Line: 185
Info (10041): Inferred latch for "ram[176][0]" at modulosveri.sv(185) File: C:/Users/gomez/OneDrive/Escritorio/mini_proyectos/modulosveri.sv Line: 185
Info (10041): Inferred latch for "ram[176][1]" at modulosveri.sv(185) File: C:/Users/gomez/OneDrive/Escritorio/mini_proyectos/modulosveri.sv Line: 185
Info (10041): Inferred latch for "ram[176][2]" at modulosveri.sv(185) File: C:/Users/gomez/OneDrive/Escritorio/mini_proyectos/modulosveri.sv Line: 185
Info (10041): Inferred latch for "ram[176][3]" at modulosveri.sv(185) File: C:/Users/gomez/OneDrive/Escritorio/mini_proyectos/modulosveri.sv Line: 185
Info (10041): Inferred latch for "ram[176][4]" at modulosveri.sv(185) File: C:/Users/gomez/OneDrive/Escritorio/mini_proyectos/modulosveri.sv Line: 185
Info (10041): Inferred latch for "ram[176][5]" at modulosveri.sv(185) File: C:/Users/gomez/OneDrive/Escritorio/mini_proyectos/modulosveri.sv Line: 185
Info (10041): Inferred latch for "ram[176][6]" at modulosveri.sv(185) File: C:/Users/gomez/OneDrive/Escritorio/mini_proyectos/modulosveri.sv Line: 185
Info (10041): Inferred latch for "ram[176][7]" at modulosveri.sv(185) File: C:/Users/gomez/OneDrive/Escritorio/mini_proyectos/modulosveri.sv Line: 185
Info (10041): Inferred latch for "ram[175][0]" at modulosveri.sv(185) File: C:/Users/gomez/OneDrive/Escritorio/mini_proyectos/modulosveri.sv Line: 185
Info (10041): Inferred latch for "ram[175][1]" at modulosveri.sv(185) File: C:/Users/gomez/OneDrive/Escritorio/mini_proyectos/modulosveri.sv Line: 185
Info (10041): Inferred latch for "ram[175][2]" at modulosveri.sv(185) File: C:/Users/gomez/OneDrive/Escritorio/mini_proyectos/modulosveri.sv Line: 185
Info (10041): Inferred latch for "ram[175][3]" at modulosveri.sv(185) File: C:/Users/gomez/OneDrive/Escritorio/mini_proyectos/modulosveri.sv Line: 185
Info (10041): Inferred latch for "ram[175][4]" at modulosveri.sv(185) File: C:/Users/gomez/OneDrive/Escritorio/mini_proyectos/modulosveri.sv Line: 185
Info (10041): Inferred latch for "ram[175][5]" at modulosveri.sv(185) File: C:/Users/gomez/OneDrive/Escritorio/mini_proyectos/modulosveri.sv Line: 185
Info (10041): Inferred latch for "ram[175][6]" at modulosveri.sv(185) File: C:/Users/gomez/OneDrive/Escritorio/mini_proyectos/modulosveri.sv Line: 185
Info (10041): Inferred latch for "ram[175][7]" at modulosveri.sv(185) File: C:/Users/gomez/OneDrive/Escritorio/mini_proyectos/modulosveri.sv Line: 185
Info (10041): Inferred latch for "ram[174][0]" at modulosveri.sv(185) File: C:/Users/gomez/OneDrive/Escritorio/mini_proyectos/modulosveri.sv Line: 185
Info (10041): Inferred latch for "ram[174][1]" at modulosveri.sv(185) File: C:/Users/gomez/OneDrive/Escritorio/mini_proyectos/modulosveri.sv Line: 185
Info (10041): Inferred latch for "ram[174][2]" at modulosveri.sv(185) File: C:/Users/gomez/OneDrive/Escritorio/mini_proyectos/modulosveri.sv Line: 185
Info (10041): Inferred latch for "ram[174][3]" at modulosveri.sv(185) File: C:/Users/gomez/OneDrive/Escritorio/mini_proyectos/modulosveri.sv Line: 185
Info (10041): Inferred latch for "ram[174][4]" at modulosveri.sv(185) File: C:/Users/gomez/OneDrive/Escritorio/mini_proyectos/modulosveri.sv Line: 185
Info (10041): Inferred latch for "ram[174][5]" at modulosveri.sv(185) File: C:/Users/gomez/OneDrive/Escritorio/mini_proyectos/modulosveri.sv Line: 185
Info (10041): Inferred latch for "ram[174][6]" at modulosveri.sv(185) File: C:/Users/gomez/OneDrive/Escritorio/mini_proyectos/modulosveri.sv Line: 185
Info (10041): Inferred latch for "ram[174][7]" at modulosveri.sv(185) File: C:/Users/gomez/OneDrive/Escritorio/mini_proyectos/modulosveri.sv Line: 185
Info (10041): Inferred latch for "ram[173][0]" at modulosveri.sv(185) File: C:/Users/gomez/OneDrive/Escritorio/mini_proyectos/modulosveri.sv Line: 185
Info (10041): Inferred latch for "ram[173][1]" at modulosveri.sv(185) File: C:/Users/gomez/OneDrive/Escritorio/mini_proyectos/modulosveri.sv Line: 185
Info (10041): Inferred latch for "ram[173][2]" at modulosveri.sv(185) File: C:/Users/gomez/OneDrive/Escritorio/mini_proyectos/modulosveri.sv Line: 185
Info (10041): Inferred latch for "ram[173][3]" at modulosveri.sv(185) File: C:/Users/gomez/OneDrive/Escritorio/mini_proyectos/modulosveri.sv Line: 185
Info (10041): Inferred latch for "ram[173][4]" at modulosveri.sv(185) File: C:/Users/gomez/OneDrive/Escritorio/mini_proyectos/modulosveri.sv Line: 185
Info (10041): Inferred latch for "ram[173][5]" at modulosveri.sv(185) File: C:/Users/gomez/OneDrive/Escritorio/mini_proyectos/modulosveri.sv Line: 185
Info (10041): Inferred latch for "ram[173][6]" at modulosveri.sv(185) File: C:/Users/gomez/OneDrive/Escritorio/mini_proyectos/modulosveri.sv Line: 185
Info (10041): Inferred latch for "ram[173][7]" at modulosveri.sv(185) File: C:/Users/gomez/OneDrive/Escritorio/mini_proyectos/modulosveri.sv Line: 185
Info (10041): Inferred latch for "ram[172][0]" at modulosveri.sv(185) File: C:/Users/gomez/OneDrive/Escritorio/mini_proyectos/modulosveri.sv Line: 185
Info (10041): Inferred latch for "ram[172][1]" at modulosveri.sv(185) File: C:/Users/gomez/OneDrive/Escritorio/mini_proyectos/modulosveri.sv Line: 185
Info (10041): Inferred latch for "ram[172][2]" at modulosveri.sv(185) File: C:/Users/gomez/OneDrive/Escritorio/mini_proyectos/modulosveri.sv Line: 185
Info (10041): Inferred latch for "ram[172][3]" at modulosveri.sv(185) File: C:/Users/gomez/OneDrive/Escritorio/mini_proyectos/modulosveri.sv Line: 185
Info (10041): Inferred latch for "ram[172][4]" at modulosveri.sv(185) File: C:/Users/gomez/OneDrive/Escritorio/mini_proyectos/modulosveri.sv Line: 185
Info (10041): Inferred latch for "ram[172][5]" at modulosveri.sv(185) File: C:/Users/gomez/OneDrive/Escritorio/mini_proyectos/modulosveri.sv Line: 185
Info (10041): Inferred latch for "ram[172][6]" at modulosveri.sv(185) File: C:/Users/gomez/OneDrive/Escritorio/mini_proyectos/modulosveri.sv Line: 185
Info (10041): Inferred latch for "ram[172][7]" at modulosveri.sv(185) File: C:/Users/gomez/OneDrive/Escritorio/mini_proyectos/modulosveri.sv Line: 185
Info (10041): Inferred latch for "ram[171][0]" at modulosveri.sv(185) File: C:/Users/gomez/OneDrive/Escritorio/mini_proyectos/modulosveri.sv Line: 185
Info (10041): Inferred latch for "ram[171][1]" at modulosveri.sv(185) File: C:/Users/gomez/OneDrive/Escritorio/mini_proyectos/modulosveri.sv Line: 185
Info (10041): Inferred latch for "ram[171][2]" at modulosveri.sv(185) File: C:/Users/gomez/OneDrive/Escritorio/mini_proyectos/modulosveri.sv Line: 185
Info (10041): Inferred latch for "ram[171][3]" at modulosveri.sv(185) File: C:/Users/gomez/OneDrive/Escritorio/mini_proyectos/modulosveri.sv Line: 185
Info (10041): Inferred latch for "ram[171][4]" at modulosveri.sv(185) File: C:/Users/gomez/OneDrive/Escritorio/mini_proyectos/modulosveri.sv Line: 185
Info (10041): Inferred latch for "ram[171][5]" at modulosveri.sv(185) File: C:/Users/gomez/OneDrive/Escritorio/mini_proyectos/modulosveri.sv Line: 185
Info (10041): Inferred latch for "ram[171][6]" at modulosveri.sv(185) File: C:/Users/gomez/OneDrive/Escritorio/mini_proyectos/modulosveri.sv Line: 185
Info (10041): Inferred latch for "ram[171][7]" at modulosveri.sv(185) File: C:/Users/gomez/OneDrive/Escritorio/mini_proyectos/modulosveri.sv Line: 185
Info (10041): Inferred latch for "ram[170][0]" at modulosveri.sv(185) File: C:/Users/gomez/OneDrive/Escritorio/mini_proyectos/modulosveri.sv Line: 185
Info (10041): Inferred latch for "ram[170][1]" at modulosveri.sv(185) File: C:/Users/gomez/OneDrive/Escritorio/mini_proyectos/modulosveri.sv Line: 185
Info (10041): Inferred latch for "ram[170][2]" at modulosveri.sv(185) File: C:/Users/gomez/OneDrive/Escritorio/mini_proyectos/modulosveri.sv Line: 185
Info (10041): Inferred latch for "ram[170][3]" at modulosveri.sv(185) File: C:/Users/gomez/OneDrive/Escritorio/mini_proyectos/modulosveri.sv Line: 185
Info (10041): Inferred latch for "ram[170][4]" at modulosveri.sv(185) File: C:/Users/gomez/OneDrive/Escritorio/mini_proyectos/modulosveri.sv Line: 185
Info (10041): Inferred latch for "ram[170][5]" at modulosveri.sv(185) File: C:/Users/gomez/OneDrive/Escritorio/mini_proyectos/modulosveri.sv Line: 185
Info (10041): Inferred latch for "ram[170][6]" at modulosveri.sv(185) File: C:/Users/gomez/OneDrive/Escritorio/mini_proyectos/modulosveri.sv Line: 185
Info (10041): Inferred latch for "ram[170][7]" at modulosveri.sv(185) File: C:/Users/gomez/OneDrive/Escritorio/mini_proyectos/modulosveri.sv Line: 185
Info (10041): Inferred latch for "ram[169][0]" at modulosveri.sv(185) File: C:/Users/gomez/OneDrive/Escritorio/mini_proyectos/modulosveri.sv Line: 185
Info (10041): Inferred latch for "ram[169][1]" at modulosveri.sv(185) File: C:/Users/gomez/OneDrive/Escritorio/mini_proyectos/modulosveri.sv Line: 185
Info (10041): Inferred latch for "ram[169][2]" at modulosveri.sv(185) File: C:/Users/gomez/OneDrive/Escritorio/mini_proyectos/modulosveri.sv Line: 185
Info (10041): Inferred latch for "ram[169][3]" at modulosveri.sv(185) File: C:/Users/gomez/OneDrive/Escritorio/mini_proyectos/modulosveri.sv Line: 185
Info (10041): Inferred latch for "ram[169][4]" at modulosveri.sv(185) File: C:/Users/gomez/OneDrive/Escritorio/mini_proyectos/modulosveri.sv Line: 185
Info (10041): Inferred latch for "ram[169][5]" at modulosveri.sv(185) File: C:/Users/gomez/OneDrive/Escritorio/mini_proyectos/modulosveri.sv Line: 185
Info (10041): Inferred latch for "ram[169][6]" at modulosveri.sv(185) File: C:/Users/gomez/OneDrive/Escritorio/mini_proyectos/modulosveri.sv Line: 185
Info (10041): Inferred latch for "ram[169][7]" at modulosveri.sv(185) File: C:/Users/gomez/OneDrive/Escritorio/mini_proyectos/modulosveri.sv Line: 185
Info (10041): Inferred latch for "ram[168][0]" at modulosveri.sv(185) File: C:/Users/gomez/OneDrive/Escritorio/mini_proyectos/modulosveri.sv Line: 185
Info (10041): Inferred latch for "ram[168][1]" at modulosveri.sv(185) File: C:/Users/gomez/OneDrive/Escritorio/mini_proyectos/modulosveri.sv Line: 185
Info (10041): Inferred latch for "ram[168][2]" at modulosveri.sv(185) File: C:/Users/gomez/OneDrive/Escritorio/mini_proyectos/modulosveri.sv Line: 185
Info (10041): Inferred latch for "ram[168][3]" at modulosveri.sv(185) File: C:/Users/gomez/OneDrive/Escritorio/mini_proyectos/modulosveri.sv Line: 185
Info (10041): Inferred latch for "ram[168][4]" at modulosveri.sv(185) File: C:/Users/gomez/OneDrive/Escritorio/mini_proyectos/modulosveri.sv Line: 185
Info (10041): Inferred latch for "ram[168][5]" at modulosveri.sv(185) File: C:/Users/gomez/OneDrive/Escritorio/mini_proyectos/modulosveri.sv Line: 185
Info (10041): Inferred latch for "ram[168][6]" at modulosveri.sv(185) File: C:/Users/gomez/OneDrive/Escritorio/mini_proyectos/modulosveri.sv Line: 185
Info (10041): Inferred latch for "ram[168][7]" at modulosveri.sv(185) File: C:/Users/gomez/OneDrive/Escritorio/mini_proyectos/modulosveri.sv Line: 185
Info (10041): Inferred latch for "ram[167][0]" at modulosveri.sv(185) File: C:/Users/gomez/OneDrive/Escritorio/mini_proyectos/modulosveri.sv Line: 185
Info (10041): Inferred latch for "ram[167][1]" at modulosveri.sv(185) File: C:/Users/gomez/OneDrive/Escritorio/mini_proyectos/modulosveri.sv Line: 185
Info (10041): Inferred latch for "ram[167][2]" at modulosveri.sv(185) File: C:/Users/gomez/OneDrive/Escritorio/mini_proyectos/modulosveri.sv Line: 185
Info (10041): Inferred latch for "ram[167][3]" at modulosveri.sv(185) File: C:/Users/gomez/OneDrive/Escritorio/mini_proyectos/modulosveri.sv Line: 185
Info (10041): Inferred latch for "ram[167][4]" at modulosveri.sv(185) File: C:/Users/gomez/OneDrive/Escritorio/mini_proyectos/modulosveri.sv Line: 185
Info (10041): Inferred latch for "ram[167][5]" at modulosveri.sv(185) File: C:/Users/gomez/OneDrive/Escritorio/mini_proyectos/modulosveri.sv Line: 185
Info (10041): Inferred latch for "ram[167][6]" at modulosveri.sv(185) File: C:/Users/gomez/OneDrive/Escritorio/mini_proyectos/modulosveri.sv Line: 185
Info (10041): Inferred latch for "ram[167][7]" at modulosveri.sv(185) File: C:/Users/gomez/OneDrive/Escritorio/mini_proyectos/modulosveri.sv Line: 185
Info (10041): Inferred latch for "ram[166][0]" at modulosveri.sv(185) File: C:/Users/gomez/OneDrive/Escritorio/mini_proyectos/modulosveri.sv Line: 185
Info (10041): Inferred latch for "ram[166][1]" at modulosveri.sv(185) File: C:/Users/gomez/OneDrive/Escritorio/mini_proyectos/modulosveri.sv Line: 185
Info (10041): Inferred latch for "ram[166][2]" at modulosveri.sv(185) File: C:/Users/gomez/OneDrive/Escritorio/mini_proyectos/modulosveri.sv Line: 185
Info (10041): Inferred latch for "ram[166][3]" at modulosveri.sv(185) File: C:/Users/gomez/OneDrive/Escritorio/mini_proyectos/modulosveri.sv Line: 185
Info (10041): Inferred latch for "ram[166][4]" at modulosveri.sv(185) File: C:/Users/gomez/OneDrive/Escritorio/mini_proyectos/modulosveri.sv Line: 185
Info (10041): Inferred latch for "ram[166][5]" at modulosveri.sv(185) File: C:/Users/gomez/OneDrive/Escritorio/mini_proyectos/modulosveri.sv Line: 185
Info (10041): Inferred latch for "ram[166][6]" at modulosveri.sv(185) File: C:/Users/gomez/OneDrive/Escritorio/mini_proyectos/modulosveri.sv Line: 185
Info (10041): Inferred latch for "ram[166][7]" at modulosveri.sv(185) File: C:/Users/gomez/OneDrive/Escritorio/mini_proyectos/modulosveri.sv Line: 185
Info (10041): Inferred latch for "ram[165][0]" at modulosveri.sv(185) File: C:/Users/gomez/OneDrive/Escritorio/mini_proyectos/modulosveri.sv Line: 185
Info (10041): Inferred latch for "ram[165][1]" at modulosveri.sv(185) File: C:/Users/gomez/OneDrive/Escritorio/mini_proyectos/modulosveri.sv Line: 185
Info (10041): Inferred latch for "ram[165][2]" at modulosveri.sv(185) File: C:/Users/gomez/OneDrive/Escritorio/mini_proyectos/modulosveri.sv Line: 185
Info (10041): Inferred latch for "ram[165][3]" at modulosveri.sv(185) File: C:/Users/gomez/OneDrive/Escritorio/mini_proyectos/modulosveri.sv Line: 185
Info (10041): Inferred latch for "ram[165][4]" at modulosveri.sv(185) File: C:/Users/gomez/OneDrive/Escritorio/mini_proyectos/modulosveri.sv Line: 185
Info (10041): Inferred latch for "ram[165][5]" at modulosveri.sv(185) File: C:/Users/gomez/OneDrive/Escritorio/mini_proyectos/modulosveri.sv Line: 185
Info (10041): Inferred latch for "ram[165][6]" at modulosveri.sv(185) File: C:/Users/gomez/OneDrive/Escritorio/mini_proyectos/modulosveri.sv Line: 185
Info (10041): Inferred latch for "ram[165][7]" at modulosveri.sv(185) File: C:/Users/gomez/OneDrive/Escritorio/mini_proyectos/modulosveri.sv Line: 185
Info (10041): Inferred latch for "ram[164][0]" at modulosveri.sv(185) File: C:/Users/gomez/OneDrive/Escritorio/mini_proyectos/modulosveri.sv Line: 185
Info (10041): Inferred latch for "ram[164][1]" at modulosveri.sv(185) File: C:/Users/gomez/OneDrive/Escritorio/mini_proyectos/modulosveri.sv Line: 185
Info (10041): Inferred latch for "ram[164][2]" at modulosveri.sv(185) File: C:/Users/gomez/OneDrive/Escritorio/mini_proyectos/modulosveri.sv Line: 185
Info (10041): Inferred latch for "ram[164][3]" at modulosveri.sv(185) File: C:/Users/gomez/OneDrive/Escritorio/mini_proyectos/modulosveri.sv Line: 185
Info (10041): Inferred latch for "ram[164][4]" at modulosveri.sv(185) File: C:/Users/gomez/OneDrive/Escritorio/mini_proyectos/modulosveri.sv Line: 185
Info (10041): Inferred latch for "ram[164][5]" at modulosveri.sv(185) File: C:/Users/gomez/OneDrive/Escritorio/mini_proyectos/modulosveri.sv Line: 185
Info (10041): Inferred latch for "ram[164][6]" at modulosveri.sv(185) File: C:/Users/gomez/OneDrive/Escritorio/mini_proyectos/modulosveri.sv Line: 185
Info (10041): Inferred latch for "ram[164][7]" at modulosveri.sv(185) File: C:/Users/gomez/OneDrive/Escritorio/mini_proyectos/modulosveri.sv Line: 185
Info (10041): Inferred latch for "ram[163][0]" at modulosveri.sv(185) File: C:/Users/gomez/OneDrive/Escritorio/mini_proyectos/modulosveri.sv Line: 185
Info (10041): Inferred latch for "ram[163][1]" at modulosveri.sv(185) File: C:/Users/gomez/OneDrive/Escritorio/mini_proyectos/modulosveri.sv Line: 185
Info (10041): Inferred latch for "ram[163][2]" at modulosveri.sv(185) File: C:/Users/gomez/OneDrive/Escritorio/mini_proyectos/modulosveri.sv Line: 185
Info (10041): Inferred latch for "ram[163][3]" at modulosveri.sv(185) File: C:/Users/gomez/OneDrive/Escritorio/mini_proyectos/modulosveri.sv Line: 185
Info (10041): Inferred latch for "ram[163][4]" at modulosveri.sv(185) File: C:/Users/gomez/OneDrive/Escritorio/mini_proyectos/modulosveri.sv Line: 185
Info (10041): Inferred latch for "ram[163][5]" at modulosveri.sv(185) File: C:/Users/gomez/OneDrive/Escritorio/mini_proyectos/modulosveri.sv Line: 185
Info (10041): Inferred latch for "ram[163][6]" at modulosveri.sv(185) File: C:/Users/gomez/OneDrive/Escritorio/mini_proyectos/modulosveri.sv Line: 185
Info (10041): Inferred latch for "ram[163][7]" at modulosveri.sv(185) File: C:/Users/gomez/OneDrive/Escritorio/mini_proyectos/modulosveri.sv Line: 185
Info (10041): Inferred latch for "ram[162][0]" at modulosveri.sv(185) File: C:/Users/gomez/OneDrive/Escritorio/mini_proyectos/modulosveri.sv Line: 185
Info (10041): Inferred latch for "ram[162][1]" at modulosveri.sv(185) File: C:/Users/gomez/OneDrive/Escritorio/mini_proyectos/modulosveri.sv Line: 185
Info (10041): Inferred latch for "ram[162][2]" at modulosveri.sv(185) File: C:/Users/gomez/OneDrive/Escritorio/mini_proyectos/modulosveri.sv Line: 185
Info (10041): Inferred latch for "ram[162][3]" at modulosveri.sv(185) File: C:/Users/gomez/OneDrive/Escritorio/mini_proyectos/modulosveri.sv Line: 185
Info (10041): Inferred latch for "ram[162][4]" at modulosveri.sv(185) File: C:/Users/gomez/OneDrive/Escritorio/mini_proyectos/modulosveri.sv Line: 185
Info (10041): Inferred latch for "ram[162][5]" at modulosveri.sv(185) File: C:/Users/gomez/OneDrive/Escritorio/mini_proyectos/modulosveri.sv Line: 185
Info (10041): Inferred latch for "ram[162][6]" at modulosveri.sv(185) File: C:/Users/gomez/OneDrive/Escritorio/mini_proyectos/modulosveri.sv Line: 185
Info (10041): Inferred latch for "ram[162][7]" at modulosveri.sv(185) File: C:/Users/gomez/OneDrive/Escritorio/mini_proyectos/modulosveri.sv Line: 185
Info (10041): Inferred latch for "ram[161][0]" at modulosveri.sv(185) File: C:/Users/gomez/OneDrive/Escritorio/mini_proyectos/modulosveri.sv Line: 185
Info (10041): Inferred latch for "ram[161][1]" at modulosveri.sv(185) File: C:/Users/gomez/OneDrive/Escritorio/mini_proyectos/modulosveri.sv Line: 185
Info (10041): Inferred latch for "ram[161][2]" at modulosveri.sv(185) File: C:/Users/gomez/OneDrive/Escritorio/mini_proyectos/modulosveri.sv Line: 185
Info (10041): Inferred latch for "ram[161][3]" at modulosveri.sv(185) File: C:/Users/gomez/OneDrive/Escritorio/mini_proyectos/modulosveri.sv Line: 185
Info (10041): Inferred latch for "ram[161][4]" at modulosveri.sv(185) File: C:/Users/gomez/OneDrive/Escritorio/mini_proyectos/modulosveri.sv Line: 185
Info (10041): Inferred latch for "ram[161][5]" at modulosveri.sv(185) File: C:/Users/gomez/OneDrive/Escritorio/mini_proyectos/modulosveri.sv Line: 185
Info (10041): Inferred latch for "ram[161][6]" at modulosveri.sv(185) File: C:/Users/gomez/OneDrive/Escritorio/mini_proyectos/modulosveri.sv Line: 185
Info (10041): Inferred latch for "ram[161][7]" at modulosveri.sv(185) File: C:/Users/gomez/OneDrive/Escritorio/mini_proyectos/modulosveri.sv Line: 185
Info (10041): Inferred latch for "ram[160][0]" at modulosveri.sv(185) File: C:/Users/gomez/OneDrive/Escritorio/mini_proyectos/modulosveri.sv Line: 185
Info (10041): Inferred latch for "ram[160][1]" at modulosveri.sv(185) File: C:/Users/gomez/OneDrive/Escritorio/mini_proyectos/modulosveri.sv Line: 185
Info (10041): Inferred latch for "ram[160][2]" at modulosveri.sv(185) File: C:/Users/gomez/OneDrive/Escritorio/mini_proyectos/modulosveri.sv Line: 185
Info (10041): Inferred latch for "ram[160][3]" at modulosveri.sv(185) File: C:/Users/gomez/OneDrive/Escritorio/mini_proyectos/modulosveri.sv Line: 185
Info (10041): Inferred latch for "ram[160][4]" at modulosveri.sv(185) File: C:/Users/gomez/OneDrive/Escritorio/mini_proyectos/modulosveri.sv Line: 185
Info (10041): Inferred latch for "ram[160][5]" at modulosveri.sv(185) File: C:/Users/gomez/OneDrive/Escritorio/mini_proyectos/modulosveri.sv Line: 185
Info (10041): Inferred latch for "ram[160][6]" at modulosveri.sv(185) File: C:/Users/gomez/OneDrive/Escritorio/mini_proyectos/modulosveri.sv Line: 185
Info (10041): Inferred latch for "ram[160][7]" at modulosveri.sv(185) File: C:/Users/gomez/OneDrive/Escritorio/mini_proyectos/modulosveri.sv Line: 185
Info (10041): Inferred latch for "ram[159][0]" at modulosveri.sv(185) File: C:/Users/gomez/OneDrive/Escritorio/mini_proyectos/modulosveri.sv Line: 185
Info (10041): Inferred latch for "ram[159][1]" at modulosveri.sv(185) File: C:/Users/gomez/OneDrive/Escritorio/mini_proyectos/modulosveri.sv Line: 185
Info (10041): Inferred latch for "ram[159][2]" at modulosveri.sv(185) File: C:/Users/gomez/OneDrive/Escritorio/mini_proyectos/modulosveri.sv Line: 185
Info (10041): Inferred latch for "ram[159][3]" at modulosveri.sv(185) File: C:/Users/gomez/OneDrive/Escritorio/mini_proyectos/modulosveri.sv Line: 185
Info (10041): Inferred latch for "ram[159][4]" at modulosveri.sv(185) File: C:/Users/gomez/OneDrive/Escritorio/mini_proyectos/modulosveri.sv Line: 185
Info (10041): Inferred latch for "ram[159][5]" at modulosveri.sv(185) File: C:/Users/gomez/OneDrive/Escritorio/mini_proyectos/modulosveri.sv Line: 185
Info (10041): Inferred latch for "ram[159][6]" at modulosveri.sv(185) File: C:/Users/gomez/OneDrive/Escritorio/mini_proyectos/modulosveri.sv Line: 185
Info (10041): Inferred latch for "ram[159][7]" at modulosveri.sv(185) File: C:/Users/gomez/OneDrive/Escritorio/mini_proyectos/modulosveri.sv Line: 185
Info (10041): Inferred latch for "ram[158][0]" at modulosveri.sv(185) File: C:/Users/gomez/OneDrive/Escritorio/mini_proyectos/modulosveri.sv Line: 185
Info (10041): Inferred latch for "ram[158][1]" at modulosveri.sv(185) File: C:/Users/gomez/OneDrive/Escritorio/mini_proyectos/modulosveri.sv Line: 185
Info (10041): Inferred latch for "ram[158][2]" at modulosveri.sv(185) File: C:/Users/gomez/OneDrive/Escritorio/mini_proyectos/modulosveri.sv Line: 185
Info (10041): Inferred latch for "ram[158][3]" at modulosveri.sv(185) File: C:/Users/gomez/OneDrive/Escritorio/mini_proyectos/modulosveri.sv Line: 185
Info (10041): Inferred latch for "ram[158][4]" at modulosveri.sv(185) File: C:/Users/gomez/OneDrive/Escritorio/mini_proyectos/modulosveri.sv Line: 185
Info (10041): Inferred latch for "ram[158][5]" at modulosveri.sv(185) File: C:/Users/gomez/OneDrive/Escritorio/mini_proyectos/modulosveri.sv Line: 185
Info (10041): Inferred latch for "ram[158][6]" at modulosveri.sv(185) File: C:/Users/gomez/OneDrive/Escritorio/mini_proyectos/modulosveri.sv Line: 185
Info (10041): Inferred latch for "ram[158][7]" at modulosveri.sv(185) File: C:/Users/gomez/OneDrive/Escritorio/mini_proyectos/modulosveri.sv Line: 185
Info (10041): Inferred latch for "ram[157][0]" at modulosveri.sv(185) File: C:/Users/gomez/OneDrive/Escritorio/mini_proyectos/modulosveri.sv Line: 185
Info (10041): Inferred latch for "ram[157][1]" at modulosveri.sv(185) File: C:/Users/gomez/OneDrive/Escritorio/mini_proyectos/modulosveri.sv Line: 185
Info (10041): Inferred latch for "ram[157][2]" at modulosveri.sv(185) File: C:/Users/gomez/OneDrive/Escritorio/mini_proyectos/modulosveri.sv Line: 185
Info (10041): Inferred latch for "ram[157][3]" at modulosveri.sv(185) File: C:/Users/gomez/OneDrive/Escritorio/mini_proyectos/modulosveri.sv Line: 185
Info (10041): Inferred latch for "ram[157][4]" at modulosveri.sv(185) File: C:/Users/gomez/OneDrive/Escritorio/mini_proyectos/modulosveri.sv Line: 185
Info (10041): Inferred latch for "ram[157][5]" at modulosveri.sv(185) File: C:/Users/gomez/OneDrive/Escritorio/mini_proyectos/modulosveri.sv Line: 185
Info (10041): Inferred latch for "ram[157][6]" at modulosveri.sv(185) File: C:/Users/gomez/OneDrive/Escritorio/mini_proyectos/modulosveri.sv Line: 185
Info (10041): Inferred latch for "ram[157][7]" at modulosveri.sv(185) File: C:/Users/gomez/OneDrive/Escritorio/mini_proyectos/modulosveri.sv Line: 185
Info (10041): Inferred latch for "ram[156][0]" at modulosveri.sv(185) File: C:/Users/gomez/OneDrive/Escritorio/mini_proyectos/modulosveri.sv Line: 185
Info (10041): Inferred latch for "ram[156][1]" at modulosveri.sv(185) File: C:/Users/gomez/OneDrive/Escritorio/mini_proyectos/modulosveri.sv Line: 185
Info (10041): Inferred latch for "ram[156][2]" at modulosveri.sv(185) File: C:/Users/gomez/OneDrive/Escritorio/mini_proyectos/modulosveri.sv Line: 185
Info (10041): Inferred latch for "ram[156][3]" at modulosveri.sv(185) File: C:/Users/gomez/OneDrive/Escritorio/mini_proyectos/modulosveri.sv Line: 185
Info (10041): Inferred latch for "ram[156][4]" at modulosveri.sv(185) File: C:/Users/gomez/OneDrive/Escritorio/mini_proyectos/modulosveri.sv Line: 185
Info (10041): Inferred latch for "ram[156][5]" at modulosveri.sv(185) File: C:/Users/gomez/OneDrive/Escritorio/mini_proyectos/modulosveri.sv Line: 185
Info (10041): Inferred latch for "ram[156][6]" at modulosveri.sv(185) File: C:/Users/gomez/OneDrive/Escritorio/mini_proyectos/modulosveri.sv Line: 185
Info (10041): Inferred latch for "ram[156][7]" at modulosveri.sv(185) File: C:/Users/gomez/OneDrive/Escritorio/mini_proyectos/modulosveri.sv Line: 185
Info (10041): Inferred latch for "ram[155][0]" at modulosveri.sv(185) File: C:/Users/gomez/OneDrive/Escritorio/mini_proyectos/modulosveri.sv Line: 185
Info (10041): Inferred latch for "ram[155][1]" at modulosveri.sv(185) File: C:/Users/gomez/OneDrive/Escritorio/mini_proyectos/modulosveri.sv Line: 185
Info (10041): Inferred latch for "ram[155][2]" at modulosveri.sv(185) File: C:/Users/gomez/OneDrive/Escritorio/mini_proyectos/modulosveri.sv Line: 185
Info (10041): Inferred latch for "ram[155][3]" at modulosveri.sv(185) File: C:/Users/gomez/OneDrive/Escritorio/mini_proyectos/modulosveri.sv Line: 185
Info (10041): Inferred latch for "ram[155][4]" at modulosveri.sv(185) File: C:/Users/gomez/OneDrive/Escritorio/mini_proyectos/modulosveri.sv Line: 185
Info (10041): Inferred latch for "ram[155][5]" at modulosveri.sv(185) File: C:/Users/gomez/OneDrive/Escritorio/mini_proyectos/modulosveri.sv Line: 185
Info (10041): Inferred latch for "ram[155][6]" at modulosveri.sv(185) File: C:/Users/gomez/OneDrive/Escritorio/mini_proyectos/modulosveri.sv Line: 185
Info (10041): Inferred latch for "ram[155][7]" at modulosveri.sv(185) File: C:/Users/gomez/OneDrive/Escritorio/mini_proyectos/modulosveri.sv Line: 185
Info (10041): Inferred latch for "ram[154][0]" at modulosveri.sv(185) File: C:/Users/gomez/OneDrive/Escritorio/mini_proyectos/modulosveri.sv Line: 185
Info (10041): Inferred latch for "ram[154][1]" at modulosveri.sv(185) File: C:/Users/gomez/OneDrive/Escritorio/mini_proyectos/modulosveri.sv Line: 185
Info (10041): Inferred latch for "ram[154][2]" at modulosveri.sv(185) File: C:/Users/gomez/OneDrive/Escritorio/mini_proyectos/modulosveri.sv Line: 185
Info (10041): Inferred latch for "ram[154][3]" at modulosveri.sv(185) File: C:/Users/gomez/OneDrive/Escritorio/mini_proyectos/modulosveri.sv Line: 185
Info (10041): Inferred latch for "ram[154][4]" at modulosveri.sv(185) File: C:/Users/gomez/OneDrive/Escritorio/mini_proyectos/modulosveri.sv Line: 185
Info (10041): Inferred latch for "ram[154][5]" at modulosveri.sv(185) File: C:/Users/gomez/OneDrive/Escritorio/mini_proyectos/modulosveri.sv Line: 185
Info (10041): Inferred latch for "ram[154][6]" at modulosveri.sv(185) File: C:/Users/gomez/OneDrive/Escritorio/mini_proyectos/modulosveri.sv Line: 185
Info (10041): Inferred latch for "ram[154][7]" at modulosveri.sv(185) File: C:/Users/gomez/OneDrive/Escritorio/mini_proyectos/modulosveri.sv Line: 185
Info (10041): Inferred latch for "ram[153][0]" at modulosveri.sv(185) File: C:/Users/gomez/OneDrive/Escritorio/mini_proyectos/modulosveri.sv Line: 185
Info (10041): Inferred latch for "ram[153][1]" at modulosveri.sv(185) File: C:/Users/gomez/OneDrive/Escritorio/mini_proyectos/modulosveri.sv Line: 185
Info (10041): Inferred latch for "ram[153][2]" at modulosveri.sv(185) File: C:/Users/gomez/OneDrive/Escritorio/mini_proyectos/modulosveri.sv Line: 185
Info (10041): Inferred latch for "ram[153][3]" at modulosveri.sv(185) File: C:/Users/gomez/OneDrive/Escritorio/mini_proyectos/modulosveri.sv Line: 185
Info (10041): Inferred latch for "ram[153][4]" at modulosveri.sv(185) File: C:/Users/gomez/OneDrive/Escritorio/mini_proyectos/modulosveri.sv Line: 185
Info (10041): Inferred latch for "ram[153][5]" at modulosveri.sv(185) File: C:/Users/gomez/OneDrive/Escritorio/mini_proyectos/modulosveri.sv Line: 185
Info (10041): Inferred latch for "ram[153][6]" at modulosveri.sv(185) File: C:/Users/gomez/OneDrive/Escritorio/mini_proyectos/modulosveri.sv Line: 185
Info (10041): Inferred latch for "ram[153][7]" at modulosveri.sv(185) File: C:/Users/gomez/OneDrive/Escritorio/mini_proyectos/modulosveri.sv Line: 185
Info (10041): Inferred latch for "ram[152][0]" at modulosveri.sv(185) File: C:/Users/gomez/OneDrive/Escritorio/mini_proyectos/modulosveri.sv Line: 185
Info (10041): Inferred latch for "ram[152][1]" at modulosveri.sv(185) File: C:/Users/gomez/OneDrive/Escritorio/mini_proyectos/modulosveri.sv Line: 185
Info (10041): Inferred latch for "ram[152][2]" at modulosveri.sv(185) File: C:/Users/gomez/OneDrive/Escritorio/mini_proyectos/modulosveri.sv Line: 185
Info (10041): Inferred latch for "ram[152][3]" at modulosveri.sv(185) File: C:/Users/gomez/OneDrive/Escritorio/mini_proyectos/modulosveri.sv Line: 185
Info (10041): Inferred latch for "ram[152][4]" at modulosveri.sv(185) File: C:/Users/gomez/OneDrive/Escritorio/mini_proyectos/modulosveri.sv Line: 185
Info (10041): Inferred latch for "ram[152][5]" at modulosveri.sv(185) File: C:/Users/gomez/OneDrive/Escritorio/mini_proyectos/modulosveri.sv Line: 185
Info (10041): Inferred latch for "ram[152][6]" at modulosveri.sv(185) File: C:/Users/gomez/OneDrive/Escritorio/mini_proyectos/modulosveri.sv Line: 185
Info (10041): Inferred latch for "ram[152][7]" at modulosveri.sv(185) File: C:/Users/gomez/OneDrive/Escritorio/mini_proyectos/modulosveri.sv Line: 185
Info (10041): Inferred latch for "ram[151][0]" at modulosveri.sv(185) File: C:/Users/gomez/OneDrive/Escritorio/mini_proyectos/modulosveri.sv Line: 185
Info (10041): Inferred latch for "ram[151][1]" at modulosveri.sv(185) File: C:/Users/gomez/OneDrive/Escritorio/mini_proyectos/modulosveri.sv Line: 185
Info (10041): Inferred latch for "ram[151][2]" at modulosveri.sv(185) File: C:/Users/gomez/OneDrive/Escritorio/mini_proyectos/modulosveri.sv Line: 185
Info (10041): Inferred latch for "ram[151][3]" at modulosveri.sv(185) File: C:/Users/gomez/OneDrive/Escritorio/mini_proyectos/modulosveri.sv Line: 185
Info (10041): Inferred latch for "ram[151][4]" at modulosveri.sv(185) File: C:/Users/gomez/OneDrive/Escritorio/mini_proyectos/modulosveri.sv Line: 185
Info (10041): Inferred latch for "ram[151][5]" at modulosveri.sv(185) File: C:/Users/gomez/OneDrive/Escritorio/mini_proyectos/modulosveri.sv Line: 185
Info (10041): Inferred latch for "ram[151][6]" at modulosveri.sv(185) File: C:/Users/gomez/OneDrive/Escritorio/mini_proyectos/modulosveri.sv Line: 185
Info (10041): Inferred latch for "ram[151][7]" at modulosveri.sv(185) File: C:/Users/gomez/OneDrive/Escritorio/mini_proyectos/modulosveri.sv Line: 185
Info (10041): Inferred latch for "ram[150][0]" at modulosveri.sv(185) File: C:/Users/gomez/OneDrive/Escritorio/mini_proyectos/modulosveri.sv Line: 185
Info (10041): Inferred latch for "ram[150][1]" at modulosveri.sv(185) File: C:/Users/gomez/OneDrive/Escritorio/mini_proyectos/modulosveri.sv Line: 185
Info (10041): Inferred latch for "ram[150][2]" at modulosveri.sv(185) File: C:/Users/gomez/OneDrive/Escritorio/mini_proyectos/modulosveri.sv Line: 185
Info (10041): Inferred latch for "ram[150][3]" at modulosveri.sv(185) File: C:/Users/gomez/OneDrive/Escritorio/mini_proyectos/modulosveri.sv Line: 185
Info (10041): Inferred latch for "ram[150][4]" at modulosveri.sv(185) File: C:/Users/gomez/OneDrive/Escritorio/mini_proyectos/modulosveri.sv Line: 185
Info (10041): Inferred latch for "ram[150][5]" at modulosveri.sv(185) File: C:/Users/gomez/OneDrive/Escritorio/mini_proyectos/modulosveri.sv Line: 185
Info (10041): Inferred latch for "ram[150][6]" at modulosveri.sv(185) File: C:/Users/gomez/OneDrive/Escritorio/mini_proyectos/modulosveri.sv Line: 185
Info (10041): Inferred latch for "ram[150][7]" at modulosveri.sv(185) File: C:/Users/gomez/OneDrive/Escritorio/mini_proyectos/modulosveri.sv Line: 185
Info (10041): Inferred latch for "ram[149][0]" at modulosveri.sv(185) File: C:/Users/gomez/OneDrive/Escritorio/mini_proyectos/modulosveri.sv Line: 185
Info (10041): Inferred latch for "ram[149][1]" at modulosveri.sv(185) File: C:/Users/gomez/OneDrive/Escritorio/mini_proyectos/modulosveri.sv Line: 185
Info (10041): Inferred latch for "ram[149][2]" at modulosveri.sv(185) File: C:/Users/gomez/OneDrive/Escritorio/mini_proyectos/modulosveri.sv Line: 185
Info (10041): Inferred latch for "ram[149][3]" at modulosveri.sv(185) File: C:/Users/gomez/OneDrive/Escritorio/mini_proyectos/modulosveri.sv Line: 185
Info (10041): Inferred latch for "ram[149][4]" at modulosveri.sv(185) File: C:/Users/gomez/OneDrive/Escritorio/mini_proyectos/modulosveri.sv Line: 185
Info (10041): Inferred latch for "ram[149][5]" at modulosveri.sv(185) File: C:/Users/gomez/OneDrive/Escritorio/mini_proyectos/modulosveri.sv Line: 185
Info (10041): Inferred latch for "ram[149][6]" at modulosveri.sv(185) File: C:/Users/gomez/OneDrive/Escritorio/mini_proyectos/modulosveri.sv Line: 185
Info (10041): Inferred latch for "ram[149][7]" at modulosveri.sv(185) File: C:/Users/gomez/OneDrive/Escritorio/mini_proyectos/modulosveri.sv Line: 185
Info (10041): Inferred latch for "ram[148][0]" at modulosveri.sv(185) File: C:/Users/gomez/OneDrive/Escritorio/mini_proyectos/modulosveri.sv Line: 185
Info (10041): Inferred latch for "ram[148][1]" at modulosveri.sv(185) File: C:/Users/gomez/OneDrive/Escritorio/mini_proyectos/modulosveri.sv Line: 185
Info (10041): Inferred latch for "ram[148][2]" at modulosveri.sv(185) File: C:/Users/gomez/OneDrive/Escritorio/mini_proyectos/modulosveri.sv Line: 185
Info (10041): Inferred latch for "ram[148][3]" at modulosveri.sv(185) File: C:/Users/gomez/OneDrive/Escritorio/mini_proyectos/modulosveri.sv Line: 185
Info (10041): Inferred latch for "ram[148][4]" at modulosveri.sv(185) File: C:/Users/gomez/OneDrive/Escritorio/mini_proyectos/modulosveri.sv Line: 185
Info (10041): Inferred latch for "ram[148][5]" at modulosveri.sv(185) File: C:/Users/gomez/OneDrive/Escritorio/mini_proyectos/modulosveri.sv Line: 185
Info (10041): Inferred latch for "ram[148][6]" at modulosveri.sv(185) File: C:/Users/gomez/OneDrive/Escritorio/mini_proyectos/modulosveri.sv Line: 185
Info (10041): Inferred latch for "ram[148][7]" at modulosveri.sv(185) File: C:/Users/gomez/OneDrive/Escritorio/mini_proyectos/modulosveri.sv Line: 185
Info (10041): Inferred latch for "ram[147][0]" at modulosveri.sv(185) File: C:/Users/gomez/OneDrive/Escritorio/mini_proyectos/modulosveri.sv Line: 185
Info (10041): Inferred latch for "ram[147][1]" at modulosveri.sv(185) File: C:/Users/gomez/OneDrive/Escritorio/mini_proyectos/modulosveri.sv Line: 185
Info (10041): Inferred latch for "ram[147][2]" at modulosveri.sv(185) File: C:/Users/gomez/OneDrive/Escritorio/mini_proyectos/modulosveri.sv Line: 185
Info (10041): Inferred latch for "ram[147][3]" at modulosveri.sv(185) File: C:/Users/gomez/OneDrive/Escritorio/mini_proyectos/modulosveri.sv Line: 185
Info (10041): Inferred latch for "ram[147][4]" at modulosveri.sv(185) File: C:/Users/gomez/OneDrive/Escritorio/mini_proyectos/modulosveri.sv Line: 185
Info (10041): Inferred latch for "ram[147][5]" at modulosveri.sv(185) File: C:/Users/gomez/OneDrive/Escritorio/mini_proyectos/modulosveri.sv Line: 185
Info (10041): Inferred latch for "ram[147][6]" at modulosveri.sv(185) File: C:/Users/gomez/OneDrive/Escritorio/mini_proyectos/modulosveri.sv Line: 185
Info (10041): Inferred latch for "ram[147][7]" at modulosveri.sv(185) File: C:/Users/gomez/OneDrive/Escritorio/mini_proyectos/modulosveri.sv Line: 185
Info (10041): Inferred latch for "ram[146][0]" at modulosveri.sv(185) File: C:/Users/gomez/OneDrive/Escritorio/mini_proyectos/modulosveri.sv Line: 185
Info (10041): Inferred latch for "ram[146][1]" at modulosveri.sv(185) File: C:/Users/gomez/OneDrive/Escritorio/mini_proyectos/modulosveri.sv Line: 185
Info (10041): Inferred latch for "ram[146][2]" at modulosveri.sv(185) File: C:/Users/gomez/OneDrive/Escritorio/mini_proyectos/modulosveri.sv Line: 185
Info (10041): Inferred latch for "ram[146][3]" at modulosveri.sv(185) File: C:/Users/gomez/OneDrive/Escritorio/mini_proyectos/modulosveri.sv Line: 185
Info (10041): Inferred latch for "ram[146][4]" at modulosveri.sv(185) File: C:/Users/gomez/OneDrive/Escritorio/mini_proyectos/modulosveri.sv Line: 185
Info (10041): Inferred latch for "ram[146][5]" at modulosveri.sv(185) File: C:/Users/gomez/OneDrive/Escritorio/mini_proyectos/modulosveri.sv Line: 185
Info (10041): Inferred latch for "ram[146][6]" at modulosveri.sv(185) File: C:/Users/gomez/OneDrive/Escritorio/mini_proyectos/modulosveri.sv Line: 185
Info (10041): Inferred latch for "ram[146][7]" at modulosveri.sv(185) File: C:/Users/gomez/OneDrive/Escritorio/mini_proyectos/modulosveri.sv Line: 185
Info (10041): Inferred latch for "ram[145][0]" at modulosveri.sv(185) File: C:/Users/gomez/OneDrive/Escritorio/mini_proyectos/modulosveri.sv Line: 185
Info (10041): Inferred latch for "ram[145][1]" at modulosveri.sv(185) File: C:/Users/gomez/OneDrive/Escritorio/mini_proyectos/modulosveri.sv Line: 185
Info (10041): Inferred latch for "ram[145][2]" at modulosveri.sv(185) File: C:/Users/gomez/OneDrive/Escritorio/mini_proyectos/modulosveri.sv Line: 185
Info (10041): Inferred latch for "ram[145][3]" at modulosveri.sv(185) File: C:/Users/gomez/OneDrive/Escritorio/mini_proyectos/modulosveri.sv Line: 185
Info (10041): Inferred latch for "ram[145][4]" at modulosveri.sv(185) File: C:/Users/gomez/OneDrive/Escritorio/mini_proyectos/modulosveri.sv Line: 185
Info (10041): Inferred latch for "ram[145][5]" at modulosveri.sv(185) File: C:/Users/gomez/OneDrive/Escritorio/mini_proyectos/modulosveri.sv Line: 185
Info (10041): Inferred latch for "ram[145][6]" at modulosveri.sv(185) File: C:/Users/gomez/OneDrive/Escritorio/mini_proyectos/modulosveri.sv Line: 185
Info (10041): Inferred latch for "ram[145][7]" at modulosveri.sv(185) File: C:/Users/gomez/OneDrive/Escritorio/mini_proyectos/modulosveri.sv Line: 185
Info (10041): Inferred latch for "ram[144][0]" at modulosveri.sv(185) File: C:/Users/gomez/OneDrive/Escritorio/mini_proyectos/modulosveri.sv Line: 185
Info (10041): Inferred latch for "ram[144][1]" at modulosveri.sv(185) File: C:/Users/gomez/OneDrive/Escritorio/mini_proyectos/modulosveri.sv Line: 185
Info (10041): Inferred latch for "ram[144][2]" at modulosveri.sv(185) File: C:/Users/gomez/OneDrive/Escritorio/mini_proyectos/modulosveri.sv Line: 185
Info (10041): Inferred latch for "ram[144][3]" at modulosveri.sv(185) File: C:/Users/gomez/OneDrive/Escritorio/mini_proyectos/modulosveri.sv Line: 185
Info (10041): Inferred latch for "ram[144][4]" at modulosveri.sv(185) File: C:/Users/gomez/OneDrive/Escritorio/mini_proyectos/modulosveri.sv Line: 185
Info (10041): Inferred latch for "ram[144][5]" at modulosveri.sv(185) File: C:/Users/gomez/OneDrive/Escritorio/mini_proyectos/modulosveri.sv Line: 185
Info (10041): Inferred latch for "ram[144][6]" at modulosveri.sv(185) File: C:/Users/gomez/OneDrive/Escritorio/mini_proyectos/modulosveri.sv Line: 185
Info (10041): Inferred latch for "ram[144][7]" at modulosveri.sv(185) File: C:/Users/gomez/OneDrive/Escritorio/mini_proyectos/modulosveri.sv Line: 185
Info (10041): Inferred latch for "ram[143][0]" at modulosveri.sv(185) File: C:/Users/gomez/OneDrive/Escritorio/mini_proyectos/modulosveri.sv Line: 185
Info (10041): Inferred latch for "ram[143][1]" at modulosveri.sv(185) File: C:/Users/gomez/OneDrive/Escritorio/mini_proyectos/modulosveri.sv Line: 185
Info (10041): Inferred latch for "ram[143][2]" at modulosveri.sv(185) File: C:/Users/gomez/OneDrive/Escritorio/mini_proyectos/modulosveri.sv Line: 185
Info (10041): Inferred latch for "ram[143][3]" at modulosveri.sv(185) File: C:/Users/gomez/OneDrive/Escritorio/mini_proyectos/modulosveri.sv Line: 185
Info (10041): Inferred latch for "ram[143][4]" at modulosveri.sv(185) File: C:/Users/gomez/OneDrive/Escritorio/mini_proyectos/modulosveri.sv Line: 185
Info (10041): Inferred latch for "ram[143][5]" at modulosveri.sv(185) File: C:/Users/gomez/OneDrive/Escritorio/mini_proyectos/modulosveri.sv Line: 185
Info (10041): Inferred latch for "ram[143][6]" at modulosveri.sv(185) File: C:/Users/gomez/OneDrive/Escritorio/mini_proyectos/modulosveri.sv Line: 185
Info (10041): Inferred latch for "ram[143][7]" at modulosveri.sv(185) File: C:/Users/gomez/OneDrive/Escritorio/mini_proyectos/modulosveri.sv Line: 185
Info (10041): Inferred latch for "ram[142][0]" at modulosveri.sv(185) File: C:/Users/gomez/OneDrive/Escritorio/mini_proyectos/modulosveri.sv Line: 185
Info (10041): Inferred latch for "ram[142][1]" at modulosveri.sv(185) File: C:/Users/gomez/OneDrive/Escritorio/mini_proyectos/modulosveri.sv Line: 185
Info (10041): Inferred latch for "ram[142][2]" at modulosveri.sv(185) File: C:/Users/gomez/OneDrive/Escritorio/mini_proyectos/modulosveri.sv Line: 185
Info (10041): Inferred latch for "ram[142][3]" at modulosveri.sv(185) File: C:/Users/gomez/OneDrive/Escritorio/mini_proyectos/modulosveri.sv Line: 185
Info (10041): Inferred latch for "ram[142][4]" at modulosveri.sv(185) File: C:/Users/gomez/OneDrive/Escritorio/mini_proyectos/modulosveri.sv Line: 185
Info (10041): Inferred latch for "ram[142][5]" at modulosveri.sv(185) File: C:/Users/gomez/OneDrive/Escritorio/mini_proyectos/modulosveri.sv Line: 185
Info (10041): Inferred latch for "ram[142][6]" at modulosveri.sv(185) File: C:/Users/gomez/OneDrive/Escritorio/mini_proyectos/modulosveri.sv Line: 185
Info (10041): Inferred latch for "ram[142][7]" at modulosveri.sv(185) File: C:/Users/gomez/OneDrive/Escritorio/mini_proyectos/modulosveri.sv Line: 185
Info (10041): Inferred latch for "ram[141][0]" at modulosveri.sv(185) File: C:/Users/gomez/OneDrive/Escritorio/mini_proyectos/modulosveri.sv Line: 185
Info (10041): Inferred latch for "ram[141][1]" at modulosveri.sv(185) File: C:/Users/gomez/OneDrive/Escritorio/mini_proyectos/modulosveri.sv Line: 185
Info (10041): Inferred latch for "ram[141][2]" at modulosveri.sv(185) File: C:/Users/gomez/OneDrive/Escritorio/mini_proyectos/modulosveri.sv Line: 185
Info (10041): Inferred latch for "ram[141][3]" at modulosveri.sv(185) File: C:/Users/gomez/OneDrive/Escritorio/mini_proyectos/modulosveri.sv Line: 185
Info (10041): Inferred latch for "ram[141][4]" at modulosveri.sv(185) File: C:/Users/gomez/OneDrive/Escritorio/mini_proyectos/modulosveri.sv Line: 185
Info (10041): Inferred latch for "ram[141][5]" at modulosveri.sv(185) File: C:/Users/gomez/OneDrive/Escritorio/mini_proyectos/modulosveri.sv Line: 185
Info (10041): Inferred latch for "ram[141][6]" at modulosveri.sv(185) File: C:/Users/gomez/OneDrive/Escritorio/mini_proyectos/modulosveri.sv Line: 185
Info (10041): Inferred latch for "ram[141][7]" at modulosveri.sv(185) File: C:/Users/gomez/OneDrive/Escritorio/mini_proyectos/modulosveri.sv Line: 185
Info (10041): Inferred latch for "ram[140][0]" at modulosveri.sv(185) File: C:/Users/gomez/OneDrive/Escritorio/mini_proyectos/modulosveri.sv Line: 185
Info (10041): Inferred latch for "ram[140][1]" at modulosveri.sv(185) File: C:/Users/gomez/OneDrive/Escritorio/mini_proyectos/modulosveri.sv Line: 185
Info (10041): Inferred latch for "ram[140][2]" at modulosveri.sv(185) File: C:/Users/gomez/OneDrive/Escritorio/mini_proyectos/modulosveri.sv Line: 185
Info (10041): Inferred latch for "ram[140][3]" at modulosveri.sv(185) File: C:/Users/gomez/OneDrive/Escritorio/mini_proyectos/modulosveri.sv Line: 185
Info (10041): Inferred latch for "ram[140][4]" at modulosveri.sv(185) File: C:/Users/gomez/OneDrive/Escritorio/mini_proyectos/modulosveri.sv Line: 185
Info (10041): Inferred latch for "ram[140][5]" at modulosveri.sv(185) File: C:/Users/gomez/OneDrive/Escritorio/mini_proyectos/modulosveri.sv Line: 185
Info (10041): Inferred latch for "ram[140][6]" at modulosveri.sv(185) File: C:/Users/gomez/OneDrive/Escritorio/mini_proyectos/modulosveri.sv Line: 185
Info (10041): Inferred latch for "ram[140][7]" at modulosveri.sv(185) File: C:/Users/gomez/OneDrive/Escritorio/mini_proyectos/modulosveri.sv Line: 185
Info (10041): Inferred latch for "ram[139][0]" at modulosveri.sv(185) File: C:/Users/gomez/OneDrive/Escritorio/mini_proyectos/modulosveri.sv Line: 185
Info (10041): Inferred latch for "ram[139][1]" at modulosveri.sv(185) File: C:/Users/gomez/OneDrive/Escritorio/mini_proyectos/modulosveri.sv Line: 185
Info (10041): Inferred latch for "ram[139][2]" at modulosveri.sv(185) File: C:/Users/gomez/OneDrive/Escritorio/mini_proyectos/modulosveri.sv Line: 185
Info (10041): Inferred latch for "ram[139][3]" at modulosveri.sv(185) File: C:/Users/gomez/OneDrive/Escritorio/mini_proyectos/modulosveri.sv Line: 185
Info (10041): Inferred latch for "ram[139][4]" at modulosveri.sv(185) File: C:/Users/gomez/OneDrive/Escritorio/mini_proyectos/modulosveri.sv Line: 185
Info (10041): Inferred latch for "ram[139][5]" at modulosveri.sv(185) File: C:/Users/gomez/OneDrive/Escritorio/mini_proyectos/modulosveri.sv Line: 185
Info (10041): Inferred latch for "ram[139][6]" at modulosveri.sv(185) File: C:/Users/gomez/OneDrive/Escritorio/mini_proyectos/modulosveri.sv Line: 185
Info (10041): Inferred latch for "ram[139][7]" at modulosveri.sv(185) File: C:/Users/gomez/OneDrive/Escritorio/mini_proyectos/modulosveri.sv Line: 185
Info (10041): Inferred latch for "ram[138][0]" at modulosveri.sv(185) File: C:/Users/gomez/OneDrive/Escritorio/mini_proyectos/modulosveri.sv Line: 185
Info (10041): Inferred latch for "ram[138][1]" at modulosveri.sv(185) File: C:/Users/gomez/OneDrive/Escritorio/mini_proyectos/modulosveri.sv Line: 185
Info (10041): Inferred latch for "ram[138][2]" at modulosveri.sv(185) File: C:/Users/gomez/OneDrive/Escritorio/mini_proyectos/modulosveri.sv Line: 185
Info (10041): Inferred latch for "ram[138][3]" at modulosveri.sv(185) File: C:/Users/gomez/OneDrive/Escritorio/mini_proyectos/modulosveri.sv Line: 185
Info (10041): Inferred latch for "ram[138][4]" at modulosveri.sv(185) File: C:/Users/gomez/OneDrive/Escritorio/mini_proyectos/modulosveri.sv Line: 185
Info (10041): Inferred latch for "ram[138][5]" at modulosveri.sv(185) File: C:/Users/gomez/OneDrive/Escritorio/mini_proyectos/modulosveri.sv Line: 185
Info (10041): Inferred latch for "ram[138][6]" at modulosveri.sv(185) File: C:/Users/gomez/OneDrive/Escritorio/mini_proyectos/modulosveri.sv Line: 185
Info (10041): Inferred latch for "ram[138][7]" at modulosveri.sv(185) File: C:/Users/gomez/OneDrive/Escritorio/mini_proyectos/modulosveri.sv Line: 185
Info (10041): Inferred latch for "ram[137][0]" at modulosveri.sv(185) File: C:/Users/gomez/OneDrive/Escritorio/mini_proyectos/modulosveri.sv Line: 185
Info (10041): Inferred latch for "ram[137][1]" at modulosveri.sv(185) File: C:/Users/gomez/OneDrive/Escritorio/mini_proyectos/modulosveri.sv Line: 185
Info (10041): Inferred latch for "ram[137][2]" at modulosveri.sv(185) File: C:/Users/gomez/OneDrive/Escritorio/mini_proyectos/modulosveri.sv Line: 185
Info (10041): Inferred latch for "ram[137][3]" at modulosveri.sv(185) File: C:/Users/gomez/OneDrive/Escritorio/mini_proyectos/modulosveri.sv Line: 185
Info (10041): Inferred latch for "ram[137][4]" at modulosveri.sv(185) File: C:/Users/gomez/OneDrive/Escritorio/mini_proyectos/modulosveri.sv Line: 185
Info (10041): Inferred latch for "ram[137][5]" at modulosveri.sv(185) File: C:/Users/gomez/OneDrive/Escritorio/mini_proyectos/modulosveri.sv Line: 185
Info (10041): Inferred latch for "ram[137][6]" at modulosveri.sv(185) File: C:/Users/gomez/OneDrive/Escritorio/mini_proyectos/modulosveri.sv Line: 185
Info (10041): Inferred latch for "ram[137][7]" at modulosveri.sv(185) File: C:/Users/gomez/OneDrive/Escritorio/mini_proyectos/modulosveri.sv Line: 185
Info (10041): Inferred latch for "ram[136][0]" at modulosveri.sv(185) File: C:/Users/gomez/OneDrive/Escritorio/mini_proyectos/modulosveri.sv Line: 185
Info (10041): Inferred latch for "ram[136][1]" at modulosveri.sv(185) File: C:/Users/gomez/OneDrive/Escritorio/mini_proyectos/modulosveri.sv Line: 185
Info (10041): Inferred latch for "ram[136][2]" at modulosveri.sv(185) File: C:/Users/gomez/OneDrive/Escritorio/mini_proyectos/modulosveri.sv Line: 185
Info (10041): Inferred latch for "ram[136][3]" at modulosveri.sv(185) File: C:/Users/gomez/OneDrive/Escritorio/mini_proyectos/modulosveri.sv Line: 185
Info (10041): Inferred latch for "ram[136][4]" at modulosveri.sv(185) File: C:/Users/gomez/OneDrive/Escritorio/mini_proyectos/modulosveri.sv Line: 185
Info (10041): Inferred latch for "ram[136][5]" at modulosveri.sv(185) File: C:/Users/gomez/OneDrive/Escritorio/mini_proyectos/modulosveri.sv Line: 185
Info (10041): Inferred latch for "ram[136][6]" at modulosveri.sv(185) File: C:/Users/gomez/OneDrive/Escritorio/mini_proyectos/modulosveri.sv Line: 185
Info (10041): Inferred latch for "ram[136][7]" at modulosveri.sv(185) File: C:/Users/gomez/OneDrive/Escritorio/mini_proyectos/modulosveri.sv Line: 185
Info (10041): Inferred latch for "ram[135][0]" at modulosveri.sv(185) File: C:/Users/gomez/OneDrive/Escritorio/mini_proyectos/modulosveri.sv Line: 185
Info (10041): Inferred latch for "ram[135][1]" at modulosveri.sv(185) File: C:/Users/gomez/OneDrive/Escritorio/mini_proyectos/modulosveri.sv Line: 185
Info (10041): Inferred latch for "ram[135][2]" at modulosveri.sv(185) File: C:/Users/gomez/OneDrive/Escritorio/mini_proyectos/modulosveri.sv Line: 185
Info (10041): Inferred latch for "ram[135][3]" at modulosveri.sv(185) File: C:/Users/gomez/OneDrive/Escritorio/mini_proyectos/modulosveri.sv Line: 185
Info (10041): Inferred latch for "ram[135][4]" at modulosveri.sv(185) File: C:/Users/gomez/OneDrive/Escritorio/mini_proyectos/modulosveri.sv Line: 185
Info (10041): Inferred latch for "ram[135][5]" at modulosveri.sv(185) File: C:/Users/gomez/OneDrive/Escritorio/mini_proyectos/modulosveri.sv Line: 185
Info (10041): Inferred latch for "ram[135][6]" at modulosveri.sv(185) File: C:/Users/gomez/OneDrive/Escritorio/mini_proyectos/modulosveri.sv Line: 185
Info (10041): Inferred latch for "ram[135][7]" at modulosveri.sv(185) File: C:/Users/gomez/OneDrive/Escritorio/mini_proyectos/modulosveri.sv Line: 185
Info (10041): Inferred latch for "ram[134][0]" at modulosveri.sv(185) File: C:/Users/gomez/OneDrive/Escritorio/mini_proyectos/modulosveri.sv Line: 185
Info (10041): Inferred latch for "ram[134][1]" at modulosveri.sv(185) File: C:/Users/gomez/OneDrive/Escritorio/mini_proyectos/modulosveri.sv Line: 185
Info (10041): Inferred latch for "ram[134][2]" at modulosveri.sv(185) File: C:/Users/gomez/OneDrive/Escritorio/mini_proyectos/modulosveri.sv Line: 185
Info (10041): Inferred latch for "ram[134][3]" at modulosveri.sv(185) File: C:/Users/gomez/OneDrive/Escritorio/mini_proyectos/modulosveri.sv Line: 185
Info (10041): Inferred latch for "ram[134][4]" at modulosveri.sv(185) File: C:/Users/gomez/OneDrive/Escritorio/mini_proyectos/modulosveri.sv Line: 185
Info (10041): Inferred latch for "ram[134][5]" at modulosveri.sv(185) File: C:/Users/gomez/OneDrive/Escritorio/mini_proyectos/modulosveri.sv Line: 185
Info (10041): Inferred latch for "ram[134][6]" at modulosveri.sv(185) File: C:/Users/gomez/OneDrive/Escritorio/mini_proyectos/modulosveri.sv Line: 185
Info (10041): Inferred latch for "ram[134][7]" at modulosveri.sv(185) File: C:/Users/gomez/OneDrive/Escritorio/mini_proyectos/modulosveri.sv Line: 185
Info (10041): Inferred latch for "ram[133][0]" at modulosveri.sv(185) File: C:/Users/gomez/OneDrive/Escritorio/mini_proyectos/modulosveri.sv Line: 185
Info (10041): Inferred latch for "ram[133][1]" at modulosveri.sv(185) File: C:/Users/gomez/OneDrive/Escritorio/mini_proyectos/modulosveri.sv Line: 185
Info (10041): Inferred latch for "ram[133][2]" at modulosveri.sv(185) File: C:/Users/gomez/OneDrive/Escritorio/mini_proyectos/modulosveri.sv Line: 185
Info (10041): Inferred latch for "ram[133][3]" at modulosveri.sv(185) File: C:/Users/gomez/OneDrive/Escritorio/mini_proyectos/modulosveri.sv Line: 185
Info (10041): Inferred latch for "ram[133][4]" at modulosveri.sv(185) File: C:/Users/gomez/OneDrive/Escritorio/mini_proyectos/modulosveri.sv Line: 185
Info (10041): Inferred latch for "ram[133][5]" at modulosveri.sv(185) File: C:/Users/gomez/OneDrive/Escritorio/mini_proyectos/modulosveri.sv Line: 185
Info (10041): Inferred latch for "ram[133][6]" at modulosveri.sv(185) File: C:/Users/gomez/OneDrive/Escritorio/mini_proyectos/modulosveri.sv Line: 185
Info (10041): Inferred latch for "ram[133][7]" at modulosveri.sv(185) File: C:/Users/gomez/OneDrive/Escritorio/mini_proyectos/modulosveri.sv Line: 185
Info (10041): Inferred latch for "ram[132][0]" at modulosveri.sv(185) File: C:/Users/gomez/OneDrive/Escritorio/mini_proyectos/modulosveri.sv Line: 185
Info (10041): Inferred latch for "ram[132][1]" at modulosveri.sv(185) File: C:/Users/gomez/OneDrive/Escritorio/mini_proyectos/modulosveri.sv Line: 185
Info (10041): Inferred latch for "ram[132][2]" at modulosveri.sv(185) File: C:/Users/gomez/OneDrive/Escritorio/mini_proyectos/modulosveri.sv Line: 185
Info (10041): Inferred latch for "ram[132][3]" at modulosveri.sv(185) File: C:/Users/gomez/OneDrive/Escritorio/mini_proyectos/modulosveri.sv Line: 185
Info (10041): Inferred latch for "ram[132][4]" at modulosveri.sv(185) File: C:/Users/gomez/OneDrive/Escritorio/mini_proyectos/modulosveri.sv Line: 185
Info (10041): Inferred latch for "ram[132][5]" at modulosveri.sv(185) File: C:/Users/gomez/OneDrive/Escritorio/mini_proyectos/modulosveri.sv Line: 185
Info (10041): Inferred latch for "ram[132][6]" at modulosveri.sv(185) File: C:/Users/gomez/OneDrive/Escritorio/mini_proyectos/modulosveri.sv Line: 185
Info (10041): Inferred latch for "ram[132][7]" at modulosveri.sv(185) File: C:/Users/gomez/OneDrive/Escritorio/mini_proyectos/modulosveri.sv Line: 185
Info (10041): Inferred latch for "ram[131][0]" at modulosveri.sv(185) File: C:/Users/gomez/OneDrive/Escritorio/mini_proyectos/modulosveri.sv Line: 185
Info (10041): Inferred latch for "ram[131][1]" at modulosveri.sv(185) File: C:/Users/gomez/OneDrive/Escritorio/mini_proyectos/modulosveri.sv Line: 185
Info (10041): Inferred latch for "ram[131][2]" at modulosveri.sv(185) File: C:/Users/gomez/OneDrive/Escritorio/mini_proyectos/modulosveri.sv Line: 185
Info (10041): Inferred latch for "ram[131][3]" at modulosveri.sv(185) File: C:/Users/gomez/OneDrive/Escritorio/mini_proyectos/modulosveri.sv Line: 185
Info (10041): Inferred latch for "ram[131][4]" at modulosveri.sv(185) File: C:/Users/gomez/OneDrive/Escritorio/mini_proyectos/modulosveri.sv Line: 185
Info (10041): Inferred latch for "ram[131][5]" at modulosveri.sv(185) File: C:/Users/gomez/OneDrive/Escritorio/mini_proyectos/modulosveri.sv Line: 185
Info (10041): Inferred latch for "ram[131][6]" at modulosveri.sv(185) File: C:/Users/gomez/OneDrive/Escritorio/mini_proyectos/modulosveri.sv Line: 185
Info (10041): Inferred latch for "ram[131][7]" at modulosveri.sv(185) File: C:/Users/gomez/OneDrive/Escritorio/mini_proyectos/modulosveri.sv Line: 185
Info (10041): Inferred latch for "ram[130][0]" at modulosveri.sv(185) File: C:/Users/gomez/OneDrive/Escritorio/mini_proyectos/modulosveri.sv Line: 185
Info (10041): Inferred latch for "ram[130][1]" at modulosveri.sv(185) File: C:/Users/gomez/OneDrive/Escritorio/mini_proyectos/modulosveri.sv Line: 185
Info (10041): Inferred latch for "ram[130][2]" at modulosveri.sv(185) File: C:/Users/gomez/OneDrive/Escritorio/mini_proyectos/modulosveri.sv Line: 185
Info (10041): Inferred latch for "ram[130][3]" at modulosveri.sv(185) File: C:/Users/gomez/OneDrive/Escritorio/mini_proyectos/modulosveri.sv Line: 185
Info (10041): Inferred latch for "ram[130][4]" at modulosveri.sv(185) File: C:/Users/gomez/OneDrive/Escritorio/mini_proyectos/modulosveri.sv Line: 185
Info (10041): Inferred latch for "ram[130][5]" at modulosveri.sv(185) File: C:/Users/gomez/OneDrive/Escritorio/mini_proyectos/modulosveri.sv Line: 185
Info (10041): Inferred latch for "ram[130][6]" at modulosveri.sv(185) File: C:/Users/gomez/OneDrive/Escritorio/mini_proyectos/modulosveri.sv Line: 185
Info (10041): Inferred latch for "ram[130][7]" at modulosveri.sv(185) File: C:/Users/gomez/OneDrive/Escritorio/mini_proyectos/modulosveri.sv Line: 185
Info (10041): Inferred latch for "ram[129][0]" at modulosveri.sv(185) File: C:/Users/gomez/OneDrive/Escritorio/mini_proyectos/modulosveri.sv Line: 185
Info (10041): Inferred latch for "ram[129][1]" at modulosveri.sv(185) File: C:/Users/gomez/OneDrive/Escritorio/mini_proyectos/modulosveri.sv Line: 185
Info (10041): Inferred latch for "ram[129][2]" at modulosveri.sv(185) File: C:/Users/gomez/OneDrive/Escritorio/mini_proyectos/modulosveri.sv Line: 185
Info (10041): Inferred latch for "ram[129][3]" at modulosveri.sv(185) File: C:/Users/gomez/OneDrive/Escritorio/mini_proyectos/modulosveri.sv Line: 185
Info (10041): Inferred latch for "ram[129][4]" at modulosveri.sv(185) File: C:/Users/gomez/OneDrive/Escritorio/mini_proyectos/modulosveri.sv Line: 185
Info (10041): Inferred latch for "ram[129][5]" at modulosveri.sv(185) File: C:/Users/gomez/OneDrive/Escritorio/mini_proyectos/modulosveri.sv Line: 185
Info (10041): Inferred latch for "ram[129][6]" at modulosveri.sv(185) File: C:/Users/gomez/OneDrive/Escritorio/mini_proyectos/modulosveri.sv Line: 185
Info (10041): Inferred latch for "ram[129][7]" at modulosveri.sv(185) File: C:/Users/gomez/OneDrive/Escritorio/mini_proyectos/modulosveri.sv Line: 185
Info (10041): Inferred latch for "ram[128][0]" at modulosveri.sv(185) File: C:/Users/gomez/OneDrive/Escritorio/mini_proyectos/modulosveri.sv Line: 185
Info (10041): Inferred latch for "ram[128][1]" at modulosveri.sv(185) File: C:/Users/gomez/OneDrive/Escritorio/mini_proyectos/modulosveri.sv Line: 185
Info (10041): Inferred latch for "ram[128][2]" at modulosveri.sv(185) File: C:/Users/gomez/OneDrive/Escritorio/mini_proyectos/modulosveri.sv Line: 185
Info (10041): Inferred latch for "ram[128][3]" at modulosveri.sv(185) File: C:/Users/gomez/OneDrive/Escritorio/mini_proyectos/modulosveri.sv Line: 185
Info (10041): Inferred latch for "ram[128][4]" at modulosveri.sv(185) File: C:/Users/gomez/OneDrive/Escritorio/mini_proyectos/modulosveri.sv Line: 185
Info (10041): Inferred latch for "ram[128][5]" at modulosveri.sv(185) File: C:/Users/gomez/OneDrive/Escritorio/mini_proyectos/modulosveri.sv Line: 185
Info (10041): Inferred latch for "ram[128][6]" at modulosveri.sv(185) File: C:/Users/gomez/OneDrive/Escritorio/mini_proyectos/modulosveri.sv Line: 185
Info (10041): Inferred latch for "ram[128][7]" at modulosveri.sv(185) File: C:/Users/gomez/OneDrive/Escritorio/mini_proyectos/modulosveri.sv Line: 185
Info (10041): Inferred latch for "ram[127][0]" at modulosveri.sv(185) File: C:/Users/gomez/OneDrive/Escritorio/mini_proyectos/modulosveri.sv Line: 185
Info (10041): Inferred latch for "ram[127][1]" at modulosveri.sv(185) File: C:/Users/gomez/OneDrive/Escritorio/mini_proyectos/modulosveri.sv Line: 185
Info (10041): Inferred latch for "ram[127][2]" at modulosveri.sv(185) File: C:/Users/gomez/OneDrive/Escritorio/mini_proyectos/modulosveri.sv Line: 185
Info (10041): Inferred latch for "ram[127][3]" at modulosveri.sv(185) File: C:/Users/gomez/OneDrive/Escritorio/mini_proyectos/modulosveri.sv Line: 185
Info (10041): Inferred latch for "ram[127][4]" at modulosveri.sv(185) File: C:/Users/gomez/OneDrive/Escritorio/mini_proyectos/modulosveri.sv Line: 185
Info (10041): Inferred latch for "ram[127][5]" at modulosveri.sv(185) File: C:/Users/gomez/OneDrive/Escritorio/mini_proyectos/modulosveri.sv Line: 185
Info (10041): Inferred latch for "ram[127][6]" at modulosveri.sv(185) File: C:/Users/gomez/OneDrive/Escritorio/mini_proyectos/modulosveri.sv Line: 185
Info (10041): Inferred latch for "ram[127][7]" at modulosveri.sv(185) File: C:/Users/gomez/OneDrive/Escritorio/mini_proyectos/modulosveri.sv Line: 185
Info (10041): Inferred latch for "ram[126][0]" at modulosveri.sv(185) File: C:/Users/gomez/OneDrive/Escritorio/mini_proyectos/modulosveri.sv Line: 185
Info (10041): Inferred latch for "ram[126][1]" at modulosveri.sv(185) File: C:/Users/gomez/OneDrive/Escritorio/mini_proyectos/modulosveri.sv Line: 185
Info (10041): Inferred latch for "ram[126][2]" at modulosveri.sv(185) File: C:/Users/gomez/OneDrive/Escritorio/mini_proyectos/modulosveri.sv Line: 185
Info (10041): Inferred latch for "ram[126][3]" at modulosveri.sv(185) File: C:/Users/gomez/OneDrive/Escritorio/mini_proyectos/modulosveri.sv Line: 185
Info (10041): Inferred latch for "ram[126][4]" at modulosveri.sv(185) File: C:/Users/gomez/OneDrive/Escritorio/mini_proyectos/modulosveri.sv Line: 185
Info (10041): Inferred latch for "ram[126][5]" at modulosveri.sv(185) File: C:/Users/gomez/OneDrive/Escritorio/mini_proyectos/modulosveri.sv Line: 185
Info (10041): Inferred latch for "ram[126][6]" at modulosveri.sv(185) File: C:/Users/gomez/OneDrive/Escritorio/mini_proyectos/modulosveri.sv Line: 185
Info (10041): Inferred latch for "ram[126][7]" at modulosveri.sv(185) File: C:/Users/gomez/OneDrive/Escritorio/mini_proyectos/modulosveri.sv Line: 185
Info (10041): Inferred latch for "ram[125][0]" at modulosveri.sv(185) File: C:/Users/gomez/OneDrive/Escritorio/mini_proyectos/modulosveri.sv Line: 185
Info (10041): Inferred latch for "ram[125][1]" at modulosveri.sv(185) File: C:/Users/gomez/OneDrive/Escritorio/mini_proyectos/modulosveri.sv Line: 185
Info (10041): Inferred latch for "ram[125][2]" at modulosveri.sv(185) File: C:/Users/gomez/OneDrive/Escritorio/mini_proyectos/modulosveri.sv Line: 185
Info (10041): Inferred latch for "ram[125][3]" at modulosveri.sv(185) File: C:/Users/gomez/OneDrive/Escritorio/mini_proyectos/modulosveri.sv Line: 185
Info (10041): Inferred latch for "ram[125][4]" at modulosveri.sv(185) File: C:/Users/gomez/OneDrive/Escritorio/mini_proyectos/modulosveri.sv Line: 185
Info (10041): Inferred latch for "ram[125][5]" at modulosveri.sv(185) File: C:/Users/gomez/OneDrive/Escritorio/mini_proyectos/modulosveri.sv Line: 185
Info (10041): Inferred latch for "ram[125][6]" at modulosveri.sv(185) File: C:/Users/gomez/OneDrive/Escritorio/mini_proyectos/modulosveri.sv Line: 185
Info (10041): Inferred latch for "ram[125][7]" at modulosveri.sv(185) File: C:/Users/gomez/OneDrive/Escritorio/mini_proyectos/modulosveri.sv Line: 185
Info (10041): Inferred latch for "ram[124][0]" at modulosveri.sv(185) File: C:/Users/gomez/OneDrive/Escritorio/mini_proyectos/modulosveri.sv Line: 185
Info (10041): Inferred latch for "ram[124][1]" at modulosveri.sv(185) File: C:/Users/gomez/OneDrive/Escritorio/mini_proyectos/modulosveri.sv Line: 185
Info (10041): Inferred latch for "ram[124][2]" at modulosveri.sv(185) File: C:/Users/gomez/OneDrive/Escritorio/mini_proyectos/modulosveri.sv Line: 185
Info (10041): Inferred latch for "ram[124][3]" at modulosveri.sv(185) File: C:/Users/gomez/OneDrive/Escritorio/mini_proyectos/modulosveri.sv Line: 185
Info (10041): Inferred latch for "ram[124][4]" at modulosveri.sv(185) File: C:/Users/gomez/OneDrive/Escritorio/mini_proyectos/modulosveri.sv Line: 185
Info (10041): Inferred latch for "ram[124][5]" at modulosveri.sv(185) File: C:/Users/gomez/OneDrive/Escritorio/mini_proyectos/modulosveri.sv Line: 185
Info (10041): Inferred latch for "ram[124][6]" at modulosveri.sv(185) File: C:/Users/gomez/OneDrive/Escritorio/mini_proyectos/modulosveri.sv Line: 185
Info (10041): Inferred latch for "ram[124][7]" at modulosveri.sv(185) File: C:/Users/gomez/OneDrive/Escritorio/mini_proyectos/modulosveri.sv Line: 185
Info (10041): Inferred latch for "ram[123][0]" at modulosveri.sv(185) File: C:/Users/gomez/OneDrive/Escritorio/mini_proyectos/modulosveri.sv Line: 185
Info (10041): Inferred latch for "ram[123][1]" at modulosveri.sv(185) File: C:/Users/gomez/OneDrive/Escritorio/mini_proyectos/modulosveri.sv Line: 185
Info (10041): Inferred latch for "ram[123][2]" at modulosveri.sv(185) File: C:/Users/gomez/OneDrive/Escritorio/mini_proyectos/modulosveri.sv Line: 185
Info (10041): Inferred latch for "ram[123][3]" at modulosveri.sv(185) File: C:/Users/gomez/OneDrive/Escritorio/mini_proyectos/modulosveri.sv Line: 185
Info (10041): Inferred latch for "ram[123][4]" at modulosveri.sv(185) File: C:/Users/gomez/OneDrive/Escritorio/mini_proyectos/modulosveri.sv Line: 185
Info (10041): Inferred latch for "ram[123][5]" at modulosveri.sv(185) File: C:/Users/gomez/OneDrive/Escritorio/mini_proyectos/modulosveri.sv Line: 185
Info (10041): Inferred latch for "ram[123][6]" at modulosveri.sv(185) File: C:/Users/gomez/OneDrive/Escritorio/mini_proyectos/modulosveri.sv Line: 185
Info (10041): Inferred latch for "ram[123][7]" at modulosveri.sv(185) File: C:/Users/gomez/OneDrive/Escritorio/mini_proyectos/modulosveri.sv Line: 185
Info (10041): Inferred latch for "ram[122][0]" at modulosveri.sv(185) File: C:/Users/gomez/OneDrive/Escritorio/mini_proyectos/modulosveri.sv Line: 185
Info (10041): Inferred latch for "ram[122][1]" at modulosveri.sv(185) File: C:/Users/gomez/OneDrive/Escritorio/mini_proyectos/modulosveri.sv Line: 185
Info (10041): Inferred latch for "ram[122][2]" at modulosveri.sv(185) File: C:/Users/gomez/OneDrive/Escritorio/mini_proyectos/modulosveri.sv Line: 185
Info (10041): Inferred latch for "ram[122][3]" at modulosveri.sv(185) File: C:/Users/gomez/OneDrive/Escritorio/mini_proyectos/modulosveri.sv Line: 185
Info (10041): Inferred latch for "ram[122][4]" at modulosveri.sv(185) File: C:/Users/gomez/OneDrive/Escritorio/mini_proyectos/modulosveri.sv Line: 185
Info (10041): Inferred latch for "ram[122][5]" at modulosveri.sv(185) File: C:/Users/gomez/OneDrive/Escritorio/mini_proyectos/modulosveri.sv Line: 185
Info (10041): Inferred latch for "ram[122][6]" at modulosveri.sv(185) File: C:/Users/gomez/OneDrive/Escritorio/mini_proyectos/modulosveri.sv Line: 185
Info (10041): Inferred latch for "ram[122][7]" at modulosveri.sv(185) File: C:/Users/gomez/OneDrive/Escritorio/mini_proyectos/modulosveri.sv Line: 185
Info (10041): Inferred latch for "ram[121][0]" at modulosveri.sv(185) File: C:/Users/gomez/OneDrive/Escritorio/mini_proyectos/modulosveri.sv Line: 185
Info (10041): Inferred latch for "ram[121][1]" at modulosveri.sv(185) File: C:/Users/gomez/OneDrive/Escritorio/mini_proyectos/modulosveri.sv Line: 185
Info (10041): Inferred latch for "ram[121][2]" at modulosveri.sv(185) File: C:/Users/gomez/OneDrive/Escritorio/mini_proyectos/modulosveri.sv Line: 185
Info (10041): Inferred latch for "ram[121][3]" at modulosveri.sv(185) File: C:/Users/gomez/OneDrive/Escritorio/mini_proyectos/modulosveri.sv Line: 185
Info (10041): Inferred latch for "ram[121][4]" at modulosveri.sv(185) File: C:/Users/gomez/OneDrive/Escritorio/mini_proyectos/modulosveri.sv Line: 185
Info (10041): Inferred latch for "ram[121][5]" at modulosveri.sv(185) File: C:/Users/gomez/OneDrive/Escritorio/mini_proyectos/modulosveri.sv Line: 185
Info (10041): Inferred latch for "ram[121][6]" at modulosveri.sv(185) File: C:/Users/gomez/OneDrive/Escritorio/mini_proyectos/modulosveri.sv Line: 185
Info (10041): Inferred latch for "ram[121][7]" at modulosveri.sv(185) File: C:/Users/gomez/OneDrive/Escritorio/mini_proyectos/modulosveri.sv Line: 185
Info (10041): Inferred latch for "ram[120][0]" at modulosveri.sv(185) File: C:/Users/gomez/OneDrive/Escritorio/mini_proyectos/modulosveri.sv Line: 185
Info (10041): Inferred latch for "ram[120][1]" at modulosveri.sv(185) File: C:/Users/gomez/OneDrive/Escritorio/mini_proyectos/modulosveri.sv Line: 185
Info (10041): Inferred latch for "ram[120][2]" at modulosveri.sv(185) File: C:/Users/gomez/OneDrive/Escritorio/mini_proyectos/modulosveri.sv Line: 185
Info (10041): Inferred latch for "ram[120][3]" at modulosveri.sv(185) File: C:/Users/gomez/OneDrive/Escritorio/mini_proyectos/modulosveri.sv Line: 185
Info (10041): Inferred latch for "ram[120][4]" at modulosveri.sv(185) File: C:/Users/gomez/OneDrive/Escritorio/mini_proyectos/modulosveri.sv Line: 185
Info (10041): Inferred latch for "ram[120][5]" at modulosveri.sv(185) File: C:/Users/gomez/OneDrive/Escritorio/mini_proyectos/modulosveri.sv Line: 185
Info (10041): Inferred latch for "ram[120][6]" at modulosveri.sv(185) File: C:/Users/gomez/OneDrive/Escritorio/mini_proyectos/modulosveri.sv Line: 185
Info (10041): Inferred latch for "ram[120][7]" at modulosveri.sv(185) File: C:/Users/gomez/OneDrive/Escritorio/mini_proyectos/modulosveri.sv Line: 185
Info (10041): Inferred latch for "ram[119][0]" at modulosveri.sv(185) File: C:/Users/gomez/OneDrive/Escritorio/mini_proyectos/modulosveri.sv Line: 185
Info (10041): Inferred latch for "ram[119][1]" at modulosveri.sv(185) File: C:/Users/gomez/OneDrive/Escritorio/mini_proyectos/modulosveri.sv Line: 185
Info (10041): Inferred latch for "ram[119][2]" at modulosveri.sv(185) File: C:/Users/gomez/OneDrive/Escritorio/mini_proyectos/modulosveri.sv Line: 185
Info (10041): Inferred latch for "ram[119][3]" at modulosveri.sv(185) File: C:/Users/gomez/OneDrive/Escritorio/mini_proyectos/modulosveri.sv Line: 185
Info (10041): Inferred latch for "ram[119][4]" at modulosveri.sv(185) File: C:/Users/gomez/OneDrive/Escritorio/mini_proyectos/modulosveri.sv Line: 185
Info (10041): Inferred latch for "ram[119][5]" at modulosveri.sv(185) File: C:/Users/gomez/OneDrive/Escritorio/mini_proyectos/modulosveri.sv Line: 185
Info (10041): Inferred latch for "ram[119][6]" at modulosveri.sv(185) File: C:/Users/gomez/OneDrive/Escritorio/mini_proyectos/modulosveri.sv Line: 185
Info (10041): Inferred latch for "ram[119][7]" at modulosveri.sv(185) File: C:/Users/gomez/OneDrive/Escritorio/mini_proyectos/modulosveri.sv Line: 185
Info (10041): Inferred latch for "ram[118][0]" at modulosveri.sv(185) File: C:/Users/gomez/OneDrive/Escritorio/mini_proyectos/modulosveri.sv Line: 185
Info (10041): Inferred latch for "ram[118][1]" at modulosveri.sv(185) File: C:/Users/gomez/OneDrive/Escritorio/mini_proyectos/modulosveri.sv Line: 185
Info (10041): Inferred latch for "ram[118][2]" at modulosveri.sv(185) File: C:/Users/gomez/OneDrive/Escritorio/mini_proyectos/modulosveri.sv Line: 185
Info (10041): Inferred latch for "ram[118][3]" at modulosveri.sv(185) File: C:/Users/gomez/OneDrive/Escritorio/mini_proyectos/modulosveri.sv Line: 185
Info (10041): Inferred latch for "ram[118][4]" at modulosveri.sv(185) File: C:/Users/gomez/OneDrive/Escritorio/mini_proyectos/modulosveri.sv Line: 185
Info (10041): Inferred latch for "ram[118][5]" at modulosveri.sv(185) File: C:/Users/gomez/OneDrive/Escritorio/mini_proyectos/modulosveri.sv Line: 185
Info (10041): Inferred latch for "ram[118][6]" at modulosveri.sv(185) File: C:/Users/gomez/OneDrive/Escritorio/mini_proyectos/modulosveri.sv Line: 185
Info (10041): Inferred latch for "ram[118][7]" at modulosveri.sv(185) File: C:/Users/gomez/OneDrive/Escritorio/mini_proyectos/modulosveri.sv Line: 185
Info (10041): Inferred latch for "ram[117][0]" at modulosveri.sv(185) File: C:/Users/gomez/OneDrive/Escritorio/mini_proyectos/modulosveri.sv Line: 185
Info (10041): Inferred latch for "ram[117][1]" at modulosveri.sv(185) File: C:/Users/gomez/OneDrive/Escritorio/mini_proyectos/modulosveri.sv Line: 185
Info (10041): Inferred latch for "ram[117][2]" at modulosveri.sv(185) File: C:/Users/gomez/OneDrive/Escritorio/mini_proyectos/modulosveri.sv Line: 185
Info (10041): Inferred latch for "ram[117][3]" at modulosveri.sv(185) File: C:/Users/gomez/OneDrive/Escritorio/mini_proyectos/modulosveri.sv Line: 185
Info (10041): Inferred latch for "ram[117][4]" at modulosveri.sv(185) File: C:/Users/gomez/OneDrive/Escritorio/mini_proyectos/modulosveri.sv Line: 185
Info (10041): Inferred latch for "ram[117][5]" at modulosveri.sv(185) File: C:/Users/gomez/OneDrive/Escritorio/mini_proyectos/modulosveri.sv Line: 185
Info (10041): Inferred latch for "ram[117][6]" at modulosveri.sv(185) File: C:/Users/gomez/OneDrive/Escritorio/mini_proyectos/modulosveri.sv Line: 185
Info (10041): Inferred latch for "ram[117][7]" at modulosveri.sv(185) File: C:/Users/gomez/OneDrive/Escritorio/mini_proyectos/modulosveri.sv Line: 185
Info (10041): Inferred latch for "ram[116][0]" at modulosveri.sv(185) File: C:/Users/gomez/OneDrive/Escritorio/mini_proyectos/modulosveri.sv Line: 185
Info (10041): Inferred latch for "ram[116][1]" at modulosveri.sv(185) File: C:/Users/gomez/OneDrive/Escritorio/mini_proyectos/modulosveri.sv Line: 185
Info (10041): Inferred latch for "ram[116][2]" at modulosveri.sv(185) File: C:/Users/gomez/OneDrive/Escritorio/mini_proyectos/modulosveri.sv Line: 185
Info (10041): Inferred latch for "ram[116][3]" at modulosveri.sv(185) File: C:/Users/gomez/OneDrive/Escritorio/mini_proyectos/modulosveri.sv Line: 185
Info (10041): Inferred latch for "ram[116][4]" at modulosveri.sv(185) File: C:/Users/gomez/OneDrive/Escritorio/mini_proyectos/modulosveri.sv Line: 185
Info (10041): Inferred latch for "ram[116][5]" at modulosveri.sv(185) File: C:/Users/gomez/OneDrive/Escritorio/mini_proyectos/modulosveri.sv Line: 185
Info (10041): Inferred latch for "ram[116][6]" at modulosveri.sv(185) File: C:/Users/gomez/OneDrive/Escritorio/mini_proyectos/modulosveri.sv Line: 185
Info (10041): Inferred latch for "ram[116][7]" at modulosveri.sv(185) File: C:/Users/gomez/OneDrive/Escritorio/mini_proyectos/modulosveri.sv Line: 185
Info (10041): Inferred latch for "ram[115][0]" at modulosveri.sv(185) File: C:/Users/gomez/OneDrive/Escritorio/mini_proyectos/modulosveri.sv Line: 185
Info (10041): Inferred latch for "ram[115][1]" at modulosveri.sv(185) File: C:/Users/gomez/OneDrive/Escritorio/mini_proyectos/modulosveri.sv Line: 185
Info (10041): Inferred latch for "ram[115][2]" at modulosveri.sv(185) File: C:/Users/gomez/OneDrive/Escritorio/mini_proyectos/modulosveri.sv Line: 185
Info (10041): Inferred latch for "ram[115][3]" at modulosveri.sv(185) File: C:/Users/gomez/OneDrive/Escritorio/mini_proyectos/modulosveri.sv Line: 185
Info (10041): Inferred latch for "ram[115][4]" at modulosveri.sv(185) File: C:/Users/gomez/OneDrive/Escritorio/mini_proyectos/modulosveri.sv Line: 185
Info (10041): Inferred latch for "ram[115][5]" at modulosveri.sv(185) File: C:/Users/gomez/OneDrive/Escritorio/mini_proyectos/modulosveri.sv Line: 185
Info (10041): Inferred latch for "ram[115][6]" at modulosveri.sv(185) File: C:/Users/gomez/OneDrive/Escritorio/mini_proyectos/modulosveri.sv Line: 185
Info (10041): Inferred latch for "ram[115][7]" at modulosveri.sv(185) File: C:/Users/gomez/OneDrive/Escritorio/mini_proyectos/modulosveri.sv Line: 185
Info (10041): Inferred latch for "ram[114][0]" at modulosveri.sv(185) File: C:/Users/gomez/OneDrive/Escritorio/mini_proyectos/modulosveri.sv Line: 185
Info (10041): Inferred latch for "ram[114][1]" at modulosveri.sv(185) File: C:/Users/gomez/OneDrive/Escritorio/mini_proyectos/modulosveri.sv Line: 185
Info (10041): Inferred latch for "ram[114][2]" at modulosveri.sv(185) File: C:/Users/gomez/OneDrive/Escritorio/mini_proyectos/modulosveri.sv Line: 185
Info (10041): Inferred latch for "ram[114][3]" at modulosveri.sv(185) File: C:/Users/gomez/OneDrive/Escritorio/mini_proyectos/modulosveri.sv Line: 185
Info (10041): Inferred latch for "ram[114][4]" at modulosveri.sv(185) File: C:/Users/gomez/OneDrive/Escritorio/mini_proyectos/modulosveri.sv Line: 185
Info (10041): Inferred latch for "ram[114][5]" at modulosveri.sv(185) File: C:/Users/gomez/OneDrive/Escritorio/mini_proyectos/modulosveri.sv Line: 185
Info (10041): Inferred latch for "ram[114][6]" at modulosveri.sv(185) File: C:/Users/gomez/OneDrive/Escritorio/mini_proyectos/modulosveri.sv Line: 185
Info (10041): Inferred latch for "ram[114][7]" at modulosveri.sv(185) File: C:/Users/gomez/OneDrive/Escritorio/mini_proyectos/modulosveri.sv Line: 185
Info (10041): Inferred latch for "ram[113][0]" at modulosveri.sv(185) File: C:/Users/gomez/OneDrive/Escritorio/mini_proyectos/modulosveri.sv Line: 185
Info (10041): Inferred latch for "ram[113][1]" at modulosveri.sv(185) File: C:/Users/gomez/OneDrive/Escritorio/mini_proyectos/modulosveri.sv Line: 185
Info (10041): Inferred latch for "ram[113][2]" at modulosveri.sv(185) File: C:/Users/gomez/OneDrive/Escritorio/mini_proyectos/modulosveri.sv Line: 185
Info (10041): Inferred latch for "ram[113][3]" at modulosveri.sv(185) File: C:/Users/gomez/OneDrive/Escritorio/mini_proyectos/modulosveri.sv Line: 185
Info (10041): Inferred latch for "ram[113][4]" at modulosveri.sv(185) File: C:/Users/gomez/OneDrive/Escritorio/mini_proyectos/modulosveri.sv Line: 185
Info (10041): Inferred latch for "ram[113][5]" at modulosveri.sv(185) File: C:/Users/gomez/OneDrive/Escritorio/mini_proyectos/modulosveri.sv Line: 185
Info (10041): Inferred latch for "ram[113][6]" at modulosveri.sv(185) File: C:/Users/gomez/OneDrive/Escritorio/mini_proyectos/modulosveri.sv Line: 185
Info (10041): Inferred latch for "ram[113][7]" at modulosveri.sv(185) File: C:/Users/gomez/OneDrive/Escritorio/mini_proyectos/modulosveri.sv Line: 185
Info (10041): Inferred latch for "ram[112][0]" at modulosveri.sv(185) File: C:/Users/gomez/OneDrive/Escritorio/mini_proyectos/modulosveri.sv Line: 185
Info (10041): Inferred latch for "ram[112][1]" at modulosveri.sv(185) File: C:/Users/gomez/OneDrive/Escritorio/mini_proyectos/modulosveri.sv Line: 185
Info (10041): Inferred latch for "ram[112][2]" at modulosveri.sv(185) File: C:/Users/gomez/OneDrive/Escritorio/mini_proyectos/modulosveri.sv Line: 185
Info (10041): Inferred latch for "ram[112][3]" at modulosveri.sv(185) File: C:/Users/gomez/OneDrive/Escritorio/mini_proyectos/modulosveri.sv Line: 185
Info (10041): Inferred latch for "ram[112][4]" at modulosveri.sv(185) File: C:/Users/gomez/OneDrive/Escritorio/mini_proyectos/modulosveri.sv Line: 185
Info (10041): Inferred latch for "ram[112][5]" at modulosveri.sv(185) File: C:/Users/gomez/OneDrive/Escritorio/mini_proyectos/modulosveri.sv Line: 185
Info (10041): Inferred latch for "ram[112][6]" at modulosveri.sv(185) File: C:/Users/gomez/OneDrive/Escritorio/mini_proyectos/modulosveri.sv Line: 185
Info (10041): Inferred latch for "ram[112][7]" at modulosveri.sv(185) File: C:/Users/gomez/OneDrive/Escritorio/mini_proyectos/modulosveri.sv Line: 185
Info (10041): Inferred latch for "ram[111][0]" at modulosveri.sv(185) File: C:/Users/gomez/OneDrive/Escritorio/mini_proyectos/modulosveri.sv Line: 185
Info (10041): Inferred latch for "ram[111][1]" at modulosveri.sv(185) File: C:/Users/gomez/OneDrive/Escritorio/mini_proyectos/modulosveri.sv Line: 185
Info (10041): Inferred latch for "ram[111][2]" at modulosveri.sv(185) File: C:/Users/gomez/OneDrive/Escritorio/mini_proyectos/modulosveri.sv Line: 185
Info (10041): Inferred latch for "ram[111][3]" at modulosveri.sv(185) File: C:/Users/gomez/OneDrive/Escritorio/mini_proyectos/modulosveri.sv Line: 185
Info (10041): Inferred latch for "ram[111][4]" at modulosveri.sv(185) File: C:/Users/gomez/OneDrive/Escritorio/mini_proyectos/modulosveri.sv Line: 185
Info (10041): Inferred latch for "ram[111][5]" at modulosveri.sv(185) File: C:/Users/gomez/OneDrive/Escritorio/mini_proyectos/modulosveri.sv Line: 185
Info (10041): Inferred latch for "ram[111][6]" at modulosveri.sv(185) File: C:/Users/gomez/OneDrive/Escritorio/mini_proyectos/modulosveri.sv Line: 185
Info (10041): Inferred latch for "ram[111][7]" at modulosveri.sv(185) File: C:/Users/gomez/OneDrive/Escritorio/mini_proyectos/modulosveri.sv Line: 185
Info (10041): Inferred latch for "ram[110][0]" at modulosveri.sv(185) File: C:/Users/gomez/OneDrive/Escritorio/mini_proyectos/modulosveri.sv Line: 185
Info (10041): Inferred latch for "ram[110][1]" at modulosveri.sv(185) File: C:/Users/gomez/OneDrive/Escritorio/mini_proyectos/modulosveri.sv Line: 185
Info (10041): Inferred latch for "ram[110][2]" at modulosveri.sv(185) File: C:/Users/gomez/OneDrive/Escritorio/mini_proyectos/modulosveri.sv Line: 185
Info (10041): Inferred latch for "ram[110][3]" at modulosveri.sv(185) File: C:/Users/gomez/OneDrive/Escritorio/mini_proyectos/modulosveri.sv Line: 185
Info (10041): Inferred latch for "ram[110][4]" at modulosveri.sv(185) File: C:/Users/gomez/OneDrive/Escritorio/mini_proyectos/modulosveri.sv Line: 185
Info (10041): Inferred latch for "ram[110][5]" at modulosveri.sv(185) File: C:/Users/gomez/OneDrive/Escritorio/mini_proyectos/modulosveri.sv Line: 185
Info (10041): Inferred latch for "ram[110][6]" at modulosveri.sv(185) File: C:/Users/gomez/OneDrive/Escritorio/mini_proyectos/modulosveri.sv Line: 185
Info (10041): Inferred latch for "ram[110][7]" at modulosveri.sv(185) File: C:/Users/gomez/OneDrive/Escritorio/mini_proyectos/modulosveri.sv Line: 185
Info (10041): Inferred latch for "ram[109][0]" at modulosveri.sv(185) File: C:/Users/gomez/OneDrive/Escritorio/mini_proyectos/modulosveri.sv Line: 185
Info (10041): Inferred latch for "ram[109][1]" at modulosveri.sv(185) File: C:/Users/gomez/OneDrive/Escritorio/mini_proyectos/modulosveri.sv Line: 185
Info (10041): Inferred latch for "ram[109][2]" at modulosveri.sv(185) File: C:/Users/gomez/OneDrive/Escritorio/mini_proyectos/modulosveri.sv Line: 185
Info (10041): Inferred latch for "ram[109][3]" at modulosveri.sv(185) File: C:/Users/gomez/OneDrive/Escritorio/mini_proyectos/modulosveri.sv Line: 185
Info (10041): Inferred latch for "ram[109][4]" at modulosveri.sv(185) File: C:/Users/gomez/OneDrive/Escritorio/mini_proyectos/modulosveri.sv Line: 185
Info (10041): Inferred latch for "ram[109][5]" at modulosveri.sv(185) File: C:/Users/gomez/OneDrive/Escritorio/mini_proyectos/modulosveri.sv Line: 185
Info (10041): Inferred latch for "ram[109][6]" at modulosveri.sv(185) File: C:/Users/gomez/OneDrive/Escritorio/mini_proyectos/modulosveri.sv Line: 185
Info (10041): Inferred latch for "ram[109][7]" at modulosveri.sv(185) File: C:/Users/gomez/OneDrive/Escritorio/mini_proyectos/modulosveri.sv Line: 185
Info (10041): Inferred latch for "ram[108][0]" at modulosveri.sv(185) File: C:/Users/gomez/OneDrive/Escritorio/mini_proyectos/modulosveri.sv Line: 185
Info (10041): Inferred latch for "ram[108][1]" at modulosveri.sv(185) File: C:/Users/gomez/OneDrive/Escritorio/mini_proyectos/modulosveri.sv Line: 185
Info (10041): Inferred latch for "ram[108][2]" at modulosveri.sv(185) File: C:/Users/gomez/OneDrive/Escritorio/mini_proyectos/modulosveri.sv Line: 185
Info (10041): Inferred latch for "ram[108][3]" at modulosveri.sv(185) File: C:/Users/gomez/OneDrive/Escritorio/mini_proyectos/modulosveri.sv Line: 185
Info (10041): Inferred latch for "ram[108][4]" at modulosveri.sv(185) File: C:/Users/gomez/OneDrive/Escritorio/mini_proyectos/modulosveri.sv Line: 185
Info (10041): Inferred latch for "ram[108][5]" at modulosveri.sv(185) File: C:/Users/gomez/OneDrive/Escritorio/mini_proyectos/modulosveri.sv Line: 185
Info (10041): Inferred latch for "ram[108][6]" at modulosveri.sv(185) File: C:/Users/gomez/OneDrive/Escritorio/mini_proyectos/modulosveri.sv Line: 185
Info (10041): Inferred latch for "ram[108][7]" at modulosveri.sv(185) File: C:/Users/gomez/OneDrive/Escritorio/mini_proyectos/modulosveri.sv Line: 185
Info (10041): Inferred latch for "ram[107][0]" at modulosveri.sv(185) File: C:/Users/gomez/OneDrive/Escritorio/mini_proyectos/modulosveri.sv Line: 185
Info (10041): Inferred latch for "ram[107][1]" at modulosveri.sv(185) File: C:/Users/gomez/OneDrive/Escritorio/mini_proyectos/modulosveri.sv Line: 185
Info (10041): Inferred latch for "ram[107][2]" at modulosveri.sv(185) File: C:/Users/gomez/OneDrive/Escritorio/mini_proyectos/modulosveri.sv Line: 185
Info (10041): Inferred latch for "ram[107][3]" at modulosveri.sv(185) File: C:/Users/gomez/OneDrive/Escritorio/mini_proyectos/modulosveri.sv Line: 185
Info (10041): Inferred latch for "ram[107][4]" at modulosveri.sv(185) File: C:/Users/gomez/OneDrive/Escritorio/mini_proyectos/modulosveri.sv Line: 185
Info (10041): Inferred latch for "ram[107][5]" at modulosveri.sv(185) File: C:/Users/gomez/OneDrive/Escritorio/mini_proyectos/modulosveri.sv Line: 185
Info (10041): Inferred latch for "ram[107][6]" at modulosveri.sv(185) File: C:/Users/gomez/OneDrive/Escritorio/mini_proyectos/modulosveri.sv Line: 185
Info (10041): Inferred latch for "ram[107][7]" at modulosveri.sv(185) File: C:/Users/gomez/OneDrive/Escritorio/mini_proyectos/modulosveri.sv Line: 185
Info (10041): Inferred latch for "ram[106][0]" at modulosveri.sv(185) File: C:/Users/gomez/OneDrive/Escritorio/mini_proyectos/modulosveri.sv Line: 185
Info (10041): Inferred latch for "ram[106][1]" at modulosveri.sv(185) File: C:/Users/gomez/OneDrive/Escritorio/mini_proyectos/modulosveri.sv Line: 185
Info (10041): Inferred latch for "ram[106][2]" at modulosveri.sv(185) File: C:/Users/gomez/OneDrive/Escritorio/mini_proyectos/modulosveri.sv Line: 185
Info (10041): Inferred latch for "ram[106][3]" at modulosveri.sv(185) File: C:/Users/gomez/OneDrive/Escritorio/mini_proyectos/modulosveri.sv Line: 185
Info (10041): Inferred latch for "ram[106][4]" at modulosveri.sv(185) File: C:/Users/gomez/OneDrive/Escritorio/mini_proyectos/modulosveri.sv Line: 185
Info (10041): Inferred latch for "ram[106][5]" at modulosveri.sv(185) File: C:/Users/gomez/OneDrive/Escritorio/mini_proyectos/modulosveri.sv Line: 185
Info (10041): Inferred latch for "ram[106][6]" at modulosveri.sv(185) File: C:/Users/gomez/OneDrive/Escritorio/mini_proyectos/modulosveri.sv Line: 185
Info (10041): Inferred latch for "ram[106][7]" at modulosveri.sv(185) File: C:/Users/gomez/OneDrive/Escritorio/mini_proyectos/modulosveri.sv Line: 185
Info (10041): Inferred latch for "ram[105][0]" at modulosveri.sv(185) File: C:/Users/gomez/OneDrive/Escritorio/mini_proyectos/modulosveri.sv Line: 185
Info (10041): Inferred latch for "ram[105][1]" at modulosveri.sv(185) File: C:/Users/gomez/OneDrive/Escritorio/mini_proyectos/modulosveri.sv Line: 185
Info (10041): Inferred latch for "ram[105][2]" at modulosveri.sv(185) File: C:/Users/gomez/OneDrive/Escritorio/mini_proyectos/modulosveri.sv Line: 185
Info (10041): Inferred latch for "ram[105][3]" at modulosveri.sv(185) File: C:/Users/gomez/OneDrive/Escritorio/mini_proyectos/modulosveri.sv Line: 185
Info (10041): Inferred latch for "ram[105][4]" at modulosveri.sv(185) File: C:/Users/gomez/OneDrive/Escritorio/mini_proyectos/modulosveri.sv Line: 185
Info (10041): Inferred latch for "ram[105][5]" at modulosveri.sv(185) File: C:/Users/gomez/OneDrive/Escritorio/mini_proyectos/modulosveri.sv Line: 185
Info (10041): Inferred latch for "ram[105][6]" at modulosveri.sv(185) File: C:/Users/gomez/OneDrive/Escritorio/mini_proyectos/modulosveri.sv Line: 185
Info (10041): Inferred latch for "ram[105][7]" at modulosveri.sv(185) File: C:/Users/gomez/OneDrive/Escritorio/mini_proyectos/modulosveri.sv Line: 185
Info (10041): Inferred latch for "ram[104][0]" at modulosveri.sv(185) File: C:/Users/gomez/OneDrive/Escritorio/mini_proyectos/modulosveri.sv Line: 185
Info (10041): Inferred latch for "ram[104][1]" at modulosveri.sv(185) File: C:/Users/gomez/OneDrive/Escritorio/mini_proyectos/modulosveri.sv Line: 185
Info (10041): Inferred latch for "ram[104][2]" at modulosveri.sv(185) File: C:/Users/gomez/OneDrive/Escritorio/mini_proyectos/modulosveri.sv Line: 185
Info (10041): Inferred latch for "ram[104][3]" at modulosveri.sv(185) File: C:/Users/gomez/OneDrive/Escritorio/mini_proyectos/modulosveri.sv Line: 185
Info (10041): Inferred latch for "ram[104][4]" at modulosveri.sv(185) File: C:/Users/gomez/OneDrive/Escritorio/mini_proyectos/modulosveri.sv Line: 185
Info (10041): Inferred latch for "ram[104][5]" at modulosveri.sv(185) File: C:/Users/gomez/OneDrive/Escritorio/mini_proyectos/modulosveri.sv Line: 185
Info (10041): Inferred latch for "ram[104][6]" at modulosveri.sv(185) File: C:/Users/gomez/OneDrive/Escritorio/mini_proyectos/modulosveri.sv Line: 185
Info (10041): Inferred latch for "ram[104][7]" at modulosveri.sv(185) File: C:/Users/gomez/OneDrive/Escritorio/mini_proyectos/modulosveri.sv Line: 185
Info (10041): Inferred latch for "ram[103][0]" at modulosveri.sv(185) File: C:/Users/gomez/OneDrive/Escritorio/mini_proyectos/modulosveri.sv Line: 185
Info (10041): Inferred latch for "ram[103][1]" at modulosveri.sv(185) File: C:/Users/gomez/OneDrive/Escritorio/mini_proyectos/modulosveri.sv Line: 185
Info (10041): Inferred latch for "ram[103][2]" at modulosveri.sv(185) File: C:/Users/gomez/OneDrive/Escritorio/mini_proyectos/modulosveri.sv Line: 185
Info (10041): Inferred latch for "ram[103][3]" at modulosveri.sv(185) File: C:/Users/gomez/OneDrive/Escritorio/mini_proyectos/modulosveri.sv Line: 185
Info (10041): Inferred latch for "ram[103][4]" at modulosveri.sv(185) File: C:/Users/gomez/OneDrive/Escritorio/mini_proyectos/modulosveri.sv Line: 185
Info (10041): Inferred latch for "ram[103][5]" at modulosveri.sv(185) File: C:/Users/gomez/OneDrive/Escritorio/mini_proyectos/modulosveri.sv Line: 185
Info (10041): Inferred latch for "ram[103][6]" at modulosveri.sv(185) File: C:/Users/gomez/OneDrive/Escritorio/mini_proyectos/modulosveri.sv Line: 185
Info (10041): Inferred latch for "ram[103][7]" at modulosveri.sv(185) File: C:/Users/gomez/OneDrive/Escritorio/mini_proyectos/modulosveri.sv Line: 185
Info (10041): Inferred latch for "ram[102][0]" at modulosveri.sv(185) File: C:/Users/gomez/OneDrive/Escritorio/mini_proyectos/modulosveri.sv Line: 185
Info (10041): Inferred latch for "ram[102][1]" at modulosveri.sv(185) File: C:/Users/gomez/OneDrive/Escritorio/mini_proyectos/modulosveri.sv Line: 185
Info (10041): Inferred latch for "ram[102][2]" at modulosveri.sv(185) File: C:/Users/gomez/OneDrive/Escritorio/mini_proyectos/modulosveri.sv Line: 185
Info (10041): Inferred latch for "ram[102][3]" at modulosveri.sv(185) File: C:/Users/gomez/OneDrive/Escritorio/mini_proyectos/modulosveri.sv Line: 185
Info (10041): Inferred latch for "ram[102][4]" at modulosveri.sv(185) File: C:/Users/gomez/OneDrive/Escritorio/mini_proyectos/modulosveri.sv Line: 185
Info (10041): Inferred latch for "ram[102][5]" at modulosveri.sv(185) File: C:/Users/gomez/OneDrive/Escritorio/mini_proyectos/modulosveri.sv Line: 185
Info (10041): Inferred latch for "ram[102][6]" at modulosveri.sv(185) File: C:/Users/gomez/OneDrive/Escritorio/mini_proyectos/modulosveri.sv Line: 185
Info (10041): Inferred latch for "ram[102][7]" at modulosveri.sv(185) File: C:/Users/gomez/OneDrive/Escritorio/mini_proyectos/modulosveri.sv Line: 185
Info (10041): Inferred latch for "ram[101][0]" at modulosveri.sv(185) File: C:/Users/gomez/OneDrive/Escritorio/mini_proyectos/modulosveri.sv Line: 185
Info (10041): Inferred latch for "ram[101][1]" at modulosveri.sv(185) File: C:/Users/gomez/OneDrive/Escritorio/mini_proyectos/modulosveri.sv Line: 185
Info (10041): Inferred latch for "ram[101][2]" at modulosveri.sv(185) File: C:/Users/gomez/OneDrive/Escritorio/mini_proyectos/modulosveri.sv Line: 185
Info (10041): Inferred latch for "ram[101][3]" at modulosveri.sv(185) File: C:/Users/gomez/OneDrive/Escritorio/mini_proyectos/modulosveri.sv Line: 185
Info (10041): Inferred latch for "ram[101][4]" at modulosveri.sv(185) File: C:/Users/gomez/OneDrive/Escritorio/mini_proyectos/modulosveri.sv Line: 185
Info (10041): Inferred latch for "ram[101][5]" at modulosveri.sv(185) File: C:/Users/gomez/OneDrive/Escritorio/mini_proyectos/modulosveri.sv Line: 185
Info (10041): Inferred latch for "ram[101][6]" at modulosveri.sv(185) File: C:/Users/gomez/OneDrive/Escritorio/mini_proyectos/modulosveri.sv Line: 185
Info (10041): Inferred latch for "ram[101][7]" at modulosveri.sv(185) File: C:/Users/gomez/OneDrive/Escritorio/mini_proyectos/modulosveri.sv Line: 185
Info (10041): Inferred latch for "ram[100][0]" at modulosveri.sv(185) File: C:/Users/gomez/OneDrive/Escritorio/mini_proyectos/modulosveri.sv Line: 185
Info (10041): Inferred latch for "ram[100][1]" at modulosveri.sv(185) File: C:/Users/gomez/OneDrive/Escritorio/mini_proyectos/modulosveri.sv Line: 185
Info (10041): Inferred latch for "ram[100][2]" at modulosveri.sv(185) File: C:/Users/gomez/OneDrive/Escritorio/mini_proyectos/modulosveri.sv Line: 185
Info (10041): Inferred latch for "ram[100][3]" at modulosveri.sv(185) File: C:/Users/gomez/OneDrive/Escritorio/mini_proyectos/modulosveri.sv Line: 185
Info (10041): Inferred latch for "ram[100][4]" at modulosveri.sv(185) File: C:/Users/gomez/OneDrive/Escritorio/mini_proyectos/modulosveri.sv Line: 185
Info (10041): Inferred latch for "ram[100][5]" at modulosveri.sv(185) File: C:/Users/gomez/OneDrive/Escritorio/mini_proyectos/modulosveri.sv Line: 185
Info (10041): Inferred latch for "ram[100][6]" at modulosveri.sv(185) File: C:/Users/gomez/OneDrive/Escritorio/mini_proyectos/modulosveri.sv Line: 185
Info (10041): Inferred latch for "ram[100][7]" at modulosveri.sv(185) File: C:/Users/gomez/OneDrive/Escritorio/mini_proyectos/modulosveri.sv Line: 185
Info (10041): Inferred latch for "ram[99][0]" at modulosveri.sv(185) File: C:/Users/gomez/OneDrive/Escritorio/mini_proyectos/modulosveri.sv Line: 185
Info (10041): Inferred latch for "ram[99][1]" at modulosveri.sv(185) File: C:/Users/gomez/OneDrive/Escritorio/mini_proyectos/modulosveri.sv Line: 185
Info (10041): Inferred latch for "ram[99][2]" at modulosveri.sv(185) File: C:/Users/gomez/OneDrive/Escritorio/mini_proyectos/modulosveri.sv Line: 185
Info (10041): Inferred latch for "ram[99][3]" at modulosveri.sv(185) File: C:/Users/gomez/OneDrive/Escritorio/mini_proyectos/modulosveri.sv Line: 185
Info (10041): Inferred latch for "ram[99][4]" at modulosveri.sv(185) File: C:/Users/gomez/OneDrive/Escritorio/mini_proyectos/modulosveri.sv Line: 185
Info (10041): Inferred latch for "ram[99][5]" at modulosveri.sv(185) File: C:/Users/gomez/OneDrive/Escritorio/mini_proyectos/modulosveri.sv Line: 185
Info (10041): Inferred latch for "ram[99][6]" at modulosveri.sv(185) File: C:/Users/gomez/OneDrive/Escritorio/mini_proyectos/modulosveri.sv Line: 185
Info (10041): Inferred latch for "ram[99][7]" at modulosveri.sv(185) File: C:/Users/gomez/OneDrive/Escritorio/mini_proyectos/modulosveri.sv Line: 185
Info (10041): Inferred latch for "ram[98][0]" at modulosveri.sv(185) File: C:/Users/gomez/OneDrive/Escritorio/mini_proyectos/modulosveri.sv Line: 185
Info (10041): Inferred latch for "ram[98][1]" at modulosveri.sv(185) File: C:/Users/gomez/OneDrive/Escritorio/mini_proyectos/modulosveri.sv Line: 185
Info (10041): Inferred latch for "ram[98][2]" at modulosveri.sv(185) File: C:/Users/gomez/OneDrive/Escritorio/mini_proyectos/modulosveri.sv Line: 185
Info (10041): Inferred latch for "ram[98][3]" at modulosveri.sv(185) File: C:/Users/gomez/OneDrive/Escritorio/mini_proyectos/modulosveri.sv Line: 185
Info (10041): Inferred latch for "ram[98][4]" at modulosveri.sv(185) File: C:/Users/gomez/OneDrive/Escritorio/mini_proyectos/modulosveri.sv Line: 185
Info (10041): Inferred latch for "ram[98][5]" at modulosveri.sv(185) File: C:/Users/gomez/OneDrive/Escritorio/mini_proyectos/modulosveri.sv Line: 185
Info (10041): Inferred latch for "ram[98][6]" at modulosveri.sv(185) File: C:/Users/gomez/OneDrive/Escritorio/mini_proyectos/modulosveri.sv Line: 185
Info (10041): Inferred latch for "ram[98][7]" at modulosveri.sv(185) File: C:/Users/gomez/OneDrive/Escritorio/mini_proyectos/modulosveri.sv Line: 185
Info (10041): Inferred latch for "ram[97][0]" at modulosveri.sv(185) File: C:/Users/gomez/OneDrive/Escritorio/mini_proyectos/modulosveri.sv Line: 185
Info (10041): Inferred latch for "ram[97][1]" at modulosveri.sv(185) File: C:/Users/gomez/OneDrive/Escritorio/mini_proyectos/modulosveri.sv Line: 185
Info (10041): Inferred latch for "ram[97][2]" at modulosveri.sv(185) File: C:/Users/gomez/OneDrive/Escritorio/mini_proyectos/modulosveri.sv Line: 185
Info (10041): Inferred latch for "ram[97][3]" at modulosveri.sv(185) File: C:/Users/gomez/OneDrive/Escritorio/mini_proyectos/modulosveri.sv Line: 185
Info (10041): Inferred latch for "ram[97][4]" at modulosveri.sv(185) File: C:/Users/gomez/OneDrive/Escritorio/mini_proyectos/modulosveri.sv Line: 185
Info (10041): Inferred latch for "ram[97][5]" at modulosveri.sv(185) File: C:/Users/gomez/OneDrive/Escritorio/mini_proyectos/modulosveri.sv Line: 185
Info (10041): Inferred latch for "ram[97][6]" at modulosveri.sv(185) File: C:/Users/gomez/OneDrive/Escritorio/mini_proyectos/modulosveri.sv Line: 185
Info (10041): Inferred latch for "ram[97][7]" at modulosveri.sv(185) File: C:/Users/gomez/OneDrive/Escritorio/mini_proyectos/modulosveri.sv Line: 185
Info (10041): Inferred latch for "ram[96][0]" at modulosveri.sv(185) File: C:/Users/gomez/OneDrive/Escritorio/mini_proyectos/modulosveri.sv Line: 185
Info (10041): Inferred latch for "ram[96][1]" at modulosveri.sv(185) File: C:/Users/gomez/OneDrive/Escritorio/mini_proyectos/modulosveri.sv Line: 185
Info (10041): Inferred latch for "ram[96][2]" at modulosveri.sv(185) File: C:/Users/gomez/OneDrive/Escritorio/mini_proyectos/modulosveri.sv Line: 185
Info (10041): Inferred latch for "ram[96][3]" at modulosveri.sv(185) File: C:/Users/gomez/OneDrive/Escritorio/mini_proyectos/modulosveri.sv Line: 185
Info (10041): Inferred latch for "ram[96][4]" at modulosveri.sv(185) File: C:/Users/gomez/OneDrive/Escritorio/mini_proyectos/modulosveri.sv Line: 185
Info (10041): Inferred latch for "ram[96][5]" at modulosveri.sv(185) File: C:/Users/gomez/OneDrive/Escritorio/mini_proyectos/modulosveri.sv Line: 185
Info (10041): Inferred latch for "ram[96][6]" at modulosveri.sv(185) File: C:/Users/gomez/OneDrive/Escritorio/mini_proyectos/modulosveri.sv Line: 185
Info (10041): Inferred latch for "ram[96][7]" at modulosveri.sv(185) File: C:/Users/gomez/OneDrive/Escritorio/mini_proyectos/modulosveri.sv Line: 185
Info (10041): Inferred latch for "ram[95][0]" at modulosveri.sv(185) File: C:/Users/gomez/OneDrive/Escritorio/mini_proyectos/modulosveri.sv Line: 185
Info (10041): Inferred latch for "ram[95][1]" at modulosveri.sv(185) File: C:/Users/gomez/OneDrive/Escritorio/mini_proyectos/modulosveri.sv Line: 185
Info (10041): Inferred latch for "ram[95][2]" at modulosveri.sv(185) File: C:/Users/gomez/OneDrive/Escritorio/mini_proyectos/modulosveri.sv Line: 185
Info (10041): Inferred latch for "ram[95][3]" at modulosveri.sv(185) File: C:/Users/gomez/OneDrive/Escritorio/mini_proyectos/modulosveri.sv Line: 185
Info (10041): Inferred latch for "ram[95][4]" at modulosveri.sv(185) File: C:/Users/gomez/OneDrive/Escritorio/mini_proyectos/modulosveri.sv Line: 185
Info (10041): Inferred latch for "ram[95][5]" at modulosveri.sv(185) File: C:/Users/gomez/OneDrive/Escritorio/mini_proyectos/modulosveri.sv Line: 185
Info (10041): Inferred latch for "ram[95][6]" at modulosveri.sv(185) File: C:/Users/gomez/OneDrive/Escritorio/mini_proyectos/modulosveri.sv Line: 185
Info (10041): Inferred latch for "ram[95][7]" at modulosveri.sv(185) File: C:/Users/gomez/OneDrive/Escritorio/mini_proyectos/modulosveri.sv Line: 185
Info (10041): Inferred latch for "ram[94][0]" at modulosveri.sv(185) File: C:/Users/gomez/OneDrive/Escritorio/mini_proyectos/modulosveri.sv Line: 185
Info (10041): Inferred latch for "ram[94][1]" at modulosveri.sv(185) File: C:/Users/gomez/OneDrive/Escritorio/mini_proyectos/modulosveri.sv Line: 185
Info (10041): Inferred latch for "ram[94][2]" at modulosveri.sv(185) File: C:/Users/gomez/OneDrive/Escritorio/mini_proyectos/modulosveri.sv Line: 185
Info (10041): Inferred latch for "ram[94][3]" at modulosveri.sv(185) File: C:/Users/gomez/OneDrive/Escritorio/mini_proyectos/modulosveri.sv Line: 185
Info (10041): Inferred latch for "ram[94][4]" at modulosveri.sv(185) File: C:/Users/gomez/OneDrive/Escritorio/mini_proyectos/modulosveri.sv Line: 185
Info (10041): Inferred latch for "ram[94][5]" at modulosveri.sv(185) File: C:/Users/gomez/OneDrive/Escritorio/mini_proyectos/modulosveri.sv Line: 185
Info (10041): Inferred latch for "ram[94][6]" at modulosveri.sv(185) File: C:/Users/gomez/OneDrive/Escritorio/mini_proyectos/modulosveri.sv Line: 185
Info (10041): Inferred latch for "ram[94][7]" at modulosveri.sv(185) File: C:/Users/gomez/OneDrive/Escritorio/mini_proyectos/modulosveri.sv Line: 185
Info (10041): Inferred latch for "ram[93][0]" at modulosveri.sv(185) File: C:/Users/gomez/OneDrive/Escritorio/mini_proyectos/modulosveri.sv Line: 185
Info (10041): Inferred latch for "ram[93][1]" at modulosveri.sv(185) File: C:/Users/gomez/OneDrive/Escritorio/mini_proyectos/modulosveri.sv Line: 185
Info (10041): Inferred latch for "ram[93][2]" at modulosveri.sv(185) File: C:/Users/gomez/OneDrive/Escritorio/mini_proyectos/modulosveri.sv Line: 185
Info (10041): Inferred latch for "ram[93][3]" at modulosveri.sv(185) File: C:/Users/gomez/OneDrive/Escritorio/mini_proyectos/modulosveri.sv Line: 185
Info (10041): Inferred latch for "ram[93][4]" at modulosveri.sv(185) File: C:/Users/gomez/OneDrive/Escritorio/mini_proyectos/modulosveri.sv Line: 185
Info (10041): Inferred latch for "ram[93][5]" at modulosveri.sv(185) File: C:/Users/gomez/OneDrive/Escritorio/mini_proyectos/modulosveri.sv Line: 185
Info (10041): Inferred latch for "ram[93][6]" at modulosveri.sv(185) File: C:/Users/gomez/OneDrive/Escritorio/mini_proyectos/modulosveri.sv Line: 185
Info (10041): Inferred latch for "ram[93][7]" at modulosveri.sv(185) File: C:/Users/gomez/OneDrive/Escritorio/mini_proyectos/modulosveri.sv Line: 185
Info (10041): Inferred latch for "ram[92][0]" at modulosveri.sv(185) File: C:/Users/gomez/OneDrive/Escritorio/mini_proyectos/modulosveri.sv Line: 185
Info (10041): Inferred latch for "ram[92][1]" at modulosveri.sv(185) File: C:/Users/gomez/OneDrive/Escritorio/mini_proyectos/modulosveri.sv Line: 185
Info (10041): Inferred latch for "ram[92][2]" at modulosveri.sv(185) File: C:/Users/gomez/OneDrive/Escritorio/mini_proyectos/modulosveri.sv Line: 185
Info (10041): Inferred latch for "ram[92][3]" at modulosveri.sv(185) File: C:/Users/gomez/OneDrive/Escritorio/mini_proyectos/modulosveri.sv Line: 185
Info (10041): Inferred latch for "ram[92][4]" at modulosveri.sv(185) File: C:/Users/gomez/OneDrive/Escritorio/mini_proyectos/modulosveri.sv Line: 185
Info (10041): Inferred latch for "ram[92][5]" at modulosveri.sv(185) File: C:/Users/gomez/OneDrive/Escritorio/mini_proyectos/modulosveri.sv Line: 185
Info (10041): Inferred latch for "ram[92][6]" at modulosveri.sv(185) File: C:/Users/gomez/OneDrive/Escritorio/mini_proyectos/modulosveri.sv Line: 185
Info (10041): Inferred latch for "ram[92][7]" at modulosveri.sv(185) File: C:/Users/gomez/OneDrive/Escritorio/mini_proyectos/modulosveri.sv Line: 185
Info (10041): Inferred latch for "ram[91][0]" at modulosveri.sv(185) File: C:/Users/gomez/OneDrive/Escritorio/mini_proyectos/modulosveri.sv Line: 185
Info (10041): Inferred latch for "ram[91][1]" at modulosveri.sv(185) File: C:/Users/gomez/OneDrive/Escritorio/mini_proyectos/modulosveri.sv Line: 185
Info (10041): Inferred latch for "ram[91][2]" at modulosveri.sv(185) File: C:/Users/gomez/OneDrive/Escritorio/mini_proyectos/modulosveri.sv Line: 185
Info (10041): Inferred latch for "ram[91][3]" at modulosveri.sv(185) File: C:/Users/gomez/OneDrive/Escritorio/mini_proyectos/modulosveri.sv Line: 185
Info (10041): Inferred latch for "ram[91][4]" at modulosveri.sv(185) File: C:/Users/gomez/OneDrive/Escritorio/mini_proyectos/modulosveri.sv Line: 185
Info (10041): Inferred latch for "ram[91][5]" at modulosveri.sv(185) File: C:/Users/gomez/OneDrive/Escritorio/mini_proyectos/modulosveri.sv Line: 185
Info (10041): Inferred latch for "ram[91][6]" at modulosveri.sv(185) File: C:/Users/gomez/OneDrive/Escritorio/mini_proyectos/modulosveri.sv Line: 185
Info (10041): Inferred latch for "ram[91][7]" at modulosveri.sv(185) File: C:/Users/gomez/OneDrive/Escritorio/mini_proyectos/modulosveri.sv Line: 185
Info (10041): Inferred latch for "ram[90][0]" at modulosveri.sv(185) File: C:/Users/gomez/OneDrive/Escritorio/mini_proyectos/modulosveri.sv Line: 185
Info (10041): Inferred latch for "ram[90][1]" at modulosveri.sv(185) File: C:/Users/gomez/OneDrive/Escritorio/mini_proyectos/modulosveri.sv Line: 185
Info (10041): Inferred latch for "ram[90][2]" at modulosveri.sv(185) File: C:/Users/gomez/OneDrive/Escritorio/mini_proyectos/modulosveri.sv Line: 185
Info (10041): Inferred latch for "ram[90][3]" at modulosveri.sv(185) File: C:/Users/gomez/OneDrive/Escritorio/mini_proyectos/modulosveri.sv Line: 185
Info (10041): Inferred latch for "ram[90][4]" at modulosveri.sv(185) File: C:/Users/gomez/OneDrive/Escritorio/mini_proyectos/modulosveri.sv Line: 185
Info (10041): Inferred latch for "ram[90][5]" at modulosveri.sv(185) File: C:/Users/gomez/OneDrive/Escritorio/mini_proyectos/modulosveri.sv Line: 185
Info (10041): Inferred latch for "ram[90][6]" at modulosveri.sv(185) File: C:/Users/gomez/OneDrive/Escritorio/mini_proyectos/modulosveri.sv Line: 185
Info (10041): Inferred latch for "ram[90][7]" at modulosveri.sv(185) File: C:/Users/gomez/OneDrive/Escritorio/mini_proyectos/modulosveri.sv Line: 185
Info (10041): Inferred latch for "ram[89][0]" at modulosveri.sv(185) File: C:/Users/gomez/OneDrive/Escritorio/mini_proyectos/modulosveri.sv Line: 185
Info (10041): Inferred latch for "ram[89][1]" at modulosveri.sv(185) File: C:/Users/gomez/OneDrive/Escritorio/mini_proyectos/modulosveri.sv Line: 185
Info (10041): Inferred latch for "ram[89][2]" at modulosveri.sv(185) File: C:/Users/gomez/OneDrive/Escritorio/mini_proyectos/modulosveri.sv Line: 185
Info (10041): Inferred latch for "ram[89][3]" at modulosveri.sv(185) File: C:/Users/gomez/OneDrive/Escritorio/mini_proyectos/modulosveri.sv Line: 185
Info (10041): Inferred latch for "ram[89][4]" at modulosveri.sv(185) File: C:/Users/gomez/OneDrive/Escritorio/mini_proyectos/modulosveri.sv Line: 185
Info (10041): Inferred latch for "ram[89][5]" at modulosveri.sv(185) File: C:/Users/gomez/OneDrive/Escritorio/mini_proyectos/modulosveri.sv Line: 185
Info (10041): Inferred latch for "ram[89][6]" at modulosveri.sv(185) File: C:/Users/gomez/OneDrive/Escritorio/mini_proyectos/modulosveri.sv Line: 185
Info (10041): Inferred latch for "ram[89][7]" at modulosveri.sv(185) File: C:/Users/gomez/OneDrive/Escritorio/mini_proyectos/modulosveri.sv Line: 185
Info (10041): Inferred latch for "ram[88][0]" at modulosveri.sv(185) File: C:/Users/gomez/OneDrive/Escritorio/mini_proyectos/modulosveri.sv Line: 185
Info (10041): Inferred latch for "ram[88][1]" at modulosveri.sv(185) File: C:/Users/gomez/OneDrive/Escritorio/mini_proyectos/modulosveri.sv Line: 185
Info (10041): Inferred latch for "ram[88][2]" at modulosveri.sv(185) File: C:/Users/gomez/OneDrive/Escritorio/mini_proyectos/modulosveri.sv Line: 185
Info (10041): Inferred latch for "ram[88][3]" at modulosveri.sv(185) File: C:/Users/gomez/OneDrive/Escritorio/mini_proyectos/modulosveri.sv Line: 185
Info (10041): Inferred latch for "ram[88][4]" at modulosveri.sv(185) File: C:/Users/gomez/OneDrive/Escritorio/mini_proyectos/modulosveri.sv Line: 185
Info (10041): Inferred latch for "ram[88][5]" at modulosveri.sv(185) File: C:/Users/gomez/OneDrive/Escritorio/mini_proyectos/modulosveri.sv Line: 185
Info (10041): Inferred latch for "ram[88][6]" at modulosveri.sv(185) File: C:/Users/gomez/OneDrive/Escritorio/mini_proyectos/modulosveri.sv Line: 185
Info (10041): Inferred latch for "ram[88][7]" at modulosveri.sv(185) File: C:/Users/gomez/OneDrive/Escritorio/mini_proyectos/modulosveri.sv Line: 185
Info (10041): Inferred latch for "ram[87][0]" at modulosveri.sv(185) File: C:/Users/gomez/OneDrive/Escritorio/mini_proyectos/modulosveri.sv Line: 185
Info (10041): Inferred latch for "ram[87][1]" at modulosveri.sv(185) File: C:/Users/gomez/OneDrive/Escritorio/mini_proyectos/modulosveri.sv Line: 185
Info (10041): Inferred latch for "ram[87][2]" at modulosveri.sv(185) File: C:/Users/gomez/OneDrive/Escritorio/mini_proyectos/modulosveri.sv Line: 185
Info (10041): Inferred latch for "ram[87][3]" at modulosveri.sv(185) File: C:/Users/gomez/OneDrive/Escritorio/mini_proyectos/modulosveri.sv Line: 185
Info (10041): Inferred latch for "ram[87][4]" at modulosveri.sv(185) File: C:/Users/gomez/OneDrive/Escritorio/mini_proyectos/modulosveri.sv Line: 185
Info (10041): Inferred latch for "ram[87][5]" at modulosveri.sv(185) File: C:/Users/gomez/OneDrive/Escritorio/mini_proyectos/modulosveri.sv Line: 185
Info (10041): Inferred latch for "ram[87][6]" at modulosveri.sv(185) File: C:/Users/gomez/OneDrive/Escritorio/mini_proyectos/modulosveri.sv Line: 185
Info (10041): Inferred latch for "ram[87][7]" at modulosveri.sv(185) File: C:/Users/gomez/OneDrive/Escritorio/mini_proyectos/modulosveri.sv Line: 185
Info (10041): Inferred latch for "ram[86][0]" at modulosveri.sv(185) File: C:/Users/gomez/OneDrive/Escritorio/mini_proyectos/modulosveri.sv Line: 185
Info (10041): Inferred latch for "ram[86][1]" at modulosveri.sv(185) File: C:/Users/gomez/OneDrive/Escritorio/mini_proyectos/modulosveri.sv Line: 185
Info (10041): Inferred latch for "ram[86][2]" at modulosveri.sv(185) File: C:/Users/gomez/OneDrive/Escritorio/mini_proyectos/modulosveri.sv Line: 185
Info (10041): Inferred latch for "ram[86][3]" at modulosveri.sv(185) File: C:/Users/gomez/OneDrive/Escritorio/mini_proyectos/modulosveri.sv Line: 185
Info (10041): Inferred latch for "ram[86][4]" at modulosveri.sv(185) File: C:/Users/gomez/OneDrive/Escritorio/mini_proyectos/modulosveri.sv Line: 185
Info (10041): Inferred latch for "ram[86][5]" at modulosveri.sv(185) File: C:/Users/gomez/OneDrive/Escritorio/mini_proyectos/modulosveri.sv Line: 185
Info (10041): Inferred latch for "ram[86][6]" at modulosveri.sv(185) File: C:/Users/gomez/OneDrive/Escritorio/mini_proyectos/modulosveri.sv Line: 185
Info (10041): Inferred latch for "ram[86][7]" at modulosveri.sv(185) File: C:/Users/gomez/OneDrive/Escritorio/mini_proyectos/modulosveri.sv Line: 185
Info (10041): Inferred latch for "ram[85][0]" at modulosveri.sv(185) File: C:/Users/gomez/OneDrive/Escritorio/mini_proyectos/modulosveri.sv Line: 185
Info (10041): Inferred latch for "ram[85][1]" at modulosveri.sv(185) File: C:/Users/gomez/OneDrive/Escritorio/mini_proyectos/modulosveri.sv Line: 185
Info (10041): Inferred latch for "ram[85][2]" at modulosveri.sv(185) File: C:/Users/gomez/OneDrive/Escritorio/mini_proyectos/modulosveri.sv Line: 185
Info (10041): Inferred latch for "ram[85][3]" at modulosveri.sv(185) File: C:/Users/gomez/OneDrive/Escritorio/mini_proyectos/modulosveri.sv Line: 185
Info (10041): Inferred latch for "ram[85][4]" at modulosveri.sv(185) File: C:/Users/gomez/OneDrive/Escritorio/mini_proyectos/modulosveri.sv Line: 185
Info (10041): Inferred latch for "ram[85][5]" at modulosveri.sv(185) File: C:/Users/gomez/OneDrive/Escritorio/mini_proyectos/modulosveri.sv Line: 185
Info (10041): Inferred latch for "ram[85][6]" at modulosveri.sv(185) File: C:/Users/gomez/OneDrive/Escritorio/mini_proyectos/modulosveri.sv Line: 185
Info (10041): Inferred latch for "ram[85][7]" at modulosveri.sv(185) File: C:/Users/gomez/OneDrive/Escritorio/mini_proyectos/modulosveri.sv Line: 185
Info (10041): Inferred latch for "ram[84][0]" at modulosveri.sv(185) File: C:/Users/gomez/OneDrive/Escritorio/mini_proyectos/modulosveri.sv Line: 185
Info (10041): Inferred latch for "ram[84][1]" at modulosveri.sv(185) File: C:/Users/gomez/OneDrive/Escritorio/mini_proyectos/modulosveri.sv Line: 185
Info (10041): Inferred latch for "ram[84][2]" at modulosveri.sv(185) File: C:/Users/gomez/OneDrive/Escritorio/mini_proyectos/modulosveri.sv Line: 185
Info (10041): Inferred latch for "ram[84][3]" at modulosveri.sv(185) File: C:/Users/gomez/OneDrive/Escritorio/mini_proyectos/modulosveri.sv Line: 185
Info (10041): Inferred latch for "ram[84][4]" at modulosveri.sv(185) File: C:/Users/gomez/OneDrive/Escritorio/mini_proyectos/modulosveri.sv Line: 185
Info (10041): Inferred latch for "ram[84][5]" at modulosveri.sv(185) File: C:/Users/gomez/OneDrive/Escritorio/mini_proyectos/modulosveri.sv Line: 185
Info (10041): Inferred latch for "ram[84][6]" at modulosveri.sv(185) File: C:/Users/gomez/OneDrive/Escritorio/mini_proyectos/modulosveri.sv Line: 185
Info (10041): Inferred latch for "ram[84][7]" at modulosveri.sv(185) File: C:/Users/gomez/OneDrive/Escritorio/mini_proyectos/modulosveri.sv Line: 185
Info (10041): Inferred latch for "ram[83][0]" at modulosveri.sv(185) File: C:/Users/gomez/OneDrive/Escritorio/mini_proyectos/modulosveri.sv Line: 185
Info (10041): Inferred latch for "ram[83][1]" at modulosveri.sv(185) File: C:/Users/gomez/OneDrive/Escritorio/mini_proyectos/modulosveri.sv Line: 185
Info (10041): Inferred latch for "ram[83][2]" at modulosveri.sv(185) File: C:/Users/gomez/OneDrive/Escritorio/mini_proyectos/modulosveri.sv Line: 185
Info (10041): Inferred latch for "ram[83][3]" at modulosveri.sv(185) File: C:/Users/gomez/OneDrive/Escritorio/mini_proyectos/modulosveri.sv Line: 185
Info (10041): Inferred latch for "ram[83][4]" at modulosveri.sv(185) File: C:/Users/gomez/OneDrive/Escritorio/mini_proyectos/modulosveri.sv Line: 185
Info (10041): Inferred latch for "ram[83][5]" at modulosveri.sv(185) File: C:/Users/gomez/OneDrive/Escritorio/mini_proyectos/modulosveri.sv Line: 185
Info (10041): Inferred latch for "ram[83][6]" at modulosveri.sv(185) File: C:/Users/gomez/OneDrive/Escritorio/mini_proyectos/modulosveri.sv Line: 185
Info (10041): Inferred latch for "ram[83][7]" at modulosveri.sv(185) File: C:/Users/gomez/OneDrive/Escritorio/mini_proyectos/modulosveri.sv Line: 185
Info (10041): Inferred latch for "ram[82][0]" at modulosveri.sv(185) File: C:/Users/gomez/OneDrive/Escritorio/mini_proyectos/modulosveri.sv Line: 185
Info (10041): Inferred latch for "ram[82][1]" at modulosveri.sv(185) File: C:/Users/gomez/OneDrive/Escritorio/mini_proyectos/modulosveri.sv Line: 185
Info (10041): Inferred latch for "ram[82][2]" at modulosveri.sv(185) File: C:/Users/gomez/OneDrive/Escritorio/mini_proyectos/modulosveri.sv Line: 185
Info (10041): Inferred latch for "ram[82][3]" at modulosveri.sv(185) File: C:/Users/gomez/OneDrive/Escritorio/mini_proyectos/modulosveri.sv Line: 185
Info (10041): Inferred latch for "ram[82][4]" at modulosveri.sv(185) File: C:/Users/gomez/OneDrive/Escritorio/mini_proyectos/modulosveri.sv Line: 185
Info (10041): Inferred latch for "ram[82][5]" at modulosveri.sv(185) File: C:/Users/gomez/OneDrive/Escritorio/mini_proyectos/modulosveri.sv Line: 185
Info (10041): Inferred latch for "ram[82][6]" at modulosveri.sv(185) File: C:/Users/gomez/OneDrive/Escritorio/mini_proyectos/modulosveri.sv Line: 185
Info (10041): Inferred latch for "ram[82][7]" at modulosveri.sv(185) File: C:/Users/gomez/OneDrive/Escritorio/mini_proyectos/modulosveri.sv Line: 185
Info (10041): Inferred latch for "ram[81][0]" at modulosveri.sv(185) File: C:/Users/gomez/OneDrive/Escritorio/mini_proyectos/modulosveri.sv Line: 185
Info (10041): Inferred latch for "ram[81][1]" at modulosveri.sv(185) File: C:/Users/gomez/OneDrive/Escritorio/mini_proyectos/modulosveri.sv Line: 185
Info (10041): Inferred latch for "ram[81][2]" at modulosveri.sv(185) File: C:/Users/gomez/OneDrive/Escritorio/mini_proyectos/modulosveri.sv Line: 185
Info (10041): Inferred latch for "ram[81][3]" at modulosveri.sv(185) File: C:/Users/gomez/OneDrive/Escritorio/mini_proyectos/modulosveri.sv Line: 185
Info (10041): Inferred latch for "ram[81][4]" at modulosveri.sv(185) File: C:/Users/gomez/OneDrive/Escritorio/mini_proyectos/modulosveri.sv Line: 185
Info (10041): Inferred latch for "ram[81][5]" at modulosveri.sv(185) File: C:/Users/gomez/OneDrive/Escritorio/mini_proyectos/modulosveri.sv Line: 185
Info (10041): Inferred latch for "ram[81][6]" at modulosveri.sv(185) File: C:/Users/gomez/OneDrive/Escritorio/mini_proyectos/modulosveri.sv Line: 185
Info (10041): Inferred latch for "ram[81][7]" at modulosveri.sv(185) File: C:/Users/gomez/OneDrive/Escritorio/mini_proyectos/modulosveri.sv Line: 185
Info (10041): Inferred latch for "ram[80][0]" at modulosveri.sv(185) File: C:/Users/gomez/OneDrive/Escritorio/mini_proyectos/modulosveri.sv Line: 185
Info (10041): Inferred latch for "ram[80][1]" at modulosveri.sv(185) File: C:/Users/gomez/OneDrive/Escritorio/mini_proyectos/modulosveri.sv Line: 185
Info (10041): Inferred latch for "ram[80][2]" at modulosveri.sv(185) File: C:/Users/gomez/OneDrive/Escritorio/mini_proyectos/modulosveri.sv Line: 185
Info (10041): Inferred latch for "ram[80][3]" at modulosveri.sv(185) File: C:/Users/gomez/OneDrive/Escritorio/mini_proyectos/modulosveri.sv Line: 185
Info (10041): Inferred latch for "ram[80][4]" at modulosveri.sv(185) File: C:/Users/gomez/OneDrive/Escritorio/mini_proyectos/modulosveri.sv Line: 185
Info (10041): Inferred latch for "ram[80][5]" at modulosveri.sv(185) File: C:/Users/gomez/OneDrive/Escritorio/mini_proyectos/modulosveri.sv Line: 185
Info (10041): Inferred latch for "ram[80][6]" at modulosveri.sv(185) File: C:/Users/gomez/OneDrive/Escritorio/mini_proyectos/modulosveri.sv Line: 185
Info (10041): Inferred latch for "ram[80][7]" at modulosveri.sv(185) File: C:/Users/gomez/OneDrive/Escritorio/mini_proyectos/modulosveri.sv Line: 185
Info (10041): Inferred latch for "ram[79][0]" at modulosveri.sv(185) File: C:/Users/gomez/OneDrive/Escritorio/mini_proyectos/modulosveri.sv Line: 185
Info (10041): Inferred latch for "ram[79][1]" at modulosveri.sv(185) File: C:/Users/gomez/OneDrive/Escritorio/mini_proyectos/modulosveri.sv Line: 185
Info (10041): Inferred latch for "ram[79][2]" at modulosveri.sv(185) File: C:/Users/gomez/OneDrive/Escritorio/mini_proyectos/modulosveri.sv Line: 185
Info (10041): Inferred latch for "ram[79][3]" at modulosveri.sv(185) File: C:/Users/gomez/OneDrive/Escritorio/mini_proyectos/modulosveri.sv Line: 185
Info (10041): Inferred latch for "ram[79][4]" at modulosveri.sv(185) File: C:/Users/gomez/OneDrive/Escritorio/mini_proyectos/modulosveri.sv Line: 185
Info (10041): Inferred latch for "ram[79][5]" at modulosveri.sv(185) File: C:/Users/gomez/OneDrive/Escritorio/mini_proyectos/modulosveri.sv Line: 185
Info (10041): Inferred latch for "ram[79][6]" at modulosveri.sv(185) File: C:/Users/gomez/OneDrive/Escritorio/mini_proyectos/modulosveri.sv Line: 185
Info (10041): Inferred latch for "ram[79][7]" at modulosveri.sv(185) File: C:/Users/gomez/OneDrive/Escritorio/mini_proyectos/modulosveri.sv Line: 185
Info (10041): Inferred latch for "ram[78][0]" at modulosveri.sv(185) File: C:/Users/gomez/OneDrive/Escritorio/mini_proyectos/modulosveri.sv Line: 185
Info (10041): Inferred latch for "ram[78][1]" at modulosveri.sv(185) File: C:/Users/gomez/OneDrive/Escritorio/mini_proyectos/modulosveri.sv Line: 185
Info (10041): Inferred latch for "ram[78][2]" at modulosveri.sv(185) File: C:/Users/gomez/OneDrive/Escritorio/mini_proyectos/modulosveri.sv Line: 185
Info (10041): Inferred latch for "ram[78][3]" at modulosveri.sv(185) File: C:/Users/gomez/OneDrive/Escritorio/mini_proyectos/modulosveri.sv Line: 185
Info (10041): Inferred latch for "ram[78][4]" at modulosveri.sv(185) File: C:/Users/gomez/OneDrive/Escritorio/mini_proyectos/modulosveri.sv Line: 185
Info (10041): Inferred latch for "ram[78][5]" at modulosveri.sv(185) File: C:/Users/gomez/OneDrive/Escritorio/mini_proyectos/modulosveri.sv Line: 185
Info (10041): Inferred latch for "ram[78][6]" at modulosveri.sv(185) File: C:/Users/gomez/OneDrive/Escritorio/mini_proyectos/modulosveri.sv Line: 185
Info (10041): Inferred latch for "ram[78][7]" at modulosveri.sv(185) File: C:/Users/gomez/OneDrive/Escritorio/mini_proyectos/modulosveri.sv Line: 185
Info (10041): Inferred latch for "ram[77][0]" at modulosveri.sv(185) File: C:/Users/gomez/OneDrive/Escritorio/mini_proyectos/modulosveri.sv Line: 185
Info (10041): Inferred latch for "ram[77][1]" at modulosveri.sv(185) File: C:/Users/gomez/OneDrive/Escritorio/mini_proyectos/modulosveri.sv Line: 185
Info (10041): Inferred latch for "ram[77][2]" at modulosveri.sv(185) File: C:/Users/gomez/OneDrive/Escritorio/mini_proyectos/modulosveri.sv Line: 185
Info (10041): Inferred latch for "ram[77][3]" at modulosveri.sv(185) File: C:/Users/gomez/OneDrive/Escritorio/mini_proyectos/modulosveri.sv Line: 185
Info (10041): Inferred latch for "ram[77][4]" at modulosveri.sv(185) File: C:/Users/gomez/OneDrive/Escritorio/mini_proyectos/modulosveri.sv Line: 185
Info (10041): Inferred latch for "ram[77][5]" at modulosveri.sv(185) File: C:/Users/gomez/OneDrive/Escritorio/mini_proyectos/modulosveri.sv Line: 185
Info (10041): Inferred latch for "ram[77][6]" at modulosveri.sv(185) File: C:/Users/gomez/OneDrive/Escritorio/mini_proyectos/modulosveri.sv Line: 185
Info (10041): Inferred latch for "ram[77][7]" at modulosveri.sv(185) File: C:/Users/gomez/OneDrive/Escritorio/mini_proyectos/modulosveri.sv Line: 185
Info (10041): Inferred latch for "ram[76][0]" at modulosveri.sv(185) File: C:/Users/gomez/OneDrive/Escritorio/mini_proyectos/modulosveri.sv Line: 185
Info (10041): Inferred latch for "ram[76][1]" at modulosveri.sv(185) File: C:/Users/gomez/OneDrive/Escritorio/mini_proyectos/modulosveri.sv Line: 185
Info (10041): Inferred latch for "ram[76][2]" at modulosveri.sv(185) File: C:/Users/gomez/OneDrive/Escritorio/mini_proyectos/modulosveri.sv Line: 185
Info (10041): Inferred latch for "ram[76][3]" at modulosveri.sv(185) File: C:/Users/gomez/OneDrive/Escritorio/mini_proyectos/modulosveri.sv Line: 185
Info (10041): Inferred latch for "ram[76][4]" at modulosveri.sv(185) File: C:/Users/gomez/OneDrive/Escritorio/mini_proyectos/modulosveri.sv Line: 185
Info (10041): Inferred latch for "ram[76][5]" at modulosveri.sv(185) File: C:/Users/gomez/OneDrive/Escritorio/mini_proyectos/modulosveri.sv Line: 185
Info (10041): Inferred latch for "ram[76][6]" at modulosveri.sv(185) File: C:/Users/gomez/OneDrive/Escritorio/mini_proyectos/modulosveri.sv Line: 185
Info (10041): Inferred latch for "ram[76][7]" at modulosveri.sv(185) File: C:/Users/gomez/OneDrive/Escritorio/mini_proyectos/modulosveri.sv Line: 185
Info (10041): Inferred latch for "ram[75][0]" at modulosveri.sv(185) File: C:/Users/gomez/OneDrive/Escritorio/mini_proyectos/modulosveri.sv Line: 185
Info (10041): Inferred latch for "ram[75][1]" at modulosveri.sv(185) File: C:/Users/gomez/OneDrive/Escritorio/mini_proyectos/modulosveri.sv Line: 185
Info (10041): Inferred latch for "ram[75][2]" at modulosveri.sv(185) File: C:/Users/gomez/OneDrive/Escritorio/mini_proyectos/modulosveri.sv Line: 185
Info (10041): Inferred latch for "ram[75][3]" at modulosveri.sv(185) File: C:/Users/gomez/OneDrive/Escritorio/mini_proyectos/modulosveri.sv Line: 185
Info (10041): Inferred latch for "ram[75][4]" at modulosveri.sv(185) File: C:/Users/gomez/OneDrive/Escritorio/mini_proyectos/modulosveri.sv Line: 185
Info (10041): Inferred latch for "ram[75][5]" at modulosveri.sv(185) File: C:/Users/gomez/OneDrive/Escritorio/mini_proyectos/modulosveri.sv Line: 185
Info (10041): Inferred latch for "ram[75][6]" at modulosveri.sv(185) File: C:/Users/gomez/OneDrive/Escritorio/mini_proyectos/modulosveri.sv Line: 185
Info (10041): Inferred latch for "ram[75][7]" at modulosveri.sv(185) File: C:/Users/gomez/OneDrive/Escritorio/mini_proyectos/modulosveri.sv Line: 185
Info (10041): Inferred latch for "ram[74][0]" at modulosveri.sv(185) File: C:/Users/gomez/OneDrive/Escritorio/mini_proyectos/modulosveri.sv Line: 185
Info (10041): Inferred latch for "ram[74][1]" at modulosveri.sv(185) File: C:/Users/gomez/OneDrive/Escritorio/mini_proyectos/modulosveri.sv Line: 185
Info (10041): Inferred latch for "ram[74][2]" at modulosveri.sv(185) File: C:/Users/gomez/OneDrive/Escritorio/mini_proyectos/modulosveri.sv Line: 185
Info (10041): Inferred latch for "ram[74][3]" at modulosveri.sv(185) File: C:/Users/gomez/OneDrive/Escritorio/mini_proyectos/modulosveri.sv Line: 185
Info (10041): Inferred latch for "ram[74][4]" at modulosveri.sv(185) File: C:/Users/gomez/OneDrive/Escritorio/mini_proyectos/modulosveri.sv Line: 185
Info (10041): Inferred latch for "ram[74][5]" at modulosveri.sv(185) File: C:/Users/gomez/OneDrive/Escritorio/mini_proyectos/modulosveri.sv Line: 185
Info (10041): Inferred latch for "ram[74][6]" at modulosveri.sv(185) File: C:/Users/gomez/OneDrive/Escritorio/mini_proyectos/modulosveri.sv Line: 185
Info (10041): Inferred latch for "ram[74][7]" at modulosveri.sv(185) File: C:/Users/gomez/OneDrive/Escritorio/mini_proyectos/modulosveri.sv Line: 185
Info (10041): Inferred latch for "ram[73][0]" at modulosveri.sv(185) File: C:/Users/gomez/OneDrive/Escritorio/mini_proyectos/modulosveri.sv Line: 185
Info (10041): Inferred latch for "ram[73][1]" at modulosveri.sv(185) File: C:/Users/gomez/OneDrive/Escritorio/mini_proyectos/modulosveri.sv Line: 185
Info (10041): Inferred latch for "ram[73][2]" at modulosveri.sv(185) File: C:/Users/gomez/OneDrive/Escritorio/mini_proyectos/modulosveri.sv Line: 185
Info (10041): Inferred latch for "ram[73][3]" at modulosveri.sv(185) File: C:/Users/gomez/OneDrive/Escritorio/mini_proyectos/modulosveri.sv Line: 185
Info (10041): Inferred latch for "ram[73][4]" at modulosveri.sv(185) File: C:/Users/gomez/OneDrive/Escritorio/mini_proyectos/modulosveri.sv Line: 185
Info (10041): Inferred latch for "ram[73][5]" at modulosveri.sv(185) File: C:/Users/gomez/OneDrive/Escritorio/mini_proyectos/modulosveri.sv Line: 185
Info (10041): Inferred latch for "ram[73][6]" at modulosveri.sv(185) File: C:/Users/gomez/OneDrive/Escritorio/mini_proyectos/modulosveri.sv Line: 185
Info (10041): Inferred latch for "ram[73][7]" at modulosveri.sv(185) File: C:/Users/gomez/OneDrive/Escritorio/mini_proyectos/modulosveri.sv Line: 185
Info (10041): Inferred latch for "ram[72][0]" at modulosveri.sv(185) File: C:/Users/gomez/OneDrive/Escritorio/mini_proyectos/modulosveri.sv Line: 185
Info (10041): Inferred latch for "ram[72][1]" at modulosveri.sv(185) File: C:/Users/gomez/OneDrive/Escritorio/mini_proyectos/modulosveri.sv Line: 185
Info (10041): Inferred latch for "ram[72][2]" at modulosveri.sv(185) File: C:/Users/gomez/OneDrive/Escritorio/mini_proyectos/modulosveri.sv Line: 185
Info (10041): Inferred latch for "ram[72][3]" at modulosveri.sv(185) File: C:/Users/gomez/OneDrive/Escritorio/mini_proyectos/modulosveri.sv Line: 185
Info (10041): Inferred latch for "ram[72][4]" at modulosveri.sv(185) File: C:/Users/gomez/OneDrive/Escritorio/mini_proyectos/modulosveri.sv Line: 185
Info (10041): Inferred latch for "ram[72][5]" at modulosveri.sv(185) File: C:/Users/gomez/OneDrive/Escritorio/mini_proyectos/modulosveri.sv Line: 185
Info (10041): Inferred latch for "ram[72][6]" at modulosveri.sv(185) File: C:/Users/gomez/OneDrive/Escritorio/mini_proyectos/modulosveri.sv Line: 185
Info (10041): Inferred latch for "ram[72][7]" at modulosveri.sv(185) File: C:/Users/gomez/OneDrive/Escritorio/mini_proyectos/modulosveri.sv Line: 185
Info (10041): Inferred latch for "ram[71][0]" at modulosveri.sv(185) File: C:/Users/gomez/OneDrive/Escritorio/mini_proyectos/modulosveri.sv Line: 185
Info (10041): Inferred latch for "ram[71][1]" at modulosveri.sv(185) File: C:/Users/gomez/OneDrive/Escritorio/mini_proyectos/modulosveri.sv Line: 185
Info (10041): Inferred latch for "ram[71][2]" at modulosveri.sv(185) File: C:/Users/gomez/OneDrive/Escritorio/mini_proyectos/modulosveri.sv Line: 185
Info (10041): Inferred latch for "ram[71][3]" at modulosveri.sv(185) File: C:/Users/gomez/OneDrive/Escritorio/mini_proyectos/modulosveri.sv Line: 185
Info (10041): Inferred latch for "ram[71][4]" at modulosveri.sv(185) File: C:/Users/gomez/OneDrive/Escritorio/mini_proyectos/modulosveri.sv Line: 185
Info (10041): Inferred latch for "ram[71][5]" at modulosveri.sv(185) File: C:/Users/gomez/OneDrive/Escritorio/mini_proyectos/modulosveri.sv Line: 185
Info (10041): Inferred latch for "ram[71][6]" at modulosveri.sv(185) File: C:/Users/gomez/OneDrive/Escritorio/mini_proyectos/modulosveri.sv Line: 185
Info (10041): Inferred latch for "ram[71][7]" at modulosveri.sv(185) File: C:/Users/gomez/OneDrive/Escritorio/mini_proyectos/modulosveri.sv Line: 185
Info (10041): Inferred latch for "ram[70][0]" at modulosveri.sv(185) File: C:/Users/gomez/OneDrive/Escritorio/mini_proyectos/modulosveri.sv Line: 185
Info (10041): Inferred latch for "ram[70][1]" at modulosveri.sv(185) File: C:/Users/gomez/OneDrive/Escritorio/mini_proyectos/modulosveri.sv Line: 185
Info (10041): Inferred latch for "ram[70][2]" at modulosveri.sv(185) File: C:/Users/gomez/OneDrive/Escritorio/mini_proyectos/modulosveri.sv Line: 185
Info (10041): Inferred latch for "ram[70][3]" at modulosveri.sv(185) File: C:/Users/gomez/OneDrive/Escritorio/mini_proyectos/modulosveri.sv Line: 185
Info (10041): Inferred latch for "ram[70][4]" at modulosveri.sv(185) File: C:/Users/gomez/OneDrive/Escritorio/mini_proyectos/modulosveri.sv Line: 185
Info (10041): Inferred latch for "ram[70][5]" at modulosveri.sv(185) File: C:/Users/gomez/OneDrive/Escritorio/mini_proyectos/modulosveri.sv Line: 185
Info (10041): Inferred latch for "ram[70][6]" at modulosveri.sv(185) File: C:/Users/gomez/OneDrive/Escritorio/mini_proyectos/modulosveri.sv Line: 185
Info (10041): Inferred latch for "ram[70][7]" at modulosveri.sv(185) File: C:/Users/gomez/OneDrive/Escritorio/mini_proyectos/modulosveri.sv Line: 185
Info (10041): Inferred latch for "ram[69][0]" at modulosveri.sv(185) File: C:/Users/gomez/OneDrive/Escritorio/mini_proyectos/modulosveri.sv Line: 185
Info (10041): Inferred latch for "ram[69][1]" at modulosveri.sv(185) File: C:/Users/gomez/OneDrive/Escritorio/mini_proyectos/modulosveri.sv Line: 185
Info (10041): Inferred latch for "ram[69][2]" at modulosveri.sv(185) File: C:/Users/gomez/OneDrive/Escritorio/mini_proyectos/modulosveri.sv Line: 185
Info (10041): Inferred latch for "ram[69][3]" at modulosveri.sv(185) File: C:/Users/gomez/OneDrive/Escritorio/mini_proyectos/modulosveri.sv Line: 185
Info (10041): Inferred latch for "ram[69][4]" at modulosveri.sv(185) File: C:/Users/gomez/OneDrive/Escritorio/mini_proyectos/modulosveri.sv Line: 185
Info (10041): Inferred latch for "ram[69][5]" at modulosveri.sv(185) File: C:/Users/gomez/OneDrive/Escritorio/mini_proyectos/modulosveri.sv Line: 185
Info (10041): Inferred latch for "ram[69][6]" at modulosveri.sv(185) File: C:/Users/gomez/OneDrive/Escritorio/mini_proyectos/modulosveri.sv Line: 185
Info (10041): Inferred latch for "ram[69][7]" at modulosveri.sv(185) File: C:/Users/gomez/OneDrive/Escritorio/mini_proyectos/modulosveri.sv Line: 185
Info (10041): Inferred latch for "ram[68][0]" at modulosveri.sv(185) File: C:/Users/gomez/OneDrive/Escritorio/mini_proyectos/modulosveri.sv Line: 185
Info (10041): Inferred latch for "ram[68][1]" at modulosveri.sv(185) File: C:/Users/gomez/OneDrive/Escritorio/mini_proyectos/modulosveri.sv Line: 185
Info (10041): Inferred latch for "ram[68][2]" at modulosveri.sv(185) File: C:/Users/gomez/OneDrive/Escritorio/mini_proyectos/modulosveri.sv Line: 185
Info (10041): Inferred latch for "ram[68][3]" at modulosveri.sv(185) File: C:/Users/gomez/OneDrive/Escritorio/mini_proyectos/modulosveri.sv Line: 185
Info (10041): Inferred latch for "ram[68][4]" at modulosveri.sv(185) File: C:/Users/gomez/OneDrive/Escritorio/mini_proyectos/modulosveri.sv Line: 185
Info (10041): Inferred latch for "ram[68][5]" at modulosveri.sv(185) File: C:/Users/gomez/OneDrive/Escritorio/mini_proyectos/modulosveri.sv Line: 185
Info (10041): Inferred latch for "ram[68][6]" at modulosveri.sv(185) File: C:/Users/gomez/OneDrive/Escritorio/mini_proyectos/modulosveri.sv Line: 185
Info (10041): Inferred latch for "ram[68][7]" at modulosveri.sv(185) File: C:/Users/gomez/OneDrive/Escritorio/mini_proyectos/modulosveri.sv Line: 185
Info (10041): Inferred latch for "ram[67][0]" at modulosveri.sv(185) File: C:/Users/gomez/OneDrive/Escritorio/mini_proyectos/modulosveri.sv Line: 185
Info (10041): Inferred latch for "ram[67][1]" at modulosveri.sv(185) File: C:/Users/gomez/OneDrive/Escritorio/mini_proyectos/modulosveri.sv Line: 185
Info (10041): Inferred latch for "ram[67][2]" at modulosveri.sv(185) File: C:/Users/gomez/OneDrive/Escritorio/mini_proyectos/modulosveri.sv Line: 185
Info (10041): Inferred latch for "ram[67][3]" at modulosveri.sv(185) File: C:/Users/gomez/OneDrive/Escritorio/mini_proyectos/modulosveri.sv Line: 185
Info (10041): Inferred latch for "ram[67][4]" at modulosveri.sv(185) File: C:/Users/gomez/OneDrive/Escritorio/mini_proyectos/modulosveri.sv Line: 185
Info (10041): Inferred latch for "ram[67][5]" at modulosveri.sv(185) File: C:/Users/gomez/OneDrive/Escritorio/mini_proyectos/modulosveri.sv Line: 185
Info (10041): Inferred latch for "ram[67][6]" at modulosveri.sv(185) File: C:/Users/gomez/OneDrive/Escritorio/mini_proyectos/modulosveri.sv Line: 185
Info (10041): Inferred latch for "ram[67][7]" at modulosveri.sv(185) File: C:/Users/gomez/OneDrive/Escritorio/mini_proyectos/modulosveri.sv Line: 185
Info (10041): Inferred latch for "ram[66][0]" at modulosveri.sv(185) File: C:/Users/gomez/OneDrive/Escritorio/mini_proyectos/modulosveri.sv Line: 185
Info (10041): Inferred latch for "ram[66][1]" at modulosveri.sv(185) File: C:/Users/gomez/OneDrive/Escritorio/mini_proyectos/modulosveri.sv Line: 185
Info (10041): Inferred latch for "ram[66][2]" at modulosveri.sv(185) File: C:/Users/gomez/OneDrive/Escritorio/mini_proyectos/modulosveri.sv Line: 185
Info (10041): Inferred latch for "ram[66][3]" at modulosveri.sv(185) File: C:/Users/gomez/OneDrive/Escritorio/mini_proyectos/modulosveri.sv Line: 185
Info (10041): Inferred latch for "ram[66][4]" at modulosveri.sv(185) File: C:/Users/gomez/OneDrive/Escritorio/mini_proyectos/modulosveri.sv Line: 185
Info (10041): Inferred latch for "ram[66][5]" at modulosveri.sv(185) File: C:/Users/gomez/OneDrive/Escritorio/mini_proyectos/modulosveri.sv Line: 185
Info (10041): Inferred latch for "ram[66][6]" at modulosveri.sv(185) File: C:/Users/gomez/OneDrive/Escritorio/mini_proyectos/modulosveri.sv Line: 185
Info (10041): Inferred latch for "ram[66][7]" at modulosveri.sv(185) File: C:/Users/gomez/OneDrive/Escritorio/mini_proyectos/modulosveri.sv Line: 185
Info (10041): Inferred latch for "ram[65][0]" at modulosveri.sv(185) File: C:/Users/gomez/OneDrive/Escritorio/mini_proyectos/modulosveri.sv Line: 185
Info (10041): Inferred latch for "ram[65][1]" at modulosveri.sv(185) File: C:/Users/gomez/OneDrive/Escritorio/mini_proyectos/modulosveri.sv Line: 185
Info (10041): Inferred latch for "ram[65][2]" at modulosveri.sv(185) File: C:/Users/gomez/OneDrive/Escritorio/mini_proyectos/modulosveri.sv Line: 185
Info (10041): Inferred latch for "ram[65][3]" at modulosveri.sv(185) File: C:/Users/gomez/OneDrive/Escritorio/mini_proyectos/modulosveri.sv Line: 185
Info (10041): Inferred latch for "ram[65][4]" at modulosveri.sv(185) File: C:/Users/gomez/OneDrive/Escritorio/mini_proyectos/modulosveri.sv Line: 185
Info (10041): Inferred latch for "ram[65][5]" at modulosveri.sv(185) File: C:/Users/gomez/OneDrive/Escritorio/mini_proyectos/modulosveri.sv Line: 185
Info (10041): Inferred latch for "ram[65][6]" at modulosveri.sv(185) File: C:/Users/gomez/OneDrive/Escritorio/mini_proyectos/modulosveri.sv Line: 185
Info (10041): Inferred latch for "ram[65][7]" at modulosveri.sv(185) File: C:/Users/gomez/OneDrive/Escritorio/mini_proyectos/modulosveri.sv Line: 185
Info (10041): Inferred latch for "ram[64][0]" at modulosveri.sv(185) File: C:/Users/gomez/OneDrive/Escritorio/mini_proyectos/modulosveri.sv Line: 185
Info (10041): Inferred latch for "ram[64][1]" at modulosveri.sv(185) File: C:/Users/gomez/OneDrive/Escritorio/mini_proyectos/modulosveri.sv Line: 185
Info (10041): Inferred latch for "ram[64][2]" at modulosveri.sv(185) File: C:/Users/gomez/OneDrive/Escritorio/mini_proyectos/modulosveri.sv Line: 185
Info (10041): Inferred latch for "ram[64][3]" at modulosveri.sv(185) File: C:/Users/gomez/OneDrive/Escritorio/mini_proyectos/modulosveri.sv Line: 185
Info (10041): Inferred latch for "ram[64][4]" at modulosveri.sv(185) File: C:/Users/gomez/OneDrive/Escritorio/mini_proyectos/modulosveri.sv Line: 185
Info (10041): Inferred latch for "ram[64][5]" at modulosveri.sv(185) File: C:/Users/gomez/OneDrive/Escritorio/mini_proyectos/modulosveri.sv Line: 185
Info (10041): Inferred latch for "ram[64][6]" at modulosveri.sv(185) File: C:/Users/gomez/OneDrive/Escritorio/mini_proyectos/modulosveri.sv Line: 185
Info (10041): Inferred latch for "ram[64][7]" at modulosveri.sv(185) File: C:/Users/gomez/OneDrive/Escritorio/mini_proyectos/modulosveri.sv Line: 185
Info (10041): Inferred latch for "ram[63][0]" at modulosveri.sv(185) File: C:/Users/gomez/OneDrive/Escritorio/mini_proyectos/modulosveri.sv Line: 185
Info (10041): Inferred latch for "ram[63][1]" at modulosveri.sv(185) File: C:/Users/gomez/OneDrive/Escritorio/mini_proyectos/modulosveri.sv Line: 185
Info (10041): Inferred latch for "ram[63][2]" at modulosveri.sv(185) File: C:/Users/gomez/OneDrive/Escritorio/mini_proyectos/modulosveri.sv Line: 185
Info (10041): Inferred latch for "ram[63][3]" at modulosveri.sv(185) File: C:/Users/gomez/OneDrive/Escritorio/mini_proyectos/modulosveri.sv Line: 185
Info (10041): Inferred latch for "ram[63][4]" at modulosveri.sv(185) File: C:/Users/gomez/OneDrive/Escritorio/mini_proyectos/modulosveri.sv Line: 185
Info (10041): Inferred latch for "ram[63][5]" at modulosveri.sv(185) File: C:/Users/gomez/OneDrive/Escritorio/mini_proyectos/modulosveri.sv Line: 185
Info (10041): Inferred latch for "ram[63][6]" at modulosveri.sv(185) File: C:/Users/gomez/OneDrive/Escritorio/mini_proyectos/modulosveri.sv Line: 185
Info (10041): Inferred latch for "ram[63][7]" at modulosveri.sv(185) File: C:/Users/gomez/OneDrive/Escritorio/mini_proyectos/modulosveri.sv Line: 185
Info (10041): Inferred latch for "ram[62][0]" at modulosveri.sv(185) File: C:/Users/gomez/OneDrive/Escritorio/mini_proyectos/modulosveri.sv Line: 185
Info (10041): Inferred latch for "ram[62][1]" at modulosveri.sv(185) File: C:/Users/gomez/OneDrive/Escritorio/mini_proyectos/modulosveri.sv Line: 185
Info (10041): Inferred latch for "ram[62][2]" at modulosveri.sv(185) File: C:/Users/gomez/OneDrive/Escritorio/mini_proyectos/modulosveri.sv Line: 185
Info (10041): Inferred latch for "ram[62][3]" at modulosveri.sv(185) File: C:/Users/gomez/OneDrive/Escritorio/mini_proyectos/modulosveri.sv Line: 185
Info (10041): Inferred latch for "ram[62][4]" at modulosveri.sv(185) File: C:/Users/gomez/OneDrive/Escritorio/mini_proyectos/modulosveri.sv Line: 185
Info (10041): Inferred latch for "ram[62][5]" at modulosveri.sv(185) File: C:/Users/gomez/OneDrive/Escritorio/mini_proyectos/modulosveri.sv Line: 185
Info (10041): Inferred latch for "ram[62][6]" at modulosveri.sv(185) File: C:/Users/gomez/OneDrive/Escritorio/mini_proyectos/modulosveri.sv Line: 185
Info (10041): Inferred latch for "ram[62][7]" at modulosveri.sv(185) File: C:/Users/gomez/OneDrive/Escritorio/mini_proyectos/modulosveri.sv Line: 185
Info (10041): Inferred latch for "ram[61][0]" at modulosveri.sv(185) File: C:/Users/gomez/OneDrive/Escritorio/mini_proyectos/modulosveri.sv Line: 185
Info (10041): Inferred latch for "ram[61][1]" at modulosveri.sv(185) File: C:/Users/gomez/OneDrive/Escritorio/mini_proyectos/modulosveri.sv Line: 185
Info (10041): Inferred latch for "ram[61][2]" at modulosveri.sv(185) File: C:/Users/gomez/OneDrive/Escritorio/mini_proyectos/modulosveri.sv Line: 185
Info (10041): Inferred latch for "ram[61][3]" at modulosveri.sv(185) File: C:/Users/gomez/OneDrive/Escritorio/mini_proyectos/modulosveri.sv Line: 185
Info (10041): Inferred latch for "ram[61][4]" at modulosveri.sv(185) File: C:/Users/gomez/OneDrive/Escritorio/mini_proyectos/modulosveri.sv Line: 185
Info (10041): Inferred latch for "ram[61][5]" at modulosveri.sv(185) File: C:/Users/gomez/OneDrive/Escritorio/mini_proyectos/modulosveri.sv Line: 185
Info (10041): Inferred latch for "ram[61][6]" at modulosveri.sv(185) File: C:/Users/gomez/OneDrive/Escritorio/mini_proyectos/modulosveri.sv Line: 185
Info (10041): Inferred latch for "ram[61][7]" at modulosveri.sv(185) File: C:/Users/gomez/OneDrive/Escritorio/mini_proyectos/modulosveri.sv Line: 185
Info (10041): Inferred latch for "ram[60][0]" at modulosveri.sv(185) File: C:/Users/gomez/OneDrive/Escritorio/mini_proyectos/modulosveri.sv Line: 185
Info (10041): Inferred latch for "ram[60][1]" at modulosveri.sv(185) File: C:/Users/gomez/OneDrive/Escritorio/mini_proyectos/modulosveri.sv Line: 185
Info (10041): Inferred latch for "ram[60][2]" at modulosveri.sv(185) File: C:/Users/gomez/OneDrive/Escritorio/mini_proyectos/modulosveri.sv Line: 185
Info (10041): Inferred latch for "ram[60][3]" at modulosveri.sv(185) File: C:/Users/gomez/OneDrive/Escritorio/mini_proyectos/modulosveri.sv Line: 185
Info (10041): Inferred latch for "ram[60][4]" at modulosveri.sv(185) File: C:/Users/gomez/OneDrive/Escritorio/mini_proyectos/modulosveri.sv Line: 185
Info (10041): Inferred latch for "ram[60][5]" at modulosveri.sv(185) File: C:/Users/gomez/OneDrive/Escritorio/mini_proyectos/modulosveri.sv Line: 185
Info (10041): Inferred latch for "ram[60][6]" at modulosveri.sv(185) File: C:/Users/gomez/OneDrive/Escritorio/mini_proyectos/modulosveri.sv Line: 185
Info (10041): Inferred latch for "ram[60][7]" at modulosveri.sv(185) File: C:/Users/gomez/OneDrive/Escritorio/mini_proyectos/modulosveri.sv Line: 185
Info (10041): Inferred latch for "ram[59][0]" at modulosveri.sv(185) File: C:/Users/gomez/OneDrive/Escritorio/mini_proyectos/modulosveri.sv Line: 185
Info (10041): Inferred latch for "ram[59][1]" at modulosveri.sv(185) File: C:/Users/gomez/OneDrive/Escritorio/mini_proyectos/modulosveri.sv Line: 185
Info (10041): Inferred latch for "ram[59][2]" at modulosveri.sv(185) File: C:/Users/gomez/OneDrive/Escritorio/mini_proyectos/modulosveri.sv Line: 185
Info (10041): Inferred latch for "ram[59][3]" at modulosveri.sv(185) File: C:/Users/gomez/OneDrive/Escritorio/mini_proyectos/modulosveri.sv Line: 185
Info (10041): Inferred latch for "ram[59][4]" at modulosveri.sv(185) File: C:/Users/gomez/OneDrive/Escritorio/mini_proyectos/modulosveri.sv Line: 185
Info (10041): Inferred latch for "ram[59][5]" at modulosveri.sv(185) File: C:/Users/gomez/OneDrive/Escritorio/mini_proyectos/modulosveri.sv Line: 185
Info (10041): Inferred latch for "ram[59][6]" at modulosveri.sv(185) File: C:/Users/gomez/OneDrive/Escritorio/mini_proyectos/modulosveri.sv Line: 185
Info (10041): Inferred latch for "ram[59][7]" at modulosveri.sv(185) File: C:/Users/gomez/OneDrive/Escritorio/mini_proyectos/modulosveri.sv Line: 185
Info (10041): Inferred latch for "ram[58][0]" at modulosveri.sv(185) File: C:/Users/gomez/OneDrive/Escritorio/mini_proyectos/modulosveri.sv Line: 185
Info (10041): Inferred latch for "ram[58][1]" at modulosveri.sv(185) File: C:/Users/gomez/OneDrive/Escritorio/mini_proyectos/modulosveri.sv Line: 185
Info (10041): Inferred latch for "ram[58][2]" at modulosveri.sv(185) File: C:/Users/gomez/OneDrive/Escritorio/mini_proyectos/modulosveri.sv Line: 185
Info (10041): Inferred latch for "ram[58][3]" at modulosveri.sv(185) File: C:/Users/gomez/OneDrive/Escritorio/mini_proyectos/modulosveri.sv Line: 185
Info (10041): Inferred latch for "ram[58][4]" at modulosveri.sv(185) File: C:/Users/gomez/OneDrive/Escritorio/mini_proyectos/modulosveri.sv Line: 185
Info (10041): Inferred latch for "ram[58][5]" at modulosveri.sv(185) File: C:/Users/gomez/OneDrive/Escritorio/mini_proyectos/modulosveri.sv Line: 185
Info (10041): Inferred latch for "ram[58][6]" at modulosveri.sv(185) File: C:/Users/gomez/OneDrive/Escritorio/mini_proyectos/modulosveri.sv Line: 185
Info (10041): Inferred latch for "ram[58][7]" at modulosveri.sv(185) File: C:/Users/gomez/OneDrive/Escritorio/mini_proyectos/modulosveri.sv Line: 185
Info (10041): Inferred latch for "ram[57][0]" at modulosveri.sv(185) File: C:/Users/gomez/OneDrive/Escritorio/mini_proyectos/modulosveri.sv Line: 185
Info (10041): Inferred latch for "ram[57][1]" at modulosveri.sv(185) File: C:/Users/gomez/OneDrive/Escritorio/mini_proyectos/modulosveri.sv Line: 185
Info (10041): Inferred latch for "ram[57][2]" at modulosveri.sv(185) File: C:/Users/gomez/OneDrive/Escritorio/mini_proyectos/modulosveri.sv Line: 185
Info (10041): Inferred latch for "ram[57][3]" at modulosveri.sv(185) File: C:/Users/gomez/OneDrive/Escritorio/mini_proyectos/modulosveri.sv Line: 185
Info (10041): Inferred latch for "ram[57][4]" at modulosveri.sv(185) File: C:/Users/gomez/OneDrive/Escritorio/mini_proyectos/modulosveri.sv Line: 185
Info (10041): Inferred latch for "ram[57][5]" at modulosveri.sv(185) File: C:/Users/gomez/OneDrive/Escritorio/mini_proyectos/modulosveri.sv Line: 185
Info (10041): Inferred latch for "ram[57][6]" at modulosveri.sv(185) File: C:/Users/gomez/OneDrive/Escritorio/mini_proyectos/modulosveri.sv Line: 185
Info (10041): Inferred latch for "ram[57][7]" at modulosveri.sv(185) File: C:/Users/gomez/OneDrive/Escritorio/mini_proyectos/modulosveri.sv Line: 185
Info (10041): Inferred latch for "ram[56][0]" at modulosveri.sv(185) File: C:/Users/gomez/OneDrive/Escritorio/mini_proyectos/modulosveri.sv Line: 185
Info (10041): Inferred latch for "ram[56][1]" at modulosveri.sv(185) File: C:/Users/gomez/OneDrive/Escritorio/mini_proyectos/modulosveri.sv Line: 185
Info (10041): Inferred latch for "ram[56][2]" at modulosveri.sv(185) File: C:/Users/gomez/OneDrive/Escritorio/mini_proyectos/modulosveri.sv Line: 185
Info (10041): Inferred latch for "ram[56][3]" at modulosveri.sv(185) File: C:/Users/gomez/OneDrive/Escritorio/mini_proyectos/modulosveri.sv Line: 185
Info (10041): Inferred latch for "ram[56][4]" at modulosveri.sv(185) File: C:/Users/gomez/OneDrive/Escritorio/mini_proyectos/modulosveri.sv Line: 185
Info (10041): Inferred latch for "ram[56][5]" at modulosveri.sv(185) File: C:/Users/gomez/OneDrive/Escritorio/mini_proyectos/modulosveri.sv Line: 185
Info (10041): Inferred latch for "ram[56][6]" at modulosveri.sv(185) File: C:/Users/gomez/OneDrive/Escritorio/mini_proyectos/modulosveri.sv Line: 185
Info (10041): Inferred latch for "ram[56][7]" at modulosveri.sv(185) File: C:/Users/gomez/OneDrive/Escritorio/mini_proyectos/modulosveri.sv Line: 185
Info (10041): Inferred latch for "ram[55][0]" at modulosveri.sv(185) File: C:/Users/gomez/OneDrive/Escritorio/mini_proyectos/modulosveri.sv Line: 185
Info (10041): Inferred latch for "ram[55][1]" at modulosveri.sv(185) File: C:/Users/gomez/OneDrive/Escritorio/mini_proyectos/modulosveri.sv Line: 185
Info (10041): Inferred latch for "ram[55][2]" at modulosveri.sv(185) File: C:/Users/gomez/OneDrive/Escritorio/mini_proyectos/modulosveri.sv Line: 185
Info (10041): Inferred latch for "ram[55][3]" at modulosveri.sv(185) File: C:/Users/gomez/OneDrive/Escritorio/mini_proyectos/modulosveri.sv Line: 185
Info (10041): Inferred latch for "ram[55][4]" at modulosveri.sv(185) File: C:/Users/gomez/OneDrive/Escritorio/mini_proyectos/modulosveri.sv Line: 185
Info (10041): Inferred latch for "ram[55][5]" at modulosveri.sv(185) File: C:/Users/gomez/OneDrive/Escritorio/mini_proyectos/modulosveri.sv Line: 185
Info (10041): Inferred latch for "ram[55][6]" at modulosveri.sv(185) File: C:/Users/gomez/OneDrive/Escritorio/mini_proyectos/modulosveri.sv Line: 185
Info (10041): Inferred latch for "ram[55][7]" at modulosveri.sv(185) File: C:/Users/gomez/OneDrive/Escritorio/mini_proyectos/modulosveri.sv Line: 185
Info (10041): Inferred latch for "ram[54][0]" at modulosveri.sv(185) File: C:/Users/gomez/OneDrive/Escritorio/mini_proyectos/modulosveri.sv Line: 185
Info (10041): Inferred latch for "ram[54][1]" at modulosveri.sv(185) File: C:/Users/gomez/OneDrive/Escritorio/mini_proyectos/modulosveri.sv Line: 185
Info (10041): Inferred latch for "ram[54][2]" at modulosveri.sv(185) File: C:/Users/gomez/OneDrive/Escritorio/mini_proyectos/modulosveri.sv Line: 185
Info (10041): Inferred latch for "ram[54][3]" at modulosveri.sv(185) File: C:/Users/gomez/OneDrive/Escritorio/mini_proyectos/modulosveri.sv Line: 185
Info (10041): Inferred latch for "ram[54][4]" at modulosveri.sv(185) File: C:/Users/gomez/OneDrive/Escritorio/mini_proyectos/modulosveri.sv Line: 185
Info (10041): Inferred latch for "ram[54][5]" at modulosveri.sv(185) File: C:/Users/gomez/OneDrive/Escritorio/mini_proyectos/modulosveri.sv Line: 185
Info (10041): Inferred latch for "ram[54][6]" at modulosveri.sv(185) File: C:/Users/gomez/OneDrive/Escritorio/mini_proyectos/modulosveri.sv Line: 185
Info (10041): Inferred latch for "ram[54][7]" at modulosveri.sv(185) File: C:/Users/gomez/OneDrive/Escritorio/mini_proyectos/modulosveri.sv Line: 185
Info (10041): Inferred latch for "ram[53][0]" at modulosveri.sv(185) File: C:/Users/gomez/OneDrive/Escritorio/mini_proyectos/modulosveri.sv Line: 185
Info (10041): Inferred latch for "ram[53][1]" at modulosveri.sv(185) File: C:/Users/gomez/OneDrive/Escritorio/mini_proyectos/modulosveri.sv Line: 185
Info (10041): Inferred latch for "ram[53][2]" at modulosveri.sv(185) File: C:/Users/gomez/OneDrive/Escritorio/mini_proyectos/modulosveri.sv Line: 185
Info (10041): Inferred latch for "ram[53][3]" at modulosveri.sv(185) File: C:/Users/gomez/OneDrive/Escritorio/mini_proyectos/modulosveri.sv Line: 185
Info (10041): Inferred latch for "ram[53][4]" at modulosveri.sv(185) File: C:/Users/gomez/OneDrive/Escritorio/mini_proyectos/modulosveri.sv Line: 185
Info (10041): Inferred latch for "ram[53][5]" at modulosveri.sv(185) File: C:/Users/gomez/OneDrive/Escritorio/mini_proyectos/modulosveri.sv Line: 185
Info (10041): Inferred latch for "ram[53][6]" at modulosveri.sv(185) File: C:/Users/gomez/OneDrive/Escritorio/mini_proyectos/modulosveri.sv Line: 185
Info (10041): Inferred latch for "ram[53][7]" at modulosveri.sv(185) File: C:/Users/gomez/OneDrive/Escritorio/mini_proyectos/modulosveri.sv Line: 185
Info (10041): Inferred latch for "ram[52][0]" at modulosveri.sv(185) File: C:/Users/gomez/OneDrive/Escritorio/mini_proyectos/modulosveri.sv Line: 185
Info (10041): Inferred latch for "ram[52][1]" at modulosveri.sv(185) File: C:/Users/gomez/OneDrive/Escritorio/mini_proyectos/modulosveri.sv Line: 185
Info (10041): Inferred latch for "ram[52][2]" at modulosveri.sv(185) File: C:/Users/gomez/OneDrive/Escritorio/mini_proyectos/modulosveri.sv Line: 185
Info (10041): Inferred latch for "ram[52][3]" at modulosveri.sv(185) File: C:/Users/gomez/OneDrive/Escritorio/mini_proyectos/modulosveri.sv Line: 185
Info (10041): Inferred latch for "ram[52][4]" at modulosveri.sv(185) File: C:/Users/gomez/OneDrive/Escritorio/mini_proyectos/modulosveri.sv Line: 185
Info (10041): Inferred latch for "ram[52][5]" at modulosveri.sv(185) File: C:/Users/gomez/OneDrive/Escritorio/mini_proyectos/modulosveri.sv Line: 185
Info (10041): Inferred latch for "ram[52][6]" at modulosveri.sv(185) File: C:/Users/gomez/OneDrive/Escritorio/mini_proyectos/modulosveri.sv Line: 185
Info (10041): Inferred latch for "ram[52][7]" at modulosveri.sv(185) File: C:/Users/gomez/OneDrive/Escritorio/mini_proyectos/modulosveri.sv Line: 185
Info (10041): Inferred latch for "ram[51][0]" at modulosveri.sv(185) File: C:/Users/gomez/OneDrive/Escritorio/mini_proyectos/modulosveri.sv Line: 185
Info (10041): Inferred latch for "ram[51][1]" at modulosveri.sv(185) File: C:/Users/gomez/OneDrive/Escritorio/mini_proyectos/modulosveri.sv Line: 185
Info (10041): Inferred latch for "ram[51][2]" at modulosveri.sv(185) File: C:/Users/gomez/OneDrive/Escritorio/mini_proyectos/modulosveri.sv Line: 185
Info (10041): Inferred latch for "ram[51][3]" at modulosveri.sv(185) File: C:/Users/gomez/OneDrive/Escritorio/mini_proyectos/modulosveri.sv Line: 185
Info (10041): Inferred latch for "ram[51][4]" at modulosveri.sv(185) File: C:/Users/gomez/OneDrive/Escritorio/mini_proyectos/modulosveri.sv Line: 185
Info (10041): Inferred latch for "ram[51][5]" at modulosveri.sv(185) File: C:/Users/gomez/OneDrive/Escritorio/mini_proyectos/modulosveri.sv Line: 185
Info (10041): Inferred latch for "ram[51][6]" at modulosveri.sv(185) File: C:/Users/gomez/OneDrive/Escritorio/mini_proyectos/modulosveri.sv Line: 185
Info (10041): Inferred latch for "ram[51][7]" at modulosveri.sv(185) File: C:/Users/gomez/OneDrive/Escritorio/mini_proyectos/modulosveri.sv Line: 185
Info (10041): Inferred latch for "ram[50][0]" at modulosveri.sv(185) File: C:/Users/gomez/OneDrive/Escritorio/mini_proyectos/modulosveri.sv Line: 185
Info (10041): Inferred latch for "ram[50][1]" at modulosveri.sv(185) File: C:/Users/gomez/OneDrive/Escritorio/mini_proyectos/modulosveri.sv Line: 185
Info (10041): Inferred latch for "ram[50][2]" at modulosveri.sv(185) File: C:/Users/gomez/OneDrive/Escritorio/mini_proyectos/modulosveri.sv Line: 185
Info (10041): Inferred latch for "ram[50][3]" at modulosveri.sv(185) File: C:/Users/gomez/OneDrive/Escritorio/mini_proyectos/modulosveri.sv Line: 185
Info (10041): Inferred latch for "ram[50][4]" at modulosveri.sv(185) File: C:/Users/gomez/OneDrive/Escritorio/mini_proyectos/modulosveri.sv Line: 185
Info (10041): Inferred latch for "ram[50][5]" at modulosveri.sv(185) File: C:/Users/gomez/OneDrive/Escritorio/mini_proyectos/modulosveri.sv Line: 185
Info (10041): Inferred latch for "ram[50][6]" at modulosveri.sv(185) File: C:/Users/gomez/OneDrive/Escritorio/mini_proyectos/modulosveri.sv Line: 185
Info (10041): Inferred latch for "ram[50][7]" at modulosveri.sv(185) File: C:/Users/gomez/OneDrive/Escritorio/mini_proyectos/modulosveri.sv Line: 185
Info (10041): Inferred latch for "ram[49][0]" at modulosveri.sv(185) File: C:/Users/gomez/OneDrive/Escritorio/mini_proyectos/modulosveri.sv Line: 185
Info (10041): Inferred latch for "ram[49][1]" at modulosveri.sv(185) File: C:/Users/gomez/OneDrive/Escritorio/mini_proyectos/modulosveri.sv Line: 185
Info (10041): Inferred latch for "ram[49][2]" at modulosveri.sv(185) File: C:/Users/gomez/OneDrive/Escritorio/mini_proyectos/modulosveri.sv Line: 185
Info (10041): Inferred latch for "ram[49][3]" at modulosveri.sv(185) File: C:/Users/gomez/OneDrive/Escritorio/mini_proyectos/modulosveri.sv Line: 185
Info (10041): Inferred latch for "ram[49][4]" at modulosveri.sv(185) File: C:/Users/gomez/OneDrive/Escritorio/mini_proyectos/modulosveri.sv Line: 185
Info (10041): Inferred latch for "ram[49][5]" at modulosveri.sv(185) File: C:/Users/gomez/OneDrive/Escritorio/mini_proyectos/modulosveri.sv Line: 185
Info (10041): Inferred latch for "ram[49][6]" at modulosveri.sv(185) File: C:/Users/gomez/OneDrive/Escritorio/mini_proyectos/modulosveri.sv Line: 185
Info (10041): Inferred latch for "ram[49][7]" at modulosveri.sv(185) File: C:/Users/gomez/OneDrive/Escritorio/mini_proyectos/modulosveri.sv Line: 185
Info (10041): Inferred latch for "ram[48][0]" at modulosveri.sv(185) File: C:/Users/gomez/OneDrive/Escritorio/mini_proyectos/modulosveri.sv Line: 185
Info (10041): Inferred latch for "ram[48][1]" at modulosveri.sv(185) File: C:/Users/gomez/OneDrive/Escritorio/mini_proyectos/modulosveri.sv Line: 185
Info (10041): Inferred latch for "ram[48][2]" at modulosveri.sv(185) File: C:/Users/gomez/OneDrive/Escritorio/mini_proyectos/modulosveri.sv Line: 185
Info (10041): Inferred latch for "ram[48][3]" at modulosveri.sv(185) File: C:/Users/gomez/OneDrive/Escritorio/mini_proyectos/modulosveri.sv Line: 185
Info (10041): Inferred latch for "ram[48][4]" at modulosveri.sv(185) File: C:/Users/gomez/OneDrive/Escritorio/mini_proyectos/modulosveri.sv Line: 185
Info (10041): Inferred latch for "ram[48][5]" at modulosveri.sv(185) File: C:/Users/gomez/OneDrive/Escritorio/mini_proyectos/modulosveri.sv Line: 185
Info (10041): Inferred latch for "ram[48][6]" at modulosveri.sv(185) File: C:/Users/gomez/OneDrive/Escritorio/mini_proyectos/modulosveri.sv Line: 185
Info (10041): Inferred latch for "ram[48][7]" at modulosveri.sv(185) File: C:/Users/gomez/OneDrive/Escritorio/mini_proyectos/modulosveri.sv Line: 185
Info (10041): Inferred latch for "ram[47][0]" at modulosveri.sv(185) File: C:/Users/gomez/OneDrive/Escritorio/mini_proyectos/modulosveri.sv Line: 185
Info (10041): Inferred latch for "ram[47][1]" at modulosveri.sv(185) File: C:/Users/gomez/OneDrive/Escritorio/mini_proyectos/modulosveri.sv Line: 185
Info (10041): Inferred latch for "ram[47][2]" at modulosveri.sv(185) File: C:/Users/gomez/OneDrive/Escritorio/mini_proyectos/modulosveri.sv Line: 185
Info (10041): Inferred latch for "ram[47][3]" at modulosveri.sv(185) File: C:/Users/gomez/OneDrive/Escritorio/mini_proyectos/modulosveri.sv Line: 185
Info (10041): Inferred latch for "ram[47][4]" at modulosveri.sv(185) File: C:/Users/gomez/OneDrive/Escritorio/mini_proyectos/modulosveri.sv Line: 185
Info (10041): Inferred latch for "ram[47][5]" at modulosveri.sv(185) File: C:/Users/gomez/OneDrive/Escritorio/mini_proyectos/modulosveri.sv Line: 185
Info (10041): Inferred latch for "ram[47][6]" at modulosveri.sv(185) File: C:/Users/gomez/OneDrive/Escritorio/mini_proyectos/modulosveri.sv Line: 185
Info (10041): Inferred latch for "ram[47][7]" at modulosveri.sv(185) File: C:/Users/gomez/OneDrive/Escritorio/mini_proyectos/modulosveri.sv Line: 185
Info (10041): Inferred latch for "ram[46][0]" at modulosveri.sv(185) File: C:/Users/gomez/OneDrive/Escritorio/mini_proyectos/modulosveri.sv Line: 185
Info (10041): Inferred latch for "ram[46][1]" at modulosveri.sv(185) File: C:/Users/gomez/OneDrive/Escritorio/mini_proyectos/modulosveri.sv Line: 185
Info (10041): Inferred latch for "ram[46][2]" at modulosveri.sv(185) File: C:/Users/gomez/OneDrive/Escritorio/mini_proyectos/modulosveri.sv Line: 185
Info (10041): Inferred latch for "ram[46][3]" at modulosveri.sv(185) File: C:/Users/gomez/OneDrive/Escritorio/mini_proyectos/modulosveri.sv Line: 185
Info (10041): Inferred latch for "ram[46][4]" at modulosveri.sv(185) File: C:/Users/gomez/OneDrive/Escritorio/mini_proyectos/modulosveri.sv Line: 185
Info (10041): Inferred latch for "ram[46][5]" at modulosveri.sv(185) File: C:/Users/gomez/OneDrive/Escritorio/mini_proyectos/modulosveri.sv Line: 185
Info (10041): Inferred latch for "ram[46][6]" at modulosveri.sv(185) File: C:/Users/gomez/OneDrive/Escritorio/mini_proyectos/modulosveri.sv Line: 185
Info (10041): Inferred latch for "ram[46][7]" at modulosveri.sv(185) File: C:/Users/gomez/OneDrive/Escritorio/mini_proyectos/modulosveri.sv Line: 185
Info (10041): Inferred latch for "ram[45][0]" at modulosveri.sv(185) File: C:/Users/gomez/OneDrive/Escritorio/mini_proyectos/modulosveri.sv Line: 185
Info (10041): Inferred latch for "ram[45][1]" at modulosveri.sv(185) File: C:/Users/gomez/OneDrive/Escritorio/mini_proyectos/modulosveri.sv Line: 185
Info (10041): Inferred latch for "ram[45][2]" at modulosveri.sv(185) File: C:/Users/gomez/OneDrive/Escritorio/mini_proyectos/modulosveri.sv Line: 185
Info (10041): Inferred latch for "ram[45][3]" at modulosveri.sv(185) File: C:/Users/gomez/OneDrive/Escritorio/mini_proyectos/modulosveri.sv Line: 185
Info (10041): Inferred latch for "ram[45][4]" at modulosveri.sv(185) File: C:/Users/gomez/OneDrive/Escritorio/mini_proyectos/modulosveri.sv Line: 185
Info (10041): Inferred latch for "ram[45][5]" at modulosveri.sv(185) File: C:/Users/gomez/OneDrive/Escritorio/mini_proyectos/modulosveri.sv Line: 185
Info (10041): Inferred latch for "ram[45][6]" at modulosveri.sv(185) File: C:/Users/gomez/OneDrive/Escritorio/mini_proyectos/modulosveri.sv Line: 185
Info (10041): Inferred latch for "ram[45][7]" at modulosveri.sv(185) File: C:/Users/gomez/OneDrive/Escritorio/mini_proyectos/modulosveri.sv Line: 185
Info (10041): Inferred latch for "ram[44][0]" at modulosveri.sv(185) File: C:/Users/gomez/OneDrive/Escritorio/mini_proyectos/modulosveri.sv Line: 185
Info (10041): Inferred latch for "ram[44][1]" at modulosveri.sv(185) File: C:/Users/gomez/OneDrive/Escritorio/mini_proyectos/modulosveri.sv Line: 185
Info (10041): Inferred latch for "ram[44][2]" at modulosveri.sv(185) File: C:/Users/gomez/OneDrive/Escritorio/mini_proyectos/modulosveri.sv Line: 185
Info (10041): Inferred latch for "ram[44][3]" at modulosveri.sv(185) File: C:/Users/gomez/OneDrive/Escritorio/mini_proyectos/modulosveri.sv Line: 185
Info (10041): Inferred latch for "ram[44][4]" at modulosveri.sv(185) File: C:/Users/gomez/OneDrive/Escritorio/mini_proyectos/modulosveri.sv Line: 185
Info (10041): Inferred latch for "ram[44][5]" at modulosveri.sv(185) File: C:/Users/gomez/OneDrive/Escritorio/mini_proyectos/modulosveri.sv Line: 185
Info (10041): Inferred latch for "ram[44][6]" at modulosveri.sv(185) File: C:/Users/gomez/OneDrive/Escritorio/mini_proyectos/modulosveri.sv Line: 185
Info (10041): Inferred latch for "ram[44][7]" at modulosveri.sv(185) File: C:/Users/gomez/OneDrive/Escritorio/mini_proyectos/modulosveri.sv Line: 185
Info (10041): Inferred latch for "ram[43][0]" at modulosveri.sv(185) File: C:/Users/gomez/OneDrive/Escritorio/mini_proyectos/modulosveri.sv Line: 185
Info (10041): Inferred latch for "ram[43][1]" at modulosveri.sv(185) File: C:/Users/gomez/OneDrive/Escritorio/mini_proyectos/modulosveri.sv Line: 185
Info (10041): Inferred latch for "ram[43][2]" at modulosveri.sv(185) File: C:/Users/gomez/OneDrive/Escritorio/mini_proyectos/modulosveri.sv Line: 185
Info (10041): Inferred latch for "ram[43][3]" at modulosveri.sv(185) File: C:/Users/gomez/OneDrive/Escritorio/mini_proyectos/modulosveri.sv Line: 185
Info (10041): Inferred latch for "ram[43][4]" at modulosveri.sv(185) File: C:/Users/gomez/OneDrive/Escritorio/mini_proyectos/modulosveri.sv Line: 185
Info (10041): Inferred latch for "ram[43][5]" at modulosveri.sv(185) File: C:/Users/gomez/OneDrive/Escritorio/mini_proyectos/modulosveri.sv Line: 185
Info (10041): Inferred latch for "ram[43][6]" at modulosveri.sv(185) File: C:/Users/gomez/OneDrive/Escritorio/mini_proyectos/modulosveri.sv Line: 185
Info (10041): Inferred latch for "ram[43][7]" at modulosveri.sv(185) File: C:/Users/gomez/OneDrive/Escritorio/mini_proyectos/modulosveri.sv Line: 185
Info (10041): Inferred latch for "ram[42][0]" at modulosveri.sv(185) File: C:/Users/gomez/OneDrive/Escritorio/mini_proyectos/modulosveri.sv Line: 185
Info (10041): Inferred latch for "ram[42][1]" at modulosveri.sv(185) File: C:/Users/gomez/OneDrive/Escritorio/mini_proyectos/modulosveri.sv Line: 185
Info (10041): Inferred latch for "ram[42][2]" at modulosveri.sv(185) File: C:/Users/gomez/OneDrive/Escritorio/mini_proyectos/modulosveri.sv Line: 185
Info (10041): Inferred latch for "ram[42][3]" at modulosveri.sv(185) File: C:/Users/gomez/OneDrive/Escritorio/mini_proyectos/modulosveri.sv Line: 185
Info (10041): Inferred latch for "ram[42][4]" at modulosveri.sv(185) File: C:/Users/gomez/OneDrive/Escritorio/mini_proyectos/modulosveri.sv Line: 185
Info (10041): Inferred latch for "ram[42][5]" at modulosveri.sv(185) File: C:/Users/gomez/OneDrive/Escritorio/mini_proyectos/modulosveri.sv Line: 185
Info (10041): Inferred latch for "ram[42][6]" at modulosveri.sv(185) File: C:/Users/gomez/OneDrive/Escritorio/mini_proyectos/modulosveri.sv Line: 185
Info (10041): Inferred latch for "ram[42][7]" at modulosveri.sv(185) File: C:/Users/gomez/OneDrive/Escritorio/mini_proyectos/modulosveri.sv Line: 185
Info (10041): Inferred latch for "ram[41][0]" at modulosveri.sv(185) File: C:/Users/gomez/OneDrive/Escritorio/mini_proyectos/modulosveri.sv Line: 185
Info (10041): Inferred latch for "ram[41][1]" at modulosveri.sv(185) File: C:/Users/gomez/OneDrive/Escritorio/mini_proyectos/modulosveri.sv Line: 185
Info (10041): Inferred latch for "ram[41][2]" at modulosveri.sv(185) File: C:/Users/gomez/OneDrive/Escritorio/mini_proyectos/modulosveri.sv Line: 185
Info (10041): Inferred latch for "ram[41][3]" at modulosveri.sv(185) File: C:/Users/gomez/OneDrive/Escritorio/mini_proyectos/modulosveri.sv Line: 185
Info (10041): Inferred latch for "ram[41][4]" at modulosveri.sv(185) File: C:/Users/gomez/OneDrive/Escritorio/mini_proyectos/modulosveri.sv Line: 185
Info (10041): Inferred latch for "ram[41][5]" at modulosveri.sv(185) File: C:/Users/gomez/OneDrive/Escritorio/mini_proyectos/modulosveri.sv Line: 185
Info (10041): Inferred latch for "ram[41][6]" at modulosveri.sv(185) File: C:/Users/gomez/OneDrive/Escritorio/mini_proyectos/modulosveri.sv Line: 185
Info (10041): Inferred latch for "ram[41][7]" at modulosveri.sv(185) File: C:/Users/gomez/OneDrive/Escritorio/mini_proyectos/modulosveri.sv Line: 185
Info (10041): Inferred latch for "ram[40][0]" at modulosveri.sv(185) File: C:/Users/gomez/OneDrive/Escritorio/mini_proyectos/modulosveri.sv Line: 185
Info (10041): Inferred latch for "ram[40][1]" at modulosveri.sv(185) File: C:/Users/gomez/OneDrive/Escritorio/mini_proyectos/modulosveri.sv Line: 185
Info (10041): Inferred latch for "ram[40][2]" at modulosveri.sv(185) File: C:/Users/gomez/OneDrive/Escritorio/mini_proyectos/modulosveri.sv Line: 185
Info (10041): Inferred latch for "ram[40][3]" at modulosveri.sv(185) File: C:/Users/gomez/OneDrive/Escritorio/mini_proyectos/modulosveri.sv Line: 185
Info (10041): Inferred latch for "ram[40][4]" at modulosveri.sv(185) File: C:/Users/gomez/OneDrive/Escritorio/mini_proyectos/modulosveri.sv Line: 185
Info (10041): Inferred latch for "ram[40][5]" at modulosveri.sv(185) File: C:/Users/gomez/OneDrive/Escritorio/mini_proyectos/modulosveri.sv Line: 185
Info (10041): Inferred latch for "ram[40][6]" at modulosveri.sv(185) File: C:/Users/gomez/OneDrive/Escritorio/mini_proyectos/modulosveri.sv Line: 185
Info (10041): Inferred latch for "ram[40][7]" at modulosveri.sv(185) File: C:/Users/gomez/OneDrive/Escritorio/mini_proyectos/modulosveri.sv Line: 185
Info (10041): Inferred latch for "ram[39][0]" at modulosveri.sv(185) File: C:/Users/gomez/OneDrive/Escritorio/mini_proyectos/modulosveri.sv Line: 185
Info (10041): Inferred latch for "ram[39][1]" at modulosveri.sv(185) File: C:/Users/gomez/OneDrive/Escritorio/mini_proyectos/modulosveri.sv Line: 185
Info (10041): Inferred latch for "ram[39][2]" at modulosveri.sv(185) File: C:/Users/gomez/OneDrive/Escritorio/mini_proyectos/modulosveri.sv Line: 185
Info (10041): Inferred latch for "ram[39][3]" at modulosveri.sv(185) File: C:/Users/gomez/OneDrive/Escritorio/mini_proyectos/modulosveri.sv Line: 185
Info (10041): Inferred latch for "ram[39][4]" at modulosveri.sv(185) File: C:/Users/gomez/OneDrive/Escritorio/mini_proyectos/modulosveri.sv Line: 185
Info (10041): Inferred latch for "ram[39][5]" at modulosveri.sv(185) File: C:/Users/gomez/OneDrive/Escritorio/mini_proyectos/modulosveri.sv Line: 185
Info (10041): Inferred latch for "ram[39][6]" at modulosveri.sv(185) File: C:/Users/gomez/OneDrive/Escritorio/mini_proyectos/modulosveri.sv Line: 185
Info (10041): Inferred latch for "ram[39][7]" at modulosveri.sv(185) File: C:/Users/gomez/OneDrive/Escritorio/mini_proyectos/modulosveri.sv Line: 185
Info (10041): Inferred latch for "ram[38][0]" at modulosveri.sv(185) File: C:/Users/gomez/OneDrive/Escritorio/mini_proyectos/modulosveri.sv Line: 185
Info (10041): Inferred latch for "ram[38][1]" at modulosveri.sv(185) File: C:/Users/gomez/OneDrive/Escritorio/mini_proyectos/modulosveri.sv Line: 185
Info (10041): Inferred latch for "ram[38][2]" at modulosveri.sv(185) File: C:/Users/gomez/OneDrive/Escritorio/mini_proyectos/modulosveri.sv Line: 185
Info (10041): Inferred latch for "ram[38][3]" at modulosveri.sv(185) File: C:/Users/gomez/OneDrive/Escritorio/mini_proyectos/modulosveri.sv Line: 185
Info (10041): Inferred latch for "ram[38][4]" at modulosveri.sv(185) File: C:/Users/gomez/OneDrive/Escritorio/mini_proyectos/modulosveri.sv Line: 185
Info (10041): Inferred latch for "ram[38][5]" at modulosveri.sv(185) File: C:/Users/gomez/OneDrive/Escritorio/mini_proyectos/modulosveri.sv Line: 185
Info (10041): Inferred latch for "ram[38][6]" at modulosveri.sv(185) File: C:/Users/gomez/OneDrive/Escritorio/mini_proyectos/modulosveri.sv Line: 185
Info (10041): Inferred latch for "ram[38][7]" at modulosveri.sv(185) File: C:/Users/gomez/OneDrive/Escritorio/mini_proyectos/modulosveri.sv Line: 185
Info (10041): Inferred latch for "ram[37][0]" at modulosveri.sv(185) File: C:/Users/gomez/OneDrive/Escritorio/mini_proyectos/modulosveri.sv Line: 185
Info (10041): Inferred latch for "ram[37][1]" at modulosveri.sv(185) File: C:/Users/gomez/OneDrive/Escritorio/mini_proyectos/modulosveri.sv Line: 185
Info (10041): Inferred latch for "ram[37][2]" at modulosveri.sv(185) File: C:/Users/gomez/OneDrive/Escritorio/mini_proyectos/modulosveri.sv Line: 185
Info (10041): Inferred latch for "ram[37][3]" at modulosveri.sv(185) File: C:/Users/gomez/OneDrive/Escritorio/mini_proyectos/modulosveri.sv Line: 185
Info (10041): Inferred latch for "ram[37][4]" at modulosveri.sv(185) File: C:/Users/gomez/OneDrive/Escritorio/mini_proyectos/modulosveri.sv Line: 185
Info (10041): Inferred latch for "ram[37][5]" at modulosveri.sv(185) File: C:/Users/gomez/OneDrive/Escritorio/mini_proyectos/modulosveri.sv Line: 185
Info (10041): Inferred latch for "ram[37][6]" at modulosveri.sv(185) File: C:/Users/gomez/OneDrive/Escritorio/mini_proyectos/modulosveri.sv Line: 185
Info (10041): Inferred latch for "ram[37][7]" at modulosveri.sv(185) File: C:/Users/gomez/OneDrive/Escritorio/mini_proyectos/modulosveri.sv Line: 185
Info (10041): Inferred latch for "ram[36][0]" at modulosveri.sv(185) File: C:/Users/gomez/OneDrive/Escritorio/mini_proyectos/modulosveri.sv Line: 185
Info (10041): Inferred latch for "ram[36][1]" at modulosveri.sv(185) File: C:/Users/gomez/OneDrive/Escritorio/mini_proyectos/modulosveri.sv Line: 185
Info (10041): Inferred latch for "ram[36][2]" at modulosveri.sv(185) File: C:/Users/gomez/OneDrive/Escritorio/mini_proyectos/modulosveri.sv Line: 185
Info (10041): Inferred latch for "ram[36][3]" at modulosveri.sv(185) File: C:/Users/gomez/OneDrive/Escritorio/mini_proyectos/modulosveri.sv Line: 185
Info (10041): Inferred latch for "ram[36][4]" at modulosveri.sv(185) File: C:/Users/gomez/OneDrive/Escritorio/mini_proyectos/modulosveri.sv Line: 185
Info (10041): Inferred latch for "ram[36][5]" at modulosveri.sv(185) File: C:/Users/gomez/OneDrive/Escritorio/mini_proyectos/modulosveri.sv Line: 185
Info (10041): Inferred latch for "ram[36][6]" at modulosveri.sv(185) File: C:/Users/gomez/OneDrive/Escritorio/mini_proyectos/modulosveri.sv Line: 185
Info (10041): Inferred latch for "ram[36][7]" at modulosveri.sv(185) File: C:/Users/gomez/OneDrive/Escritorio/mini_proyectos/modulosveri.sv Line: 185
Info (10041): Inferred latch for "ram[35][0]" at modulosveri.sv(185) File: C:/Users/gomez/OneDrive/Escritorio/mini_proyectos/modulosveri.sv Line: 185
Info (10041): Inferred latch for "ram[35][1]" at modulosveri.sv(185) File: C:/Users/gomez/OneDrive/Escritorio/mini_proyectos/modulosveri.sv Line: 185
Info (10041): Inferred latch for "ram[35][2]" at modulosveri.sv(185) File: C:/Users/gomez/OneDrive/Escritorio/mini_proyectos/modulosveri.sv Line: 185
Info (10041): Inferred latch for "ram[35][3]" at modulosveri.sv(185) File: C:/Users/gomez/OneDrive/Escritorio/mini_proyectos/modulosveri.sv Line: 185
Info (10041): Inferred latch for "ram[35][4]" at modulosveri.sv(185) File: C:/Users/gomez/OneDrive/Escritorio/mini_proyectos/modulosveri.sv Line: 185
Info (10041): Inferred latch for "ram[35][5]" at modulosveri.sv(185) File: C:/Users/gomez/OneDrive/Escritorio/mini_proyectos/modulosveri.sv Line: 185
Info (10041): Inferred latch for "ram[35][6]" at modulosveri.sv(185) File: C:/Users/gomez/OneDrive/Escritorio/mini_proyectos/modulosveri.sv Line: 185
Info (10041): Inferred latch for "ram[35][7]" at modulosveri.sv(185) File: C:/Users/gomez/OneDrive/Escritorio/mini_proyectos/modulosveri.sv Line: 185
Info (10041): Inferred latch for "ram[34][0]" at modulosveri.sv(185) File: C:/Users/gomez/OneDrive/Escritorio/mini_proyectos/modulosveri.sv Line: 185
Info (10041): Inferred latch for "ram[34][1]" at modulosveri.sv(185) File: C:/Users/gomez/OneDrive/Escritorio/mini_proyectos/modulosveri.sv Line: 185
Info (10041): Inferred latch for "ram[34][2]" at modulosveri.sv(185) File: C:/Users/gomez/OneDrive/Escritorio/mini_proyectos/modulosveri.sv Line: 185
Info (10041): Inferred latch for "ram[34][3]" at modulosveri.sv(185) File: C:/Users/gomez/OneDrive/Escritorio/mini_proyectos/modulosveri.sv Line: 185
Info (10041): Inferred latch for "ram[34][4]" at modulosveri.sv(185) File: C:/Users/gomez/OneDrive/Escritorio/mini_proyectos/modulosveri.sv Line: 185
Info (10041): Inferred latch for "ram[34][5]" at modulosveri.sv(185) File: C:/Users/gomez/OneDrive/Escritorio/mini_proyectos/modulosveri.sv Line: 185
Info (10041): Inferred latch for "ram[34][6]" at modulosveri.sv(185) File: C:/Users/gomez/OneDrive/Escritorio/mini_proyectos/modulosveri.sv Line: 185
Info (10041): Inferred latch for "ram[34][7]" at modulosveri.sv(185) File: C:/Users/gomez/OneDrive/Escritorio/mini_proyectos/modulosveri.sv Line: 185
Info (10041): Inferred latch for "ram[33][0]" at modulosveri.sv(185) File: C:/Users/gomez/OneDrive/Escritorio/mini_proyectos/modulosveri.sv Line: 185
Info (10041): Inferred latch for "ram[33][1]" at modulosveri.sv(185) File: C:/Users/gomez/OneDrive/Escritorio/mini_proyectos/modulosveri.sv Line: 185
Info (10041): Inferred latch for "ram[33][2]" at modulosveri.sv(185) File: C:/Users/gomez/OneDrive/Escritorio/mini_proyectos/modulosveri.sv Line: 185
Info (10041): Inferred latch for "ram[33][3]" at modulosveri.sv(185) File: C:/Users/gomez/OneDrive/Escritorio/mini_proyectos/modulosveri.sv Line: 185
Info (10041): Inferred latch for "ram[33][4]" at modulosveri.sv(185) File: C:/Users/gomez/OneDrive/Escritorio/mini_proyectos/modulosveri.sv Line: 185
Info (10041): Inferred latch for "ram[33][5]" at modulosveri.sv(185) File: C:/Users/gomez/OneDrive/Escritorio/mini_proyectos/modulosveri.sv Line: 185
Info (10041): Inferred latch for "ram[33][6]" at modulosveri.sv(185) File: C:/Users/gomez/OneDrive/Escritorio/mini_proyectos/modulosveri.sv Line: 185
Info (10041): Inferred latch for "ram[33][7]" at modulosveri.sv(185) File: C:/Users/gomez/OneDrive/Escritorio/mini_proyectos/modulosveri.sv Line: 185
Info (10041): Inferred latch for "ram[32][0]" at modulosveri.sv(185) File: C:/Users/gomez/OneDrive/Escritorio/mini_proyectos/modulosveri.sv Line: 185
Info (10041): Inferred latch for "ram[32][1]" at modulosveri.sv(185) File: C:/Users/gomez/OneDrive/Escritorio/mini_proyectos/modulosveri.sv Line: 185
Info (10041): Inferred latch for "ram[32][2]" at modulosveri.sv(185) File: C:/Users/gomez/OneDrive/Escritorio/mini_proyectos/modulosveri.sv Line: 185
Info (10041): Inferred latch for "ram[32][3]" at modulosveri.sv(185) File: C:/Users/gomez/OneDrive/Escritorio/mini_proyectos/modulosveri.sv Line: 185
Info (10041): Inferred latch for "ram[32][4]" at modulosveri.sv(185) File: C:/Users/gomez/OneDrive/Escritorio/mini_proyectos/modulosveri.sv Line: 185
Info (10041): Inferred latch for "ram[32][5]" at modulosveri.sv(185) File: C:/Users/gomez/OneDrive/Escritorio/mini_proyectos/modulosveri.sv Line: 185
Info (10041): Inferred latch for "ram[32][6]" at modulosveri.sv(185) File: C:/Users/gomez/OneDrive/Escritorio/mini_proyectos/modulosveri.sv Line: 185
Info (10041): Inferred latch for "ram[32][7]" at modulosveri.sv(185) File: C:/Users/gomez/OneDrive/Escritorio/mini_proyectos/modulosveri.sv Line: 185
Info (10041): Inferred latch for "ram[31][0]" at modulosveri.sv(185) File: C:/Users/gomez/OneDrive/Escritorio/mini_proyectos/modulosveri.sv Line: 185
Info (10041): Inferred latch for "ram[31][1]" at modulosveri.sv(185) File: C:/Users/gomez/OneDrive/Escritorio/mini_proyectos/modulosveri.sv Line: 185
Info (10041): Inferred latch for "ram[31][2]" at modulosveri.sv(185) File: C:/Users/gomez/OneDrive/Escritorio/mini_proyectos/modulosveri.sv Line: 185
Info (10041): Inferred latch for "ram[31][3]" at modulosveri.sv(185) File: C:/Users/gomez/OneDrive/Escritorio/mini_proyectos/modulosveri.sv Line: 185
Info (10041): Inferred latch for "ram[31][4]" at modulosveri.sv(185) File: C:/Users/gomez/OneDrive/Escritorio/mini_proyectos/modulosveri.sv Line: 185
Info (10041): Inferred latch for "ram[31][5]" at modulosveri.sv(185) File: C:/Users/gomez/OneDrive/Escritorio/mini_proyectos/modulosveri.sv Line: 185
Info (10041): Inferred latch for "ram[31][6]" at modulosveri.sv(185) File: C:/Users/gomez/OneDrive/Escritorio/mini_proyectos/modulosveri.sv Line: 185
Info (10041): Inferred latch for "ram[31][7]" at modulosveri.sv(185) File: C:/Users/gomez/OneDrive/Escritorio/mini_proyectos/modulosveri.sv Line: 185
Info (10041): Inferred latch for "ram[30][0]" at modulosveri.sv(185) File: C:/Users/gomez/OneDrive/Escritorio/mini_proyectos/modulosveri.sv Line: 185
Info (10041): Inferred latch for "ram[30][1]" at modulosveri.sv(185) File: C:/Users/gomez/OneDrive/Escritorio/mini_proyectos/modulosveri.sv Line: 185
Info (10041): Inferred latch for "ram[30][2]" at modulosveri.sv(185) File: C:/Users/gomez/OneDrive/Escritorio/mini_proyectos/modulosveri.sv Line: 185
Info (10041): Inferred latch for "ram[30][3]" at modulosveri.sv(185) File: C:/Users/gomez/OneDrive/Escritorio/mini_proyectos/modulosveri.sv Line: 185
Info (10041): Inferred latch for "ram[30][4]" at modulosveri.sv(185) File: C:/Users/gomez/OneDrive/Escritorio/mini_proyectos/modulosveri.sv Line: 185
Info (10041): Inferred latch for "ram[30][5]" at modulosveri.sv(185) File: C:/Users/gomez/OneDrive/Escritorio/mini_proyectos/modulosveri.sv Line: 185
Info (10041): Inferred latch for "ram[30][6]" at modulosveri.sv(185) File: C:/Users/gomez/OneDrive/Escritorio/mini_proyectos/modulosveri.sv Line: 185
Info (10041): Inferred latch for "ram[30][7]" at modulosveri.sv(185) File: C:/Users/gomez/OneDrive/Escritorio/mini_proyectos/modulosveri.sv Line: 185
Info (10041): Inferred latch for "ram[29][0]" at modulosveri.sv(185) File: C:/Users/gomez/OneDrive/Escritorio/mini_proyectos/modulosveri.sv Line: 185
Info (10041): Inferred latch for "ram[29][1]" at modulosveri.sv(185) File: C:/Users/gomez/OneDrive/Escritorio/mini_proyectos/modulosveri.sv Line: 185
Info (10041): Inferred latch for "ram[29][2]" at modulosveri.sv(185) File: C:/Users/gomez/OneDrive/Escritorio/mini_proyectos/modulosveri.sv Line: 185
Info (10041): Inferred latch for "ram[29][3]" at modulosveri.sv(185) File: C:/Users/gomez/OneDrive/Escritorio/mini_proyectos/modulosveri.sv Line: 185
Info (10041): Inferred latch for "ram[29][4]" at modulosveri.sv(185) File: C:/Users/gomez/OneDrive/Escritorio/mini_proyectos/modulosveri.sv Line: 185
Info (10041): Inferred latch for "ram[29][5]" at modulosveri.sv(185) File: C:/Users/gomez/OneDrive/Escritorio/mini_proyectos/modulosveri.sv Line: 185
Info (10041): Inferred latch for "ram[29][6]" at modulosveri.sv(185) File: C:/Users/gomez/OneDrive/Escritorio/mini_proyectos/modulosveri.sv Line: 185
Info (10041): Inferred latch for "ram[29][7]" at modulosveri.sv(185) File: C:/Users/gomez/OneDrive/Escritorio/mini_proyectos/modulosveri.sv Line: 185
Info (10041): Inferred latch for "ram[28][0]" at modulosveri.sv(185) File: C:/Users/gomez/OneDrive/Escritorio/mini_proyectos/modulosveri.sv Line: 185
Info (10041): Inferred latch for "ram[28][1]" at modulosveri.sv(185) File: C:/Users/gomez/OneDrive/Escritorio/mini_proyectos/modulosveri.sv Line: 185
Info (10041): Inferred latch for "ram[28][2]" at modulosveri.sv(185) File: C:/Users/gomez/OneDrive/Escritorio/mini_proyectos/modulosveri.sv Line: 185
Info (10041): Inferred latch for "ram[28][3]" at modulosveri.sv(185) File: C:/Users/gomez/OneDrive/Escritorio/mini_proyectos/modulosveri.sv Line: 185
Info (10041): Inferred latch for "ram[28][4]" at modulosveri.sv(185) File: C:/Users/gomez/OneDrive/Escritorio/mini_proyectos/modulosveri.sv Line: 185
Info (10041): Inferred latch for "ram[28][5]" at modulosveri.sv(185) File: C:/Users/gomez/OneDrive/Escritorio/mini_proyectos/modulosveri.sv Line: 185
Info (10041): Inferred latch for "ram[28][6]" at modulosveri.sv(185) File: C:/Users/gomez/OneDrive/Escritorio/mini_proyectos/modulosveri.sv Line: 185
Info (10041): Inferred latch for "ram[28][7]" at modulosveri.sv(185) File: C:/Users/gomez/OneDrive/Escritorio/mini_proyectos/modulosveri.sv Line: 185
Info (10041): Inferred latch for "ram[27][0]" at modulosveri.sv(185) File: C:/Users/gomez/OneDrive/Escritorio/mini_proyectos/modulosveri.sv Line: 185
Info (10041): Inferred latch for "ram[27][1]" at modulosveri.sv(185) File: C:/Users/gomez/OneDrive/Escritorio/mini_proyectos/modulosveri.sv Line: 185
Info (10041): Inferred latch for "ram[27][2]" at modulosveri.sv(185) File: C:/Users/gomez/OneDrive/Escritorio/mini_proyectos/modulosveri.sv Line: 185
Info (10041): Inferred latch for "ram[27][3]" at modulosveri.sv(185) File: C:/Users/gomez/OneDrive/Escritorio/mini_proyectos/modulosveri.sv Line: 185
Info (10041): Inferred latch for "ram[27][4]" at modulosveri.sv(185) File: C:/Users/gomez/OneDrive/Escritorio/mini_proyectos/modulosveri.sv Line: 185
Info (10041): Inferred latch for "ram[27][5]" at modulosveri.sv(185) File: C:/Users/gomez/OneDrive/Escritorio/mini_proyectos/modulosveri.sv Line: 185
Info (10041): Inferred latch for "ram[27][6]" at modulosveri.sv(185) File: C:/Users/gomez/OneDrive/Escritorio/mini_proyectos/modulosveri.sv Line: 185
Info (10041): Inferred latch for "ram[27][7]" at modulosveri.sv(185) File: C:/Users/gomez/OneDrive/Escritorio/mini_proyectos/modulosveri.sv Line: 185
Info (10041): Inferred latch for "ram[26][0]" at modulosveri.sv(185) File: C:/Users/gomez/OneDrive/Escritorio/mini_proyectos/modulosveri.sv Line: 185
Info (10041): Inferred latch for "ram[26][1]" at modulosveri.sv(185) File: C:/Users/gomez/OneDrive/Escritorio/mini_proyectos/modulosveri.sv Line: 185
Info (10041): Inferred latch for "ram[26][2]" at modulosveri.sv(185) File: C:/Users/gomez/OneDrive/Escritorio/mini_proyectos/modulosveri.sv Line: 185
Info (10041): Inferred latch for "ram[26][3]" at modulosveri.sv(185) File: C:/Users/gomez/OneDrive/Escritorio/mini_proyectos/modulosveri.sv Line: 185
Info (10041): Inferred latch for "ram[26][4]" at modulosveri.sv(185) File: C:/Users/gomez/OneDrive/Escritorio/mini_proyectos/modulosveri.sv Line: 185
Info (10041): Inferred latch for "ram[26][5]" at modulosveri.sv(185) File: C:/Users/gomez/OneDrive/Escritorio/mini_proyectos/modulosveri.sv Line: 185
Info (10041): Inferred latch for "ram[26][6]" at modulosveri.sv(185) File: C:/Users/gomez/OneDrive/Escritorio/mini_proyectos/modulosveri.sv Line: 185
Info (10041): Inferred latch for "ram[26][7]" at modulosveri.sv(185) File: C:/Users/gomez/OneDrive/Escritorio/mini_proyectos/modulosveri.sv Line: 185
Info (10041): Inferred latch for "ram[25][0]" at modulosveri.sv(185) File: C:/Users/gomez/OneDrive/Escritorio/mini_proyectos/modulosveri.sv Line: 185
Info (10041): Inferred latch for "ram[25][1]" at modulosveri.sv(185) File: C:/Users/gomez/OneDrive/Escritorio/mini_proyectos/modulosveri.sv Line: 185
Info (10041): Inferred latch for "ram[25][2]" at modulosveri.sv(185) File: C:/Users/gomez/OneDrive/Escritorio/mini_proyectos/modulosveri.sv Line: 185
Info (10041): Inferred latch for "ram[25][3]" at modulosveri.sv(185) File: C:/Users/gomez/OneDrive/Escritorio/mini_proyectos/modulosveri.sv Line: 185
Info (10041): Inferred latch for "ram[25][4]" at modulosveri.sv(185) File: C:/Users/gomez/OneDrive/Escritorio/mini_proyectos/modulosveri.sv Line: 185
Info (10041): Inferred latch for "ram[25][5]" at modulosveri.sv(185) File: C:/Users/gomez/OneDrive/Escritorio/mini_proyectos/modulosveri.sv Line: 185
Info (10041): Inferred latch for "ram[25][6]" at modulosveri.sv(185) File: C:/Users/gomez/OneDrive/Escritorio/mini_proyectos/modulosveri.sv Line: 185
Info (10041): Inferred latch for "ram[25][7]" at modulosveri.sv(185) File: C:/Users/gomez/OneDrive/Escritorio/mini_proyectos/modulosveri.sv Line: 185
Info (10041): Inferred latch for "ram[24][0]" at modulosveri.sv(185) File: C:/Users/gomez/OneDrive/Escritorio/mini_proyectos/modulosveri.sv Line: 185
Info (10041): Inferred latch for "ram[24][1]" at modulosveri.sv(185) File: C:/Users/gomez/OneDrive/Escritorio/mini_proyectos/modulosveri.sv Line: 185
Info (10041): Inferred latch for "ram[24][2]" at modulosveri.sv(185) File: C:/Users/gomez/OneDrive/Escritorio/mini_proyectos/modulosveri.sv Line: 185
Info (10041): Inferred latch for "ram[24][3]" at modulosveri.sv(185) File: C:/Users/gomez/OneDrive/Escritorio/mini_proyectos/modulosveri.sv Line: 185
Info (10041): Inferred latch for "ram[24][4]" at modulosveri.sv(185) File: C:/Users/gomez/OneDrive/Escritorio/mini_proyectos/modulosveri.sv Line: 185
Info (10041): Inferred latch for "ram[24][5]" at modulosveri.sv(185) File: C:/Users/gomez/OneDrive/Escritorio/mini_proyectos/modulosveri.sv Line: 185
Info (10041): Inferred latch for "ram[24][6]" at modulosveri.sv(185) File: C:/Users/gomez/OneDrive/Escritorio/mini_proyectos/modulosveri.sv Line: 185
Info (10041): Inferred latch for "ram[24][7]" at modulosveri.sv(185) File: C:/Users/gomez/OneDrive/Escritorio/mini_proyectos/modulosveri.sv Line: 185
Info (10041): Inferred latch for "ram[23][0]" at modulosveri.sv(185) File: C:/Users/gomez/OneDrive/Escritorio/mini_proyectos/modulosveri.sv Line: 185
Info (10041): Inferred latch for "ram[23][1]" at modulosveri.sv(185) File: C:/Users/gomez/OneDrive/Escritorio/mini_proyectos/modulosveri.sv Line: 185
Info (10041): Inferred latch for "ram[23][2]" at modulosveri.sv(185) File: C:/Users/gomez/OneDrive/Escritorio/mini_proyectos/modulosveri.sv Line: 185
Info (10041): Inferred latch for "ram[23][3]" at modulosveri.sv(185) File: C:/Users/gomez/OneDrive/Escritorio/mini_proyectos/modulosveri.sv Line: 185
Info (10041): Inferred latch for "ram[23][4]" at modulosveri.sv(185) File: C:/Users/gomez/OneDrive/Escritorio/mini_proyectos/modulosveri.sv Line: 185
Info (10041): Inferred latch for "ram[23][5]" at modulosveri.sv(185) File: C:/Users/gomez/OneDrive/Escritorio/mini_proyectos/modulosveri.sv Line: 185
Info (10041): Inferred latch for "ram[23][6]" at modulosveri.sv(185) File: C:/Users/gomez/OneDrive/Escritorio/mini_proyectos/modulosveri.sv Line: 185
Info (10041): Inferred latch for "ram[23][7]" at modulosveri.sv(185) File: C:/Users/gomez/OneDrive/Escritorio/mini_proyectos/modulosveri.sv Line: 185
Info (10041): Inferred latch for "ram[22][0]" at modulosveri.sv(185) File: C:/Users/gomez/OneDrive/Escritorio/mini_proyectos/modulosveri.sv Line: 185
Info (10041): Inferred latch for "ram[22][1]" at modulosveri.sv(185) File: C:/Users/gomez/OneDrive/Escritorio/mini_proyectos/modulosveri.sv Line: 185
Info (10041): Inferred latch for "ram[22][2]" at modulosveri.sv(185) File: C:/Users/gomez/OneDrive/Escritorio/mini_proyectos/modulosveri.sv Line: 185
Info (10041): Inferred latch for "ram[22][3]" at modulosveri.sv(185) File: C:/Users/gomez/OneDrive/Escritorio/mini_proyectos/modulosveri.sv Line: 185
Info (10041): Inferred latch for "ram[22][4]" at modulosveri.sv(185) File: C:/Users/gomez/OneDrive/Escritorio/mini_proyectos/modulosveri.sv Line: 185
Info (10041): Inferred latch for "ram[22][5]" at modulosveri.sv(185) File: C:/Users/gomez/OneDrive/Escritorio/mini_proyectos/modulosveri.sv Line: 185
Info (10041): Inferred latch for "ram[22][6]" at modulosveri.sv(185) File: C:/Users/gomez/OneDrive/Escritorio/mini_proyectos/modulosveri.sv Line: 185
Info (10041): Inferred latch for "ram[22][7]" at modulosveri.sv(185) File: C:/Users/gomez/OneDrive/Escritorio/mini_proyectos/modulosveri.sv Line: 185
Info (10041): Inferred latch for "ram[21][0]" at modulosveri.sv(185) File: C:/Users/gomez/OneDrive/Escritorio/mini_proyectos/modulosveri.sv Line: 185
Info (10041): Inferred latch for "ram[21][1]" at modulosveri.sv(185) File: C:/Users/gomez/OneDrive/Escritorio/mini_proyectos/modulosveri.sv Line: 185
Info (10041): Inferred latch for "ram[21][2]" at modulosveri.sv(185) File: C:/Users/gomez/OneDrive/Escritorio/mini_proyectos/modulosveri.sv Line: 185
Info (10041): Inferred latch for "ram[21][3]" at modulosveri.sv(185) File: C:/Users/gomez/OneDrive/Escritorio/mini_proyectos/modulosveri.sv Line: 185
Info (10041): Inferred latch for "ram[21][4]" at modulosveri.sv(185) File: C:/Users/gomez/OneDrive/Escritorio/mini_proyectos/modulosveri.sv Line: 185
Info (10041): Inferred latch for "ram[21][5]" at modulosveri.sv(185) File: C:/Users/gomez/OneDrive/Escritorio/mini_proyectos/modulosveri.sv Line: 185
Info (10041): Inferred latch for "ram[21][6]" at modulosveri.sv(185) File: C:/Users/gomez/OneDrive/Escritorio/mini_proyectos/modulosveri.sv Line: 185
Info (10041): Inferred latch for "ram[21][7]" at modulosveri.sv(185) File: C:/Users/gomez/OneDrive/Escritorio/mini_proyectos/modulosveri.sv Line: 185
Info (10041): Inferred latch for "ram[20][0]" at modulosveri.sv(185) File: C:/Users/gomez/OneDrive/Escritorio/mini_proyectos/modulosveri.sv Line: 185
Info (10041): Inferred latch for "ram[20][1]" at modulosveri.sv(185) File: C:/Users/gomez/OneDrive/Escritorio/mini_proyectos/modulosveri.sv Line: 185
Info (10041): Inferred latch for "ram[20][2]" at modulosveri.sv(185) File: C:/Users/gomez/OneDrive/Escritorio/mini_proyectos/modulosveri.sv Line: 185
Info (10041): Inferred latch for "ram[20][3]" at modulosveri.sv(185) File: C:/Users/gomez/OneDrive/Escritorio/mini_proyectos/modulosveri.sv Line: 185
Info (10041): Inferred latch for "ram[20][4]" at modulosveri.sv(185) File: C:/Users/gomez/OneDrive/Escritorio/mini_proyectos/modulosveri.sv Line: 185
Info (10041): Inferred latch for "ram[20][5]" at modulosveri.sv(185) File: C:/Users/gomez/OneDrive/Escritorio/mini_proyectos/modulosveri.sv Line: 185
Info (10041): Inferred latch for "ram[20][6]" at modulosveri.sv(185) File: C:/Users/gomez/OneDrive/Escritorio/mini_proyectos/modulosveri.sv Line: 185
Info (10041): Inferred latch for "ram[20][7]" at modulosveri.sv(185) File: C:/Users/gomez/OneDrive/Escritorio/mini_proyectos/modulosveri.sv Line: 185
Info (10041): Inferred latch for "ram[19][0]" at modulosveri.sv(185) File: C:/Users/gomez/OneDrive/Escritorio/mini_proyectos/modulosveri.sv Line: 185
Info (10041): Inferred latch for "ram[19][1]" at modulosveri.sv(185) File: C:/Users/gomez/OneDrive/Escritorio/mini_proyectos/modulosveri.sv Line: 185
Info (10041): Inferred latch for "ram[19][2]" at modulosveri.sv(185) File: C:/Users/gomez/OneDrive/Escritorio/mini_proyectos/modulosveri.sv Line: 185
Info (10041): Inferred latch for "ram[19][3]" at modulosveri.sv(185) File: C:/Users/gomez/OneDrive/Escritorio/mini_proyectos/modulosveri.sv Line: 185
Info (10041): Inferred latch for "ram[19][4]" at modulosveri.sv(185) File: C:/Users/gomez/OneDrive/Escritorio/mini_proyectos/modulosveri.sv Line: 185
Info (10041): Inferred latch for "ram[19][5]" at modulosveri.sv(185) File: C:/Users/gomez/OneDrive/Escritorio/mini_proyectos/modulosveri.sv Line: 185
Info (10041): Inferred latch for "ram[19][6]" at modulosveri.sv(185) File: C:/Users/gomez/OneDrive/Escritorio/mini_proyectos/modulosveri.sv Line: 185
Info (10041): Inferred latch for "ram[19][7]" at modulosveri.sv(185) File: C:/Users/gomez/OneDrive/Escritorio/mini_proyectos/modulosveri.sv Line: 185
Info (10041): Inferred latch for "ram[18][0]" at modulosveri.sv(185) File: C:/Users/gomez/OneDrive/Escritorio/mini_proyectos/modulosveri.sv Line: 185
Info (10041): Inferred latch for "ram[18][1]" at modulosveri.sv(185) File: C:/Users/gomez/OneDrive/Escritorio/mini_proyectos/modulosveri.sv Line: 185
Info (10041): Inferred latch for "ram[18][2]" at modulosveri.sv(185) File: C:/Users/gomez/OneDrive/Escritorio/mini_proyectos/modulosveri.sv Line: 185
Info (10041): Inferred latch for "ram[18][3]" at modulosveri.sv(185) File: C:/Users/gomez/OneDrive/Escritorio/mini_proyectos/modulosveri.sv Line: 185
Info (10041): Inferred latch for "ram[18][4]" at modulosveri.sv(185) File: C:/Users/gomez/OneDrive/Escritorio/mini_proyectos/modulosveri.sv Line: 185
Info (10041): Inferred latch for "ram[18][5]" at modulosveri.sv(185) File: C:/Users/gomez/OneDrive/Escritorio/mini_proyectos/modulosveri.sv Line: 185
Info (10041): Inferred latch for "ram[18][6]" at modulosveri.sv(185) File: C:/Users/gomez/OneDrive/Escritorio/mini_proyectos/modulosveri.sv Line: 185
Info (10041): Inferred latch for "ram[18][7]" at modulosveri.sv(185) File: C:/Users/gomez/OneDrive/Escritorio/mini_proyectos/modulosveri.sv Line: 185
Info (10041): Inferred latch for "ram[17][0]" at modulosveri.sv(185) File: C:/Users/gomez/OneDrive/Escritorio/mini_proyectos/modulosveri.sv Line: 185
Info (10041): Inferred latch for "ram[17][1]" at modulosveri.sv(185) File: C:/Users/gomez/OneDrive/Escritorio/mini_proyectos/modulosveri.sv Line: 185
Info (10041): Inferred latch for "ram[17][2]" at modulosveri.sv(185) File: C:/Users/gomez/OneDrive/Escritorio/mini_proyectos/modulosveri.sv Line: 185
Info (10041): Inferred latch for "ram[17][3]" at modulosveri.sv(185) File: C:/Users/gomez/OneDrive/Escritorio/mini_proyectos/modulosveri.sv Line: 185
Info (10041): Inferred latch for "ram[17][4]" at modulosveri.sv(185) File: C:/Users/gomez/OneDrive/Escritorio/mini_proyectos/modulosveri.sv Line: 185
Info (10041): Inferred latch for "ram[17][5]" at modulosveri.sv(185) File: C:/Users/gomez/OneDrive/Escritorio/mini_proyectos/modulosveri.sv Line: 185
Info (10041): Inferred latch for "ram[17][6]" at modulosveri.sv(185) File: C:/Users/gomez/OneDrive/Escritorio/mini_proyectos/modulosveri.sv Line: 185
Info (10041): Inferred latch for "ram[17][7]" at modulosveri.sv(185) File: C:/Users/gomez/OneDrive/Escritorio/mini_proyectos/modulosveri.sv Line: 185
Info (10041): Inferred latch for "ram[16][0]" at modulosveri.sv(185) File: C:/Users/gomez/OneDrive/Escritorio/mini_proyectos/modulosveri.sv Line: 185
Info (10041): Inferred latch for "ram[16][1]" at modulosveri.sv(185) File: C:/Users/gomez/OneDrive/Escritorio/mini_proyectos/modulosveri.sv Line: 185
Info (10041): Inferred latch for "ram[16][2]" at modulosveri.sv(185) File: C:/Users/gomez/OneDrive/Escritorio/mini_proyectos/modulosveri.sv Line: 185
Info (10041): Inferred latch for "ram[16][3]" at modulosveri.sv(185) File: C:/Users/gomez/OneDrive/Escritorio/mini_proyectos/modulosveri.sv Line: 185
Info (10041): Inferred latch for "ram[16][4]" at modulosveri.sv(185) File: C:/Users/gomez/OneDrive/Escritorio/mini_proyectos/modulosveri.sv Line: 185
Info (10041): Inferred latch for "ram[16][5]" at modulosveri.sv(185) File: C:/Users/gomez/OneDrive/Escritorio/mini_proyectos/modulosveri.sv Line: 185
Info (10041): Inferred latch for "ram[16][6]" at modulosveri.sv(185) File: C:/Users/gomez/OneDrive/Escritorio/mini_proyectos/modulosveri.sv Line: 185
Info (10041): Inferred latch for "ram[16][7]" at modulosveri.sv(185) File: C:/Users/gomez/OneDrive/Escritorio/mini_proyectos/modulosveri.sv Line: 185
Info (10041): Inferred latch for "ram[15][0]" at modulosveri.sv(185) File: C:/Users/gomez/OneDrive/Escritorio/mini_proyectos/modulosveri.sv Line: 185
Info (10041): Inferred latch for "ram[15][1]" at modulosveri.sv(185) File: C:/Users/gomez/OneDrive/Escritorio/mini_proyectos/modulosveri.sv Line: 185
Info (10041): Inferred latch for "ram[15][2]" at modulosveri.sv(185) File: C:/Users/gomez/OneDrive/Escritorio/mini_proyectos/modulosveri.sv Line: 185
Info (10041): Inferred latch for "ram[15][3]" at modulosveri.sv(185) File: C:/Users/gomez/OneDrive/Escritorio/mini_proyectos/modulosveri.sv Line: 185
Info (10041): Inferred latch for "ram[15][4]" at modulosveri.sv(185) File: C:/Users/gomez/OneDrive/Escritorio/mini_proyectos/modulosveri.sv Line: 185
Info (10041): Inferred latch for "ram[15][5]" at modulosveri.sv(185) File: C:/Users/gomez/OneDrive/Escritorio/mini_proyectos/modulosveri.sv Line: 185
Info (10041): Inferred latch for "ram[15][6]" at modulosveri.sv(185) File: C:/Users/gomez/OneDrive/Escritorio/mini_proyectos/modulosveri.sv Line: 185
Info (10041): Inferred latch for "ram[15][7]" at modulosveri.sv(185) File: C:/Users/gomez/OneDrive/Escritorio/mini_proyectos/modulosveri.sv Line: 185
Info (10041): Inferred latch for "ram[14][0]" at modulosveri.sv(185) File: C:/Users/gomez/OneDrive/Escritorio/mini_proyectos/modulosveri.sv Line: 185
Info (10041): Inferred latch for "ram[14][1]" at modulosveri.sv(185) File: C:/Users/gomez/OneDrive/Escritorio/mini_proyectos/modulosveri.sv Line: 185
Info (10041): Inferred latch for "ram[14][2]" at modulosveri.sv(185) File: C:/Users/gomez/OneDrive/Escritorio/mini_proyectos/modulosveri.sv Line: 185
Info (10041): Inferred latch for "ram[14][3]" at modulosveri.sv(185) File: C:/Users/gomez/OneDrive/Escritorio/mini_proyectos/modulosveri.sv Line: 185
Info (10041): Inferred latch for "ram[14][4]" at modulosveri.sv(185) File: C:/Users/gomez/OneDrive/Escritorio/mini_proyectos/modulosveri.sv Line: 185
Info (10041): Inferred latch for "ram[14][5]" at modulosveri.sv(185) File: C:/Users/gomez/OneDrive/Escritorio/mini_proyectos/modulosveri.sv Line: 185
Info (10041): Inferred latch for "ram[14][6]" at modulosveri.sv(185) File: C:/Users/gomez/OneDrive/Escritorio/mini_proyectos/modulosveri.sv Line: 185
Info (10041): Inferred latch for "ram[14][7]" at modulosveri.sv(185) File: C:/Users/gomez/OneDrive/Escritorio/mini_proyectos/modulosveri.sv Line: 185
Info (10041): Inferred latch for "ram[13][0]" at modulosveri.sv(185) File: C:/Users/gomez/OneDrive/Escritorio/mini_proyectos/modulosveri.sv Line: 185
Info (10041): Inferred latch for "ram[13][1]" at modulosveri.sv(185) File: C:/Users/gomez/OneDrive/Escritorio/mini_proyectos/modulosveri.sv Line: 185
Info (10041): Inferred latch for "ram[13][2]" at modulosveri.sv(185) File: C:/Users/gomez/OneDrive/Escritorio/mini_proyectos/modulosveri.sv Line: 185
Info (10041): Inferred latch for "ram[13][3]" at modulosveri.sv(185) File: C:/Users/gomez/OneDrive/Escritorio/mini_proyectos/modulosveri.sv Line: 185
Info (10041): Inferred latch for "ram[13][4]" at modulosveri.sv(185) File: C:/Users/gomez/OneDrive/Escritorio/mini_proyectos/modulosveri.sv Line: 185
Info (10041): Inferred latch for "ram[13][5]" at modulosveri.sv(185) File: C:/Users/gomez/OneDrive/Escritorio/mini_proyectos/modulosveri.sv Line: 185
Info (10041): Inferred latch for "ram[13][6]" at modulosveri.sv(185) File: C:/Users/gomez/OneDrive/Escritorio/mini_proyectos/modulosveri.sv Line: 185
Info (10041): Inferred latch for "ram[13][7]" at modulosveri.sv(185) File: C:/Users/gomez/OneDrive/Escritorio/mini_proyectos/modulosveri.sv Line: 185
Info (10041): Inferred latch for "ram[12][0]" at modulosveri.sv(185) File: C:/Users/gomez/OneDrive/Escritorio/mini_proyectos/modulosveri.sv Line: 185
Info (10041): Inferred latch for "ram[12][1]" at modulosveri.sv(185) File: C:/Users/gomez/OneDrive/Escritorio/mini_proyectos/modulosveri.sv Line: 185
Info (10041): Inferred latch for "ram[12][2]" at modulosveri.sv(185) File: C:/Users/gomez/OneDrive/Escritorio/mini_proyectos/modulosveri.sv Line: 185
Info (10041): Inferred latch for "ram[12][3]" at modulosveri.sv(185) File: C:/Users/gomez/OneDrive/Escritorio/mini_proyectos/modulosveri.sv Line: 185
Info (10041): Inferred latch for "ram[12][4]" at modulosveri.sv(185) File: C:/Users/gomez/OneDrive/Escritorio/mini_proyectos/modulosveri.sv Line: 185
Info (10041): Inferred latch for "ram[12][5]" at modulosveri.sv(185) File: C:/Users/gomez/OneDrive/Escritorio/mini_proyectos/modulosveri.sv Line: 185
Info (10041): Inferred latch for "ram[12][6]" at modulosveri.sv(185) File: C:/Users/gomez/OneDrive/Escritorio/mini_proyectos/modulosveri.sv Line: 185
Info (10041): Inferred latch for "ram[12][7]" at modulosveri.sv(185) File: C:/Users/gomez/OneDrive/Escritorio/mini_proyectos/modulosveri.sv Line: 185
Info (10041): Inferred latch for "ram[11][0]" at modulosveri.sv(185) File: C:/Users/gomez/OneDrive/Escritorio/mini_proyectos/modulosveri.sv Line: 185
Info (10041): Inferred latch for "ram[11][1]" at modulosveri.sv(185) File: C:/Users/gomez/OneDrive/Escritorio/mini_proyectos/modulosveri.sv Line: 185
Info (10041): Inferred latch for "ram[11][2]" at modulosveri.sv(185) File: C:/Users/gomez/OneDrive/Escritorio/mini_proyectos/modulosveri.sv Line: 185
Info (10041): Inferred latch for "ram[11][3]" at modulosveri.sv(185) File: C:/Users/gomez/OneDrive/Escritorio/mini_proyectos/modulosveri.sv Line: 185
Info (10041): Inferred latch for "ram[11][4]" at modulosveri.sv(185) File: C:/Users/gomez/OneDrive/Escritorio/mini_proyectos/modulosveri.sv Line: 185
Info (10041): Inferred latch for "ram[11][5]" at modulosveri.sv(185) File: C:/Users/gomez/OneDrive/Escritorio/mini_proyectos/modulosveri.sv Line: 185
Info (10041): Inferred latch for "ram[11][6]" at modulosveri.sv(185) File: C:/Users/gomez/OneDrive/Escritorio/mini_proyectos/modulosveri.sv Line: 185
Info (10041): Inferred latch for "ram[11][7]" at modulosveri.sv(185) File: C:/Users/gomez/OneDrive/Escritorio/mini_proyectos/modulosveri.sv Line: 185
Info (10041): Inferred latch for "ram[10][0]" at modulosveri.sv(185) File: C:/Users/gomez/OneDrive/Escritorio/mini_proyectos/modulosveri.sv Line: 185
Info (10041): Inferred latch for "ram[10][1]" at modulosveri.sv(185) File: C:/Users/gomez/OneDrive/Escritorio/mini_proyectos/modulosveri.sv Line: 185
Info (10041): Inferred latch for "ram[10][2]" at modulosveri.sv(185) File: C:/Users/gomez/OneDrive/Escritorio/mini_proyectos/modulosveri.sv Line: 185
Info (10041): Inferred latch for "ram[10][3]" at modulosveri.sv(185) File: C:/Users/gomez/OneDrive/Escritorio/mini_proyectos/modulosveri.sv Line: 185
Info (10041): Inferred latch for "ram[10][4]" at modulosveri.sv(185) File: C:/Users/gomez/OneDrive/Escritorio/mini_proyectos/modulosveri.sv Line: 185
Info (10041): Inferred latch for "ram[10][5]" at modulosveri.sv(185) File: C:/Users/gomez/OneDrive/Escritorio/mini_proyectos/modulosveri.sv Line: 185
Info (10041): Inferred latch for "ram[10][6]" at modulosveri.sv(185) File: C:/Users/gomez/OneDrive/Escritorio/mini_proyectos/modulosveri.sv Line: 185
Info (10041): Inferred latch for "ram[10][7]" at modulosveri.sv(185) File: C:/Users/gomez/OneDrive/Escritorio/mini_proyectos/modulosveri.sv Line: 185
Info (10041): Inferred latch for "ram[9][0]" at modulosveri.sv(185) File: C:/Users/gomez/OneDrive/Escritorio/mini_proyectos/modulosveri.sv Line: 185
Info (10041): Inferred latch for "ram[9][1]" at modulosveri.sv(185) File: C:/Users/gomez/OneDrive/Escritorio/mini_proyectos/modulosveri.sv Line: 185
Info (10041): Inferred latch for "ram[9][2]" at modulosveri.sv(185) File: C:/Users/gomez/OneDrive/Escritorio/mini_proyectos/modulosveri.sv Line: 185
Info (10041): Inferred latch for "ram[9][3]" at modulosveri.sv(185) File: C:/Users/gomez/OneDrive/Escritorio/mini_proyectos/modulosveri.sv Line: 185
Info (10041): Inferred latch for "ram[9][4]" at modulosveri.sv(185) File: C:/Users/gomez/OneDrive/Escritorio/mini_proyectos/modulosveri.sv Line: 185
Info (10041): Inferred latch for "ram[9][5]" at modulosveri.sv(185) File: C:/Users/gomez/OneDrive/Escritorio/mini_proyectos/modulosveri.sv Line: 185
Info (10041): Inferred latch for "ram[9][6]" at modulosveri.sv(185) File: C:/Users/gomez/OneDrive/Escritorio/mini_proyectos/modulosveri.sv Line: 185
Info (10041): Inferred latch for "ram[9][7]" at modulosveri.sv(185) File: C:/Users/gomez/OneDrive/Escritorio/mini_proyectos/modulosveri.sv Line: 185
Info (10041): Inferred latch for "ram[8][0]" at modulosveri.sv(185) File: C:/Users/gomez/OneDrive/Escritorio/mini_proyectos/modulosveri.sv Line: 185
Info (10041): Inferred latch for "ram[8][1]" at modulosveri.sv(185) File: C:/Users/gomez/OneDrive/Escritorio/mini_proyectos/modulosveri.sv Line: 185
Info (10041): Inferred latch for "ram[8][2]" at modulosveri.sv(185) File: C:/Users/gomez/OneDrive/Escritorio/mini_proyectos/modulosveri.sv Line: 185
Info (10041): Inferred latch for "ram[8][3]" at modulosveri.sv(185) File: C:/Users/gomez/OneDrive/Escritorio/mini_proyectos/modulosveri.sv Line: 185
Info (10041): Inferred latch for "ram[8][4]" at modulosveri.sv(185) File: C:/Users/gomez/OneDrive/Escritorio/mini_proyectos/modulosveri.sv Line: 185
Info (10041): Inferred latch for "ram[8][5]" at modulosveri.sv(185) File: C:/Users/gomez/OneDrive/Escritorio/mini_proyectos/modulosveri.sv Line: 185
Info (10041): Inferred latch for "ram[8][6]" at modulosveri.sv(185) File: C:/Users/gomez/OneDrive/Escritorio/mini_proyectos/modulosveri.sv Line: 185
Info (10041): Inferred latch for "ram[8][7]" at modulosveri.sv(185) File: C:/Users/gomez/OneDrive/Escritorio/mini_proyectos/modulosveri.sv Line: 185
Info (10041): Inferred latch for "ram[7][0]" at modulosveri.sv(185) File: C:/Users/gomez/OneDrive/Escritorio/mini_proyectos/modulosveri.sv Line: 185
Info (10041): Inferred latch for "ram[7][1]" at modulosveri.sv(185) File: C:/Users/gomez/OneDrive/Escritorio/mini_proyectos/modulosveri.sv Line: 185
Info (10041): Inferred latch for "ram[7][2]" at modulosveri.sv(185) File: C:/Users/gomez/OneDrive/Escritorio/mini_proyectos/modulosveri.sv Line: 185
Info (10041): Inferred latch for "ram[7][3]" at modulosveri.sv(185) File: C:/Users/gomez/OneDrive/Escritorio/mini_proyectos/modulosveri.sv Line: 185
Info (10041): Inferred latch for "ram[7][4]" at modulosveri.sv(185) File: C:/Users/gomez/OneDrive/Escritorio/mini_proyectos/modulosveri.sv Line: 185
Info (10041): Inferred latch for "ram[7][5]" at modulosveri.sv(185) File: C:/Users/gomez/OneDrive/Escritorio/mini_proyectos/modulosveri.sv Line: 185
Info (10041): Inferred latch for "ram[7][6]" at modulosveri.sv(185) File: C:/Users/gomez/OneDrive/Escritorio/mini_proyectos/modulosveri.sv Line: 185
Info (10041): Inferred latch for "ram[7][7]" at modulosveri.sv(185) File: C:/Users/gomez/OneDrive/Escritorio/mini_proyectos/modulosveri.sv Line: 185
Info (10041): Inferred latch for "ram[6][0]" at modulosveri.sv(185) File: C:/Users/gomez/OneDrive/Escritorio/mini_proyectos/modulosveri.sv Line: 185
Info (10041): Inferred latch for "ram[6][1]" at modulosveri.sv(185) File: C:/Users/gomez/OneDrive/Escritorio/mini_proyectos/modulosveri.sv Line: 185
Info (10041): Inferred latch for "ram[6][2]" at modulosveri.sv(185) File: C:/Users/gomez/OneDrive/Escritorio/mini_proyectos/modulosveri.sv Line: 185
Info (10041): Inferred latch for "ram[6][3]" at modulosveri.sv(185) File: C:/Users/gomez/OneDrive/Escritorio/mini_proyectos/modulosveri.sv Line: 185
Info (10041): Inferred latch for "ram[6][4]" at modulosveri.sv(185) File: C:/Users/gomez/OneDrive/Escritorio/mini_proyectos/modulosveri.sv Line: 185
Info (10041): Inferred latch for "ram[6][5]" at modulosveri.sv(185) File: C:/Users/gomez/OneDrive/Escritorio/mini_proyectos/modulosveri.sv Line: 185
Info (10041): Inferred latch for "ram[6][6]" at modulosveri.sv(185) File: C:/Users/gomez/OneDrive/Escritorio/mini_proyectos/modulosveri.sv Line: 185
Info (10041): Inferred latch for "ram[6][7]" at modulosveri.sv(185) File: C:/Users/gomez/OneDrive/Escritorio/mini_proyectos/modulosveri.sv Line: 185
Info (10041): Inferred latch for "ram[5][0]" at modulosveri.sv(185) File: C:/Users/gomez/OneDrive/Escritorio/mini_proyectos/modulosveri.sv Line: 185
Info (10041): Inferred latch for "ram[5][1]" at modulosveri.sv(185) File: C:/Users/gomez/OneDrive/Escritorio/mini_proyectos/modulosveri.sv Line: 185
Info (10041): Inferred latch for "ram[5][2]" at modulosveri.sv(185) File: C:/Users/gomez/OneDrive/Escritorio/mini_proyectos/modulosveri.sv Line: 185
Info (10041): Inferred latch for "ram[5][3]" at modulosveri.sv(185) File: C:/Users/gomez/OneDrive/Escritorio/mini_proyectos/modulosveri.sv Line: 185
Info (10041): Inferred latch for "ram[5][4]" at modulosveri.sv(185) File: C:/Users/gomez/OneDrive/Escritorio/mini_proyectos/modulosveri.sv Line: 185
Info (10041): Inferred latch for "ram[5][5]" at modulosveri.sv(185) File: C:/Users/gomez/OneDrive/Escritorio/mini_proyectos/modulosveri.sv Line: 185
Info (10041): Inferred latch for "ram[5][6]" at modulosveri.sv(185) File: C:/Users/gomez/OneDrive/Escritorio/mini_proyectos/modulosveri.sv Line: 185
Info (10041): Inferred latch for "ram[5][7]" at modulosveri.sv(185) File: C:/Users/gomez/OneDrive/Escritorio/mini_proyectos/modulosveri.sv Line: 185
Info (10041): Inferred latch for "ram[4][0]" at modulosveri.sv(185) File: C:/Users/gomez/OneDrive/Escritorio/mini_proyectos/modulosveri.sv Line: 185
Info (10041): Inferred latch for "ram[4][1]" at modulosveri.sv(185) File: C:/Users/gomez/OneDrive/Escritorio/mini_proyectos/modulosveri.sv Line: 185
Info (10041): Inferred latch for "ram[4][2]" at modulosveri.sv(185) File: C:/Users/gomez/OneDrive/Escritorio/mini_proyectos/modulosveri.sv Line: 185
Info (10041): Inferred latch for "ram[4][3]" at modulosveri.sv(185) File: C:/Users/gomez/OneDrive/Escritorio/mini_proyectos/modulosveri.sv Line: 185
Info (10041): Inferred latch for "ram[4][4]" at modulosveri.sv(185) File: C:/Users/gomez/OneDrive/Escritorio/mini_proyectos/modulosveri.sv Line: 185
Info (10041): Inferred latch for "ram[4][5]" at modulosveri.sv(185) File: C:/Users/gomez/OneDrive/Escritorio/mini_proyectos/modulosveri.sv Line: 185
Info (10041): Inferred latch for "ram[4][6]" at modulosveri.sv(185) File: C:/Users/gomez/OneDrive/Escritorio/mini_proyectos/modulosveri.sv Line: 185
Info (10041): Inferred latch for "ram[4][7]" at modulosveri.sv(185) File: C:/Users/gomez/OneDrive/Escritorio/mini_proyectos/modulosveri.sv Line: 185
Info (10041): Inferred latch for "ram[3][0]" at modulosveri.sv(185) File: C:/Users/gomez/OneDrive/Escritorio/mini_proyectos/modulosveri.sv Line: 185
Info (10041): Inferred latch for "ram[3][1]" at modulosveri.sv(185) File: C:/Users/gomez/OneDrive/Escritorio/mini_proyectos/modulosveri.sv Line: 185
Info (10041): Inferred latch for "ram[3][2]" at modulosveri.sv(185) File: C:/Users/gomez/OneDrive/Escritorio/mini_proyectos/modulosveri.sv Line: 185
Info (10041): Inferred latch for "ram[3][3]" at modulosveri.sv(185) File: C:/Users/gomez/OneDrive/Escritorio/mini_proyectos/modulosveri.sv Line: 185
Info (10041): Inferred latch for "ram[3][4]" at modulosveri.sv(185) File: C:/Users/gomez/OneDrive/Escritorio/mini_proyectos/modulosveri.sv Line: 185
Info (10041): Inferred latch for "ram[3][5]" at modulosveri.sv(185) File: C:/Users/gomez/OneDrive/Escritorio/mini_proyectos/modulosveri.sv Line: 185
Info (10041): Inferred latch for "ram[3][6]" at modulosveri.sv(185) File: C:/Users/gomez/OneDrive/Escritorio/mini_proyectos/modulosveri.sv Line: 185
Info (10041): Inferred latch for "ram[3][7]" at modulosveri.sv(185) File: C:/Users/gomez/OneDrive/Escritorio/mini_proyectos/modulosveri.sv Line: 185
Info (10041): Inferred latch for "ram[2][0]" at modulosveri.sv(185) File: C:/Users/gomez/OneDrive/Escritorio/mini_proyectos/modulosveri.sv Line: 185
Info (10041): Inferred latch for "ram[2][1]" at modulosveri.sv(185) File: C:/Users/gomez/OneDrive/Escritorio/mini_proyectos/modulosveri.sv Line: 185
Info (10041): Inferred latch for "ram[2][2]" at modulosveri.sv(185) File: C:/Users/gomez/OneDrive/Escritorio/mini_proyectos/modulosveri.sv Line: 185
Info (10041): Inferred latch for "ram[2][3]" at modulosveri.sv(185) File: C:/Users/gomez/OneDrive/Escritorio/mini_proyectos/modulosveri.sv Line: 185
Info (10041): Inferred latch for "ram[2][4]" at modulosveri.sv(185) File: C:/Users/gomez/OneDrive/Escritorio/mini_proyectos/modulosveri.sv Line: 185
Info (10041): Inferred latch for "ram[2][5]" at modulosveri.sv(185) File: C:/Users/gomez/OneDrive/Escritorio/mini_proyectos/modulosveri.sv Line: 185
Info (10041): Inferred latch for "ram[2][6]" at modulosveri.sv(185) File: C:/Users/gomez/OneDrive/Escritorio/mini_proyectos/modulosveri.sv Line: 185
Info (10041): Inferred latch for "ram[2][7]" at modulosveri.sv(185) File: C:/Users/gomez/OneDrive/Escritorio/mini_proyectos/modulosveri.sv Line: 185
Info (10041): Inferred latch for "ram[1][0]" at modulosveri.sv(185) File: C:/Users/gomez/OneDrive/Escritorio/mini_proyectos/modulosveri.sv Line: 185
Info (10041): Inferred latch for "ram[1][1]" at modulosveri.sv(185) File: C:/Users/gomez/OneDrive/Escritorio/mini_proyectos/modulosveri.sv Line: 185
Info (10041): Inferred latch for "ram[1][2]" at modulosveri.sv(185) File: C:/Users/gomez/OneDrive/Escritorio/mini_proyectos/modulosveri.sv Line: 185
Info (10041): Inferred latch for "ram[1][3]" at modulosveri.sv(185) File: C:/Users/gomez/OneDrive/Escritorio/mini_proyectos/modulosveri.sv Line: 185
Info (10041): Inferred latch for "ram[1][4]" at modulosveri.sv(185) File: C:/Users/gomez/OneDrive/Escritorio/mini_proyectos/modulosveri.sv Line: 185
Info (10041): Inferred latch for "ram[1][5]" at modulosveri.sv(185) File: C:/Users/gomez/OneDrive/Escritorio/mini_proyectos/modulosveri.sv Line: 185
Info (10041): Inferred latch for "ram[1][6]" at modulosveri.sv(185) File: C:/Users/gomez/OneDrive/Escritorio/mini_proyectos/modulosveri.sv Line: 185
Info (10041): Inferred latch for "ram[1][7]" at modulosveri.sv(185) File: C:/Users/gomez/OneDrive/Escritorio/mini_proyectos/modulosveri.sv Line: 185
Info (10041): Inferred latch for "ram[0][0]" at modulosveri.sv(185) File: C:/Users/gomez/OneDrive/Escritorio/mini_proyectos/modulosveri.sv Line: 185
Info (10041): Inferred latch for "ram[0][1]" at modulosveri.sv(185) File: C:/Users/gomez/OneDrive/Escritorio/mini_proyectos/modulosveri.sv Line: 185
Info (10041): Inferred latch for "ram[0][2]" at modulosveri.sv(185) File: C:/Users/gomez/OneDrive/Escritorio/mini_proyectos/modulosveri.sv Line: 185
Info (10041): Inferred latch for "ram[0][3]" at modulosveri.sv(185) File: C:/Users/gomez/OneDrive/Escritorio/mini_proyectos/modulosveri.sv Line: 185
Info (10041): Inferred latch for "ram[0][4]" at modulosveri.sv(185) File: C:/Users/gomez/OneDrive/Escritorio/mini_proyectos/modulosveri.sv Line: 185
Info (10041): Inferred latch for "ram[0][5]" at modulosveri.sv(185) File: C:/Users/gomez/OneDrive/Escritorio/mini_proyectos/modulosveri.sv Line: 185
Info (10041): Inferred latch for "ram[0][6]" at modulosveri.sv(185) File: C:/Users/gomez/OneDrive/Escritorio/mini_proyectos/modulosveri.sv Line: 185
Info (10041): Inferred latch for "ram[0][7]" at modulosveri.sv(185) File: C:/Users/gomez/OneDrive/Escritorio/mini_proyectos/modulosveri.sv Line: 185
Info (12128): Elaborating entity "decodificador_7seg" for hierarchy "decodificador_7seg:dec0" File: C:/Users/gomez/OneDrive/Escritorio/mini_proyectos/modulosveri.sv Line: 433
Info (12128): Elaborating entity "vga_debug_monitor" for hierarchy "vga_debug_monitor:debug_vga" File: C:/Users/gomez/OneDrive/Escritorio/mini_proyectos/modulosveri.sv Line: 460
Warning (10030): Net "font_rom.data_a" at vga_debug_monitor.sv(41) has no driver or initial value, using a default initial value '0' File: C:/Users/gomez/OneDrive/Escritorio/mini_proyectos/vga_debug_monitor.sv Line: 41
Warning (10030): Net "font_rom.waddr_a" at vga_debug_monitor.sv(41) has no driver or initial value, using a default initial value '0' File: C:/Users/gomez/OneDrive/Escritorio/mini_proyectos/vga_debug_monitor.sv Line: 41
Warning (10030): Net "font_rom.we_a" at vga_debug_monitor.sv(41) has no driver or initial value, using a default initial value '0' File: C:/Users/gomez/OneDrive/Escritorio/mini_proyectos/vga_debug_monitor.sv Line: 41
Info (276014): Found 2 instances of uninferred RAM logic
    Info (276004): RAM logic "rom" is uninferred due to inappropriate RAM size File: C:/Users/gomez/OneDrive/Escritorio/mini_proyectos/modulosveri.sv Line: 359
    Info (276007): RAM logic "vga_debug_monitor:debug_vga|font_rom" is uninferred due to asynchronous read logic File: C:/Users/gomez/OneDrive/Escritorio/mini_proyectos/vga_debug_monitor.sv Line: 41
Warning (127007): Memory Initialization File or Hexadecimal (Intel-Format) File "C:/Users/gomez/OneDrive/Escritorio/mini_proyectos/db/modulosveri.ram0_RISCV_Core_aa6a7ba0.hdl.mif" contains "don't care" values -- overwriting them with 0s
Warning (13012): Latch DataMemory:dmem|ram[192][7] has unsafe behavior File: C:/Users/gomez/OneDrive/Escritorio/mini_proyectos/modulosveri.sv Line: 185
    Warning (13013): Ports D and ENA on the latch are fed by the same signal rtl~117
Warning (13012): Latch DataMemory:dmem|ram[193][7] has unsafe behavior File: C:/Users/gomez/OneDrive/Escritorio/mini_proyectos/modulosveri.sv Line: 185
    Warning (13013): Ports D and ENA on the latch are fed by the same signal rtl~117
Warning (13012): Latch DataMemory:dmem|ram[194][7] has unsafe behavior File: C:/Users/gomez/OneDrive/Escritorio/mini_proyectos/modulosveri.sv Line: 185
    Warning (13013): Ports D and ENA on the latch are fed by the same signal rtl~117
Warning (13012): Latch DataMemory:dmem|ram[195][7] has unsafe behavior File: C:/Users/gomez/OneDrive/Escritorio/mini_proyectos/modulosveri.sv Line: 185
    Warning (13013): Ports D and ENA on the latch are fed by the same signal rtl~117
Warning (13012): Latch DataMemory:dmem|ram[196][7] has unsafe behavior File: C:/Users/gomez/OneDrive/Escritorio/mini_proyectos/modulosveri.sv Line: 185
    Warning (13013): Ports D and ENA on the latch are fed by the same signal rtl~117
Warning (13012): Latch DataMemory:dmem|ram[197][7] has unsafe behavior File: C:/Users/gomez/OneDrive/Escritorio/mini_proyectos/modulosveri.sv Line: 185
    Warning (13013): Ports D and ENA on the latch are fed by the same signal rtl~117
Warning (13012): Latch DataMemory:dmem|ram[198][7] has unsafe behavior File: C:/Users/gomez/OneDrive/Escritorio/mini_proyectos/modulosveri.sv Line: 185
    Warning (13013): Ports D and ENA on the latch are fed by the same signal rtl~117
Warning (13012): Latch DataMemory:dmem|ram[199][7] has unsafe behavior File: C:/Users/gomez/OneDrive/Escritorio/mini_proyectos/modulosveri.sv Line: 185
    Warning (13013): Ports D and ENA on the latch are fed by the same signal rtl~117
Warning (13012): Latch DataMemory:dmem|ram[200][7] has unsafe behavior File: C:/Users/gomez/OneDrive/Escritorio/mini_proyectos/modulosveri.sv Line: 185
    Warning (13013): Ports D and ENA on the latch are fed by the same signal rtl~117
Warning (13012): Latch DataMemory:dmem|ram[0][7] has unsafe behavior File: C:/Users/gomez/OneDrive/Escritorio/mini_proyectos/modulosveri.sv Line: 185
    Warning (13013): Ports D and ENA on the latch are fed by the same signal rtl~117
Warning (13012): Latch DataMemory:dmem|ram[4][7] has unsafe behavior File: C:/Users/gomez/OneDrive/Escritorio/mini_proyectos/modulosveri.sv Line: 185
    Warning (13013): Ports D and ENA on the latch are fed by the same signal rtl~117
Warning (13012): Latch DataMemory:dmem|ram[8][7] has unsafe behavior File: C:/Users/gomez/OneDrive/Escritorio/mini_proyectos/modulosveri.sv Line: 185
    Warning (13013): Ports D and ENA on the latch are fed by the same signal rtl~117
Warning (13012): Latch DataMemory:dmem|ram[12][7] has unsafe behavior File: C:/Users/gomez/OneDrive/Escritorio/mini_proyectos/modulosveri.sv Line: 185
    Warning (13013): Ports D and ENA on the latch are fed by the same signal rtl~117
Warning (13012): Latch DataMemory:dmem|ram[16][7] has unsafe behavior File: C:/Users/gomez/OneDrive/Escritorio/mini_proyectos/modulosveri.sv Line: 185
    Warning (13013): Ports D and ENA on the latch are fed by the same signal rtl~117
Warning (13012): Latch DataMemory:dmem|ram[20][7] has unsafe behavior File: C:/Users/gomez/OneDrive/Escritorio/mini_proyectos/modulosveri.sv Line: 185
    Warning (13013): Ports D and ENA on the latch are fed by the same signal rtl~117
Warning (13012): Latch DataMemory:dmem|ram[24][7] has unsafe behavior File: C:/Users/gomez/OneDrive/Escritorio/mini_proyectos/modulosveri.sv Line: 185
    Warning (13013): Ports D and ENA on the latch are fed by the same signal rtl~117
Warning (13012): Latch DataMemory:dmem|ram[28][7] has unsafe behavior File: C:/Users/gomez/OneDrive/Escritorio/mini_proyectos/modulosveri.sv Line: 185
    Warning (13013): Ports D and ENA on the latch are fed by the same signal rtl~117
Warning (13012): Latch DataMemory:dmem|ram[32][7] has unsafe behavior File: C:/Users/gomez/OneDrive/Escritorio/mini_proyectos/modulosveri.sv Line: 185
    Warning (13013): Ports D and ENA on the latch are fed by the same signal rtl~117
Warning (13012): Latch DataMemory:dmem|ram[36][7] has unsafe behavior File: C:/Users/gomez/OneDrive/Escritorio/mini_proyectos/modulosveri.sv Line: 185
    Warning (13013): Ports D and ENA on the latch are fed by the same signal rtl~117
Warning (13012): Latch DataMemory:dmem|ram[40][7] has unsafe behavior File: C:/Users/gomez/OneDrive/Escritorio/mini_proyectos/modulosveri.sv Line: 185
    Warning (13013): Ports D and ENA on the latch are fed by the same signal rtl~117
Warning (13012): Latch DataMemory:dmem|ram[44][7] has unsafe behavior File: C:/Users/gomez/OneDrive/Escritorio/mini_proyectos/modulosveri.sv Line: 185
    Warning (13013): Ports D and ENA on the latch are fed by the same signal rtl~117
Warning (13012): Latch DataMemory:dmem|ram[48][7] has unsafe behavior File: C:/Users/gomez/OneDrive/Escritorio/mini_proyectos/modulosveri.sv Line: 185
    Warning (13013): Ports D and ENA on the latch are fed by the same signal rtl~117
Warning (13012): Latch DataMemory:dmem|ram[52][7] has unsafe behavior File: C:/Users/gomez/OneDrive/Escritorio/mini_proyectos/modulosveri.sv Line: 185
    Warning (13013): Ports D and ENA on the latch are fed by the same signal rtl~117
Warning (13012): Latch DataMemory:dmem|ram[56][7] has unsafe behavior File: C:/Users/gomez/OneDrive/Escritorio/mini_proyectos/modulosveri.sv Line: 185
    Warning (13013): Ports D and ENA on the latch are fed by the same signal rtl~117
Warning (13012): Latch DataMemory:dmem|ram[60][7] has unsafe behavior File: C:/Users/gomez/OneDrive/Escritorio/mini_proyectos/modulosveri.sv Line: 185
    Warning (13013): Ports D and ENA on the latch are fed by the same signal rtl~117
Warning (13012): Latch DataMemory:dmem|ram[1][7] has unsafe behavior File: C:/Users/gomez/OneDrive/Escritorio/mini_proyectos/modulosveri.sv Line: 185
    Warning (13013): Ports D and ENA on the latch are fed by the same signal rtl~117
Warning (13012): Latch DataMemory:dmem|ram[5][7] has unsafe behavior File: C:/Users/gomez/OneDrive/Escritorio/mini_proyectos/modulosveri.sv Line: 185
    Warning (13013): Ports D and ENA on the latch are fed by the same signal rtl~117
Warning (13012): Latch DataMemory:dmem|ram[9][7] has unsafe behavior File: C:/Users/gomez/OneDrive/Escritorio/mini_proyectos/modulosveri.sv Line: 185
    Warning (13013): Ports D and ENA on the latch are fed by the same signal rtl~117
Warning (13012): Latch DataMemory:dmem|ram[13][7] has unsafe behavior File: C:/Users/gomez/OneDrive/Escritorio/mini_proyectos/modulosveri.sv Line: 185
    Warning (13013): Ports D and ENA on the latch are fed by the same signal rtl~117
Warning (13012): Latch DataMemory:dmem|ram[17][7] has unsafe behavior File: C:/Users/gomez/OneDrive/Escritorio/mini_proyectos/modulosveri.sv Line: 185
    Warning (13013): Ports D and ENA on the latch are fed by the same signal rtl~117
Warning (13012): Latch DataMemory:dmem|ram[21][7] has unsafe behavior File: C:/Users/gomez/OneDrive/Escritorio/mini_proyectos/modulosveri.sv Line: 185
    Warning (13013): Ports D and ENA on the latch are fed by the same signal rtl~117
Warning (13012): Latch DataMemory:dmem|ram[25][7] has unsafe behavior File: C:/Users/gomez/OneDrive/Escritorio/mini_proyectos/modulosveri.sv Line: 185
    Warning (13013): Ports D and ENA on the latch are fed by the same signal rtl~117
Warning (13012): Latch DataMemory:dmem|ram[29][7] has unsafe behavior File: C:/Users/gomez/OneDrive/Escritorio/mini_proyectos/modulosveri.sv Line: 185
    Warning (13013): Ports D and ENA on the latch are fed by the same signal rtl~117
Warning (13012): Latch DataMemory:dmem|ram[33][7] has unsafe behavior File: C:/Users/gomez/OneDrive/Escritorio/mini_proyectos/modulosveri.sv Line: 185
    Warning (13013): Ports D and ENA on the latch are fed by the same signal rtl~117
Warning (13012): Latch DataMemory:dmem|ram[37][7] has unsafe behavior File: C:/Users/gomez/OneDrive/Escritorio/mini_proyectos/modulosveri.sv Line: 185
    Warning (13013): Ports D and ENA on the latch are fed by the same signal rtl~117
Warning (13012): Latch DataMemory:dmem|ram[41][7] has unsafe behavior File: C:/Users/gomez/OneDrive/Escritorio/mini_proyectos/modulosveri.sv Line: 185
    Warning (13013): Ports D and ENA on the latch are fed by the same signal rtl~117
Warning (13012): Latch DataMemory:dmem|ram[45][7] has unsafe behavior File: C:/Users/gomez/OneDrive/Escritorio/mini_proyectos/modulosveri.sv Line: 185
    Warning (13013): Ports D and ENA on the latch are fed by the same signal rtl~117
Warning (13012): Latch DataMemory:dmem|ram[49][7] has unsafe behavior File: C:/Users/gomez/OneDrive/Escritorio/mini_proyectos/modulosveri.sv Line: 185
    Warning (13013): Ports D and ENA on the latch are fed by the same signal rtl~117
Warning (13012): Latch DataMemory:dmem|ram[53][7] has unsafe behavior File: C:/Users/gomez/OneDrive/Escritorio/mini_proyectos/modulosveri.sv Line: 185
    Warning (13013): Ports D and ENA on the latch are fed by the same signal rtl~117
Warning (13012): Latch DataMemory:dmem|ram[57][7] has unsafe behavior File: C:/Users/gomez/OneDrive/Escritorio/mini_proyectos/modulosveri.sv Line: 185
    Warning (13013): Ports D and ENA on the latch are fed by the same signal rtl~117
Warning (13012): Latch DataMemory:dmem|ram[61][7] has unsafe behavior File: C:/Users/gomez/OneDrive/Escritorio/mini_proyectos/modulosveri.sv Line: 185
    Warning (13013): Ports D and ENA on the latch are fed by the same signal rtl~117
Warning (13012): Latch DataMemory:dmem|ram[2][7] has unsafe behavior File: C:/Users/gomez/OneDrive/Escritorio/mini_proyectos/modulosveri.sv Line: 185
    Warning (13013): Ports D and ENA on the latch are fed by the same signal rtl~117
Warning (13012): Latch DataMemory:dmem|ram[6][7] has unsafe behavior File: C:/Users/gomez/OneDrive/Escritorio/mini_proyectos/modulosveri.sv Line: 185
    Warning (13013): Ports D and ENA on the latch are fed by the same signal rtl~117
Warning (13012): Latch DataMemory:dmem|ram[10][7] has unsafe behavior File: C:/Users/gomez/OneDrive/Escritorio/mini_proyectos/modulosveri.sv Line: 185
    Warning (13013): Ports D and ENA on the latch are fed by the same signal rtl~117
Warning (13012): Latch DataMemory:dmem|ram[14][7] has unsafe behavior File: C:/Users/gomez/OneDrive/Escritorio/mini_proyectos/modulosveri.sv Line: 185
    Warning (13013): Ports D and ENA on the latch are fed by the same signal rtl~117
Warning (13012): Latch DataMemory:dmem|ram[18][7] has unsafe behavior File: C:/Users/gomez/OneDrive/Escritorio/mini_proyectos/modulosveri.sv Line: 185
    Warning (13013): Ports D and ENA on the latch are fed by the same signal rtl~117
Warning (13012): Latch DataMemory:dmem|ram[22][7] has unsafe behavior File: C:/Users/gomez/OneDrive/Escritorio/mini_proyectos/modulosveri.sv Line: 185
    Warning (13013): Ports D and ENA on the latch are fed by the same signal rtl~117
Warning (13012): Latch DataMemory:dmem|ram[26][7] has unsafe behavior File: C:/Users/gomez/OneDrive/Escritorio/mini_proyectos/modulosveri.sv Line: 185
    Warning (13013): Ports D and ENA on the latch are fed by the same signal rtl~117
Warning (13012): Latch DataMemory:dmem|ram[30][7] has unsafe behavior File: C:/Users/gomez/OneDrive/Escritorio/mini_proyectos/modulosveri.sv Line: 185
    Warning (13013): Ports D and ENA on the latch are fed by the same signal rtl~117
Warning (13012): Latch DataMemory:dmem|ram[34][7] has unsafe behavior File: C:/Users/gomez/OneDrive/Escritorio/mini_proyectos/modulosveri.sv Line: 185
    Warning (13013): Ports D and ENA on the latch are fed by the same signal rtl~117
Warning (13012): Latch DataMemory:dmem|ram[38][7] has unsafe behavior File: C:/Users/gomez/OneDrive/Escritorio/mini_proyectos/modulosveri.sv Line: 185
    Warning (13013): Ports D and ENA on the latch are fed by the same signal rtl~117
Warning (13012): Latch DataMemory:dmem|ram[42][7] has unsafe behavior File: C:/Users/gomez/OneDrive/Escritorio/mini_proyectos/modulosveri.sv Line: 185
    Warning (13013): Ports D and ENA on the latch are fed by the same signal rtl~117
Warning (13012): Latch DataMemory:dmem|ram[46][7] has unsafe behavior File: C:/Users/gomez/OneDrive/Escritorio/mini_proyectos/modulosveri.sv Line: 185
    Warning (13013): Ports D and ENA on the latch are fed by the same signal rtl~117
Warning (13012): Latch DataMemory:dmem|ram[50][7] has unsafe behavior File: C:/Users/gomez/OneDrive/Escritorio/mini_proyectos/modulosveri.sv Line: 185
    Warning (13013): Ports D and ENA on the latch are fed by the same signal rtl~117
Warning (13012): Latch DataMemory:dmem|ram[54][7] has unsafe behavior File: C:/Users/gomez/OneDrive/Escritorio/mini_proyectos/modulosveri.sv Line: 185
    Warning (13013): Ports D and ENA on the latch are fed by the same signal rtl~117
Warning (13012): Latch DataMemory:dmem|ram[58][7] has unsafe behavior File: C:/Users/gomez/OneDrive/Escritorio/mini_proyectos/modulosveri.sv Line: 185
    Warning (13013): Ports D and ENA on the latch are fed by the same signal rtl~117
Warning (13012): Latch DataMemory:dmem|ram[62][7] has unsafe behavior File: C:/Users/gomez/OneDrive/Escritorio/mini_proyectos/modulosveri.sv Line: 185
    Warning (13013): Ports D and ENA on the latch are fed by the same signal rtl~117
Warning (13012): Latch DataMemory:dmem|ram[3][7] has unsafe behavior File: C:/Users/gomez/OneDrive/Escritorio/mini_proyectos/modulosveri.sv Line: 185
    Warning (13013): Ports D and ENA on the latch are fed by the same signal rtl~117
Warning (13012): Latch DataMemory:dmem|ram[19][7] has unsafe behavior File: C:/Users/gomez/OneDrive/Escritorio/mini_proyectos/modulosveri.sv Line: 185
    Warning (13013): Ports D and ENA on the latch are fed by the same signal rtl~117
Warning (13012): Latch DataMemory:dmem|ram[35][7] has unsafe behavior File: C:/Users/gomez/OneDrive/Escritorio/mini_proyectos/modulosveri.sv Line: 185
    Warning (13013): Ports D and ENA on the latch are fed by the same signal rtl~117
Warning (13012): Latch DataMemory:dmem|ram[51][7] has unsafe behavior File: C:/Users/gomez/OneDrive/Escritorio/mini_proyectos/modulosveri.sv Line: 185
    Warning (13013): Ports D and ENA on the latch are fed by the same signal rtl~117
Warning (13012): Latch DataMemory:dmem|ram[7][7] has unsafe behavior File: C:/Users/gomez/OneDrive/Escritorio/mini_proyectos/modulosveri.sv Line: 185
    Warning (13013): Ports D and ENA on the latch are fed by the same signal rtl~117
Warning (13012): Latch DataMemory:dmem|ram[23][7] has unsafe behavior File: C:/Users/gomez/OneDrive/Escritorio/mini_proyectos/modulosveri.sv Line: 185
    Warning (13013): Ports D and ENA on the latch are fed by the same signal rtl~117
Warning (13012): Latch DataMemory:dmem|ram[39][7] has unsafe behavior File: C:/Users/gomez/OneDrive/Escritorio/mini_proyectos/modulosveri.sv Line: 185
    Warning (13013): Ports D and ENA on the latch are fed by the same signal rtl~117
Warning (13012): Latch DataMemory:dmem|ram[55][7] has unsafe behavior File: C:/Users/gomez/OneDrive/Escritorio/mini_proyectos/modulosveri.sv Line: 185
    Warning (13013): Ports D and ENA on the latch are fed by the same signal rtl~117
Warning (13012): Latch DataMemory:dmem|ram[11][7] has unsafe behavior File: C:/Users/gomez/OneDrive/Escritorio/mini_proyectos/modulosveri.sv Line: 185
    Warning (13013): Ports D and ENA on the latch are fed by the same signal rtl~117
Warning (13012): Latch DataMemory:dmem|ram[27][7] has unsafe behavior File: C:/Users/gomez/OneDrive/Escritorio/mini_proyectos/modulosveri.sv Line: 185
    Warning (13013): Ports D and ENA on the latch are fed by the same signal rtl~117
Warning (13012): Latch DataMemory:dmem|ram[43][7] has unsafe behavior File: C:/Users/gomez/OneDrive/Escritorio/mini_proyectos/modulosveri.sv Line: 185
    Warning (13013): Ports D and ENA on the latch are fed by the same signal rtl~117
Warning (13012): Latch DataMemory:dmem|ram[59][7] has unsafe behavior File: C:/Users/gomez/OneDrive/Escritorio/mini_proyectos/modulosveri.sv Line: 185
    Warning (13013): Ports D and ENA on the latch are fed by the same signal rtl~117
Warning (13012): Latch DataMemory:dmem|ram[15][7] has unsafe behavior File: C:/Users/gomez/OneDrive/Escritorio/mini_proyectos/modulosveri.sv Line: 185
    Warning (13013): Ports D and ENA on the latch are fed by the same signal rtl~117
Warning (13012): Latch DataMemory:dmem|ram[31][7] has unsafe behavior File: C:/Users/gomez/OneDrive/Escritorio/mini_proyectos/modulosveri.sv Line: 185
    Warning (13013): Ports D and ENA on the latch are fed by the same signal rtl~117
Warning (13012): Latch DataMemory:dmem|ram[47][7] has unsafe behavior File: C:/Users/gomez/OneDrive/Escritorio/mini_proyectos/modulosveri.sv Line: 185
    Warning (13013): Ports D and ENA on the latch are fed by the same signal rtl~117
Warning (13012): Latch DataMemory:dmem|ram[63][7] has unsafe behavior File: C:/Users/gomez/OneDrive/Escritorio/mini_proyectos/modulosveri.sv Line: 185
    Warning (13013): Ports D and ENA on the latch are fed by the same signal rtl~117
Warning (13012): Latch DataMemory:dmem|ram[64][7] has unsafe behavior File: C:/Users/gomez/OneDrive/Escritorio/mini_proyectos/modulosveri.sv Line: 185
    Warning (13013): Ports D and ENA on the latch are fed by the same signal rtl~117
Warning (13012): Latch DataMemory:dmem|ram[65][7] has unsafe behavior File: C:/Users/gomez/OneDrive/Escritorio/mini_proyectos/modulosveri.sv Line: 185
    Warning (13013): Ports D and ENA on the latch are fed by the same signal rtl~117
Warning (13012): Latch DataMemory:dmem|ram[66][7] has unsafe behavior File: C:/Users/gomez/OneDrive/Escritorio/mini_proyectos/modulosveri.sv Line: 185
    Warning (13013): Ports D and ENA on the latch are fed by the same signal rtl~117
Warning (13012): Latch DataMemory:dmem|ram[67][7] has unsafe behavior File: C:/Users/gomez/OneDrive/Escritorio/mini_proyectos/modulosveri.sv Line: 185
    Warning (13013): Ports D and ENA on the latch are fed by the same signal rtl~117
Warning (13012): Latch DataMemory:dmem|ram[68][7] has unsafe behavior File: C:/Users/gomez/OneDrive/Escritorio/mini_proyectos/modulosveri.sv Line: 185
    Warning (13013): Ports D and ENA on the latch are fed by the same signal rtl~117
Warning (13012): Latch DataMemory:dmem|ram[69][7] has unsafe behavior File: C:/Users/gomez/OneDrive/Escritorio/mini_proyectos/modulosveri.sv Line: 185
    Warning (13013): Ports D and ENA on the latch are fed by the same signal rtl~117
Warning (13012): Latch DataMemory:dmem|ram[70][7] has unsafe behavior File: C:/Users/gomez/OneDrive/Escritorio/mini_proyectos/modulosveri.sv Line: 185
    Warning (13013): Ports D and ENA on the latch are fed by the same signal rtl~117
Warning (13012): Latch DataMemory:dmem|ram[71][7] has unsafe behavior File: C:/Users/gomez/OneDrive/Escritorio/mini_proyectos/modulosveri.sv Line: 185
    Warning (13013): Ports D and ENA on the latch are fed by the same signal rtl~117
Warning (13012): Latch DataMemory:dmem|ram[72][7] has unsafe behavior File: C:/Users/gomez/OneDrive/Escritorio/mini_proyectos/modulosveri.sv Line: 185
    Warning (13013): Ports D and ENA on the latch are fed by the same signal rtl~117
Warning (13012): Latch DataMemory:dmem|ram[73][7] has unsafe behavior File: C:/Users/gomez/OneDrive/Escritorio/mini_proyectos/modulosveri.sv Line: 185
    Warning (13013): Ports D and ENA on the latch are fed by the same signal rtl~117
Warning (13012): Latch DataMemory:dmem|ram[74][7] has unsafe behavior File: C:/Users/gomez/OneDrive/Escritorio/mini_proyectos/modulosveri.sv Line: 185
    Warning (13013): Ports D and ENA on the latch are fed by the same signal rtl~117
Warning (13012): Latch DataMemory:dmem|ram[75][7] has unsafe behavior File: C:/Users/gomez/OneDrive/Escritorio/mini_proyectos/modulosveri.sv Line: 185
    Warning (13013): Ports D and ENA on the latch are fed by the same signal rtl~117
Warning (13012): Latch DataMemory:dmem|ram[76][7] has unsafe behavior File: C:/Users/gomez/OneDrive/Escritorio/mini_proyectos/modulosveri.sv Line: 185
    Warning (13013): Ports D and ENA on the latch are fed by the same signal rtl~117
Warning (13012): Latch DataMemory:dmem|ram[77][7] has unsafe behavior File: C:/Users/gomez/OneDrive/Escritorio/mini_proyectos/modulosveri.sv Line: 185
    Warning (13013): Ports D and ENA on the latch are fed by the same signal rtl~117
Warning (13012): Latch DataMemory:dmem|ram[78][7] has unsafe behavior File: C:/Users/gomez/OneDrive/Escritorio/mini_proyectos/modulosveri.sv Line: 185
    Warning (13013): Ports D and ENA on the latch are fed by the same signal rtl~117
Warning (13012): Latch DataMemory:dmem|ram[79][7] has unsafe behavior File: C:/Users/gomez/OneDrive/Escritorio/mini_proyectos/modulosveri.sv Line: 185
    Warning (13013): Ports D and ENA on the latch are fed by the same signal rtl~117
Warning (13012): Latch DataMemory:dmem|ram[80][7] has unsafe behavior File: C:/Users/gomez/OneDrive/Escritorio/mini_proyectos/modulosveri.sv Line: 185
    Warning (13013): Ports D and ENA on the latch are fed by the same signal rtl~117
Warning (13012): Latch DataMemory:dmem|ram[81][7] has unsafe behavior File: C:/Users/gomez/OneDrive/Escritorio/mini_proyectos/modulosveri.sv Line: 185
    Warning (13013): Ports D and ENA on the latch are fed by the same signal rtl~117
Warning (13012): Latch DataMemory:dmem|ram[82][7] has unsafe behavior File: C:/Users/gomez/OneDrive/Escritorio/mini_proyectos/modulosveri.sv Line: 185
    Warning (13013): Ports D and ENA on the latch are fed by the same signal rtl~117
Warning (13012): Latch DataMemory:dmem|ram[83][7] has unsafe behavior File: C:/Users/gomez/OneDrive/Escritorio/mini_proyectos/modulosveri.sv Line: 185
    Warning (13013): Ports D and ENA on the latch are fed by the same signal rtl~117
Warning (13012): Latch DataMemory:dmem|ram[84][7] has unsafe behavior File: C:/Users/gomez/OneDrive/Escritorio/mini_proyectos/modulosveri.sv Line: 185
    Warning (13013): Ports D and ENA on the latch are fed by the same signal rtl~117
Warning (13012): Latch DataMemory:dmem|ram[85][7] has unsafe behavior File: C:/Users/gomez/OneDrive/Escritorio/mini_proyectos/modulosveri.sv Line: 185
    Warning (13013): Ports D and ENA on the latch are fed by the same signal rtl~117
Warning (13012): Latch DataMemory:dmem|ram[86][7] has unsafe behavior File: C:/Users/gomez/OneDrive/Escritorio/mini_proyectos/modulosveri.sv Line: 185
    Warning (13013): Ports D and ENA on the latch are fed by the same signal rtl~117
Warning (13012): Latch DataMemory:dmem|ram[87][7] has unsafe behavior File: C:/Users/gomez/OneDrive/Escritorio/mini_proyectos/modulosveri.sv Line: 185
    Warning (13013): Ports D and ENA on the latch are fed by the same signal rtl~117
Warning (13012): Latch DataMemory:dmem|ram[88][7] has unsafe behavior File: C:/Users/gomez/OneDrive/Escritorio/mini_proyectos/modulosveri.sv Line: 185
    Warning (13013): Ports D and ENA on the latch are fed by the same signal rtl~117
Warning (13012): Latch DataMemory:dmem|ram[89][7] has unsafe behavior File: C:/Users/gomez/OneDrive/Escritorio/mini_proyectos/modulosveri.sv Line: 185
    Warning (13013): Ports D and ENA on the latch are fed by the same signal rtl~117
Warning (13012): Latch DataMemory:dmem|ram[90][7] has unsafe behavior File: C:/Users/gomez/OneDrive/Escritorio/mini_proyectos/modulosveri.sv Line: 185
    Warning (13013): Ports D and ENA on the latch are fed by the same signal rtl~117
Warning (13012): Latch DataMemory:dmem|ram[91][7] has unsafe behavior File: C:/Users/gomez/OneDrive/Escritorio/mini_proyectos/modulosveri.sv Line: 185
    Warning (13013): Ports D and ENA on the latch are fed by the same signal rtl~117
Warning (13012): Latch DataMemory:dmem|ram[92][7] has unsafe behavior File: C:/Users/gomez/OneDrive/Escritorio/mini_proyectos/modulosveri.sv Line: 185
    Warning (13013): Ports D and ENA on the latch are fed by the same signal rtl~117
Warning (13012): Latch DataMemory:dmem|ram[93][7] has unsafe behavior File: C:/Users/gomez/OneDrive/Escritorio/mini_proyectos/modulosveri.sv Line: 185
    Warning (13013): Ports D and ENA on the latch are fed by the same signal rtl~117
Warning (13012): Latch DataMemory:dmem|ram[94][7] has unsafe behavior File: C:/Users/gomez/OneDrive/Escritorio/mini_proyectos/modulosveri.sv Line: 185
    Warning (13013): Ports D and ENA on the latch are fed by the same signal rtl~117
Warning (13012): Latch DataMemory:dmem|ram[95][7] has unsafe behavior File: C:/Users/gomez/OneDrive/Escritorio/mini_proyectos/modulosveri.sv Line: 185
    Warning (13013): Ports D and ENA on the latch are fed by the same signal rtl~117
Warning (13012): Latch DataMemory:dmem|ram[96][7] has unsafe behavior File: C:/Users/gomez/OneDrive/Escritorio/mini_proyectos/modulosveri.sv Line: 185
    Warning (13013): Ports D and ENA on the latch are fed by the same signal rtl~117
Warning (13012): Latch DataMemory:dmem|ram[100][7] has unsafe behavior File: C:/Users/gomez/OneDrive/Escritorio/mini_proyectos/modulosveri.sv Line: 185
    Warning (13013): Ports D and ENA on the latch are fed by the same signal rtl~117
Warning (13012): Latch DataMemory:dmem|ram[104][7] has unsafe behavior File: C:/Users/gomez/OneDrive/Escritorio/mini_proyectos/modulosveri.sv Line: 185
    Warning (13013): Ports D and ENA on the latch are fed by the same signal rtl~117
Warning (13012): Latch DataMemory:dmem|ram[108][7] has unsafe behavior File: C:/Users/gomez/OneDrive/Escritorio/mini_proyectos/modulosveri.sv Line: 185
    Warning (13013): Ports D and ENA on the latch are fed by the same signal rtl~117
Warning (13012): Latch DataMemory:dmem|ram[97][7] has unsafe behavior File: C:/Users/gomez/OneDrive/Escritorio/mini_proyectos/modulosveri.sv Line: 185
    Warning (13013): Ports D and ENA on the latch are fed by the same signal rtl~117
Warning (13012): Latch DataMemory:dmem|ram[101][7] has unsafe behavior File: C:/Users/gomez/OneDrive/Escritorio/mini_proyectos/modulosveri.sv Line: 185
    Warning (13013): Ports D and ENA on the latch are fed by the same signal rtl~117
Warning (13012): Latch DataMemory:dmem|ram[105][7] has unsafe behavior File: C:/Users/gomez/OneDrive/Escritorio/mini_proyectos/modulosveri.sv Line: 185
    Warning (13013): Ports D and ENA on the latch are fed by the same signal rtl~117
Warning (13012): Latch DataMemory:dmem|ram[109][7] has unsafe behavior File: C:/Users/gomez/OneDrive/Escritorio/mini_proyectos/modulosveri.sv Line: 185
    Warning (13013): Ports D and ENA on the latch are fed by the same signal rtl~117
Warning (13012): Latch DataMemory:dmem|ram[98][7] has unsafe behavior File: C:/Users/gomez/OneDrive/Escritorio/mini_proyectos/modulosveri.sv Line: 185
    Warning (13013): Ports D and ENA on the latch are fed by the same signal rtl~117
Warning (13012): Latch DataMemory:dmem|ram[102][7] has unsafe behavior File: C:/Users/gomez/OneDrive/Escritorio/mini_proyectos/modulosveri.sv Line: 185
    Warning (13013): Ports D and ENA on the latch are fed by the same signal rtl~117
Warning (13012): Latch DataMemory:dmem|ram[106][7] has unsafe behavior File: C:/Users/gomez/OneDrive/Escritorio/mini_proyectos/modulosveri.sv Line: 185
    Warning (13013): Ports D and ENA on the latch are fed by the same signal rtl~117
Warning (13012): Latch DataMemory:dmem|ram[110][7] has unsafe behavior File: C:/Users/gomez/OneDrive/Escritorio/mini_proyectos/modulosveri.sv Line: 185
    Warning (13013): Ports D and ENA on the latch are fed by the same signal rtl~117
Warning (13012): Latch DataMemory:dmem|ram[99][7] has unsafe behavior File: C:/Users/gomez/OneDrive/Escritorio/mini_proyectos/modulosveri.sv Line: 185
    Warning (13013): Ports D and ENA on the latch are fed by the same signal rtl~117
Warning (13012): Latch DataMemory:dmem|ram[103][7] has unsafe behavior File: C:/Users/gomez/OneDrive/Escritorio/mini_proyectos/modulosveri.sv Line: 185
    Warning (13013): Ports D and ENA on the latch are fed by the same signal rtl~117
Warning (13012): Latch DataMemory:dmem|ram[107][7] has unsafe behavior File: C:/Users/gomez/OneDrive/Escritorio/mini_proyectos/modulosveri.sv Line: 185
    Warning (13013): Ports D and ENA on the latch are fed by the same signal rtl~117
Warning (13012): Latch DataMemory:dmem|ram[111][7] has unsafe behavior File: C:/Users/gomez/OneDrive/Escritorio/mini_proyectos/modulosveri.sv Line: 185
    Warning (13013): Ports D and ENA on the latch are fed by the same signal rtl~117
Warning (13012): Latch DataMemory:dmem|ram[112][7] has unsafe behavior File: C:/Users/gomez/OneDrive/Escritorio/mini_proyectos/modulosveri.sv Line: 185
    Warning (13013): Ports D and ENA on the latch are fed by the same signal rtl~117
Warning (13012): Latch DataMemory:dmem|ram[113][7] has unsafe behavior File: C:/Users/gomez/OneDrive/Escritorio/mini_proyectos/modulosveri.sv Line: 185
    Warning (13013): Ports D and ENA on the latch are fed by the same signal rtl~117
Warning (13012): Latch DataMemory:dmem|ram[114][7] has unsafe behavior File: C:/Users/gomez/OneDrive/Escritorio/mini_proyectos/modulosveri.sv Line: 185
    Warning (13013): Ports D and ENA on the latch are fed by the same signal rtl~117
Warning (13012): Latch DataMemory:dmem|ram[115][7] has unsafe behavior File: C:/Users/gomez/OneDrive/Escritorio/mini_proyectos/modulosveri.sv Line: 185
    Warning (13013): Ports D and ENA on the latch are fed by the same signal rtl~117
Warning (13012): Latch DataMemory:dmem|ram[116][7] has unsafe behavior File: C:/Users/gomez/OneDrive/Escritorio/mini_proyectos/modulosveri.sv Line: 185
    Warning (13013): Ports D and ENA on the latch are fed by the same signal rtl~117
Warning (13012): Latch DataMemory:dmem|ram[117][7] has unsafe behavior File: C:/Users/gomez/OneDrive/Escritorio/mini_proyectos/modulosveri.sv Line: 185
    Warning (13013): Ports D and ENA on the latch are fed by the same signal rtl~117
Warning (13012): Latch DataMemory:dmem|ram[118][7] has unsafe behavior File: C:/Users/gomez/OneDrive/Escritorio/mini_proyectos/modulosveri.sv Line: 185
    Warning (13013): Ports D and ENA on the latch are fed by the same signal rtl~117
Warning (13012): Latch DataMemory:dmem|ram[119][7] has unsafe behavior File: C:/Users/gomez/OneDrive/Escritorio/mini_proyectos/modulosveri.sv Line: 185
    Warning (13013): Ports D and ENA on the latch are fed by the same signal rtl~117
Warning (13012): Latch DataMemory:dmem|ram[120][7] has unsafe behavior File: C:/Users/gomez/OneDrive/Escritorio/mini_proyectos/modulosveri.sv Line: 185
    Warning (13013): Ports D and ENA on the latch are fed by the same signal rtl~117
Warning (13012): Latch DataMemory:dmem|ram[121][7] has unsafe behavior File: C:/Users/gomez/OneDrive/Escritorio/mini_proyectos/modulosveri.sv Line: 185
    Warning (13013): Ports D and ENA on the latch are fed by the same signal rtl~117
Warning (13012): Latch DataMemory:dmem|ram[122][7] has unsafe behavior File: C:/Users/gomez/OneDrive/Escritorio/mini_proyectos/modulosveri.sv Line: 185
    Warning (13013): Ports D and ENA on the latch are fed by the same signal rtl~117
Warning (13012): Latch DataMemory:dmem|ram[123][7] has unsafe behavior File: C:/Users/gomez/OneDrive/Escritorio/mini_proyectos/modulosveri.sv Line: 185
    Warning (13013): Ports D and ENA on the latch are fed by the same signal rtl~117
Warning (13012): Latch DataMemory:dmem|ram[124][7] has unsafe behavior File: C:/Users/gomez/OneDrive/Escritorio/mini_proyectos/modulosveri.sv Line: 185
    Warning (13013): Ports D and ENA on the latch are fed by the same signal rtl~117
Warning (13012): Latch DataMemory:dmem|ram[125][7] has unsafe behavior File: C:/Users/gomez/OneDrive/Escritorio/mini_proyectos/modulosveri.sv Line: 185
    Warning (13013): Ports D and ENA on the latch are fed by the same signal rtl~117
Warning (13012): Latch DataMemory:dmem|ram[126][7] has unsafe behavior File: C:/Users/gomez/OneDrive/Escritorio/mini_proyectos/modulosveri.sv Line: 185
    Warning (13013): Ports D and ENA on the latch are fed by the same signal rtl~117
Warning (13012): Latch DataMemory:dmem|ram[127][7] has unsafe behavior File: C:/Users/gomez/OneDrive/Escritorio/mini_proyectos/modulosveri.sv Line: 185
    Warning (13013): Ports D and ENA on the latch are fed by the same signal rtl~117
Warning (13012): Latch DataMemory:dmem|ram[128][7] has unsafe behavior File: C:/Users/gomez/OneDrive/Escritorio/mini_proyectos/modulosveri.sv Line: 185
    Warning (13013): Ports D and ENA on the latch are fed by the same signal rtl~117
Warning (13012): Latch DataMemory:dmem|ram[144][7] has unsafe behavior File: C:/Users/gomez/OneDrive/Escritorio/mini_proyectos/modulosveri.sv Line: 185
    Warning (13013): Ports D and ENA on the latch are fed by the same signal rtl~117
Warning (13012): Latch DataMemory:dmem|ram[160][7] has unsafe behavior File: C:/Users/gomez/OneDrive/Escritorio/mini_proyectos/modulosveri.sv Line: 185
    Warning (13013): Ports D and ENA on the latch are fed by the same signal rtl~117
Warning (13012): Latch DataMemory:dmem|ram[176][7] has unsafe behavior File: C:/Users/gomez/OneDrive/Escritorio/mini_proyectos/modulosveri.sv Line: 185
    Warning (13013): Ports D and ENA on the latch are fed by the same signal rtl~117
Warning (13012): Latch DataMemory:dmem|ram[129][7] has unsafe behavior File: C:/Users/gomez/OneDrive/Escritorio/mini_proyectos/modulosveri.sv Line: 185
    Warning (13013): Ports D and ENA on the latch are fed by the same signal rtl~117
Warning (13012): Latch DataMemory:dmem|ram[145][7] has unsafe behavior File: C:/Users/gomez/OneDrive/Escritorio/mini_proyectos/modulosveri.sv Line: 185
    Warning (13013): Ports D and ENA on the latch are fed by the same signal rtl~117
Warning (13012): Latch DataMemory:dmem|ram[161][7] has unsafe behavior File: C:/Users/gomez/OneDrive/Escritorio/mini_proyectos/modulosveri.sv Line: 185
    Warning (13013): Ports D and ENA on the latch are fed by the same signal rtl~117
Warning (13012): Latch DataMemory:dmem|ram[177][7] has unsafe behavior File: C:/Users/gomez/OneDrive/Escritorio/mini_proyectos/modulosveri.sv Line: 185
    Warning (13013): Ports D and ENA on the latch are fed by the same signal rtl~117
Warning (13012): Latch DataMemory:dmem|ram[130][7] has unsafe behavior File: C:/Users/gomez/OneDrive/Escritorio/mini_proyectos/modulosveri.sv Line: 185
    Warning (13013): Ports D and ENA on the latch are fed by the same signal rtl~117
Warning (13012): Latch DataMemory:dmem|ram[146][7] has unsafe behavior File: C:/Users/gomez/OneDrive/Escritorio/mini_proyectos/modulosveri.sv Line: 185
    Warning (13013): Ports D and ENA on the latch are fed by the same signal rtl~117
Warning (13012): Latch DataMemory:dmem|ram[162][7] has unsafe behavior File: C:/Users/gomez/OneDrive/Escritorio/mini_proyectos/modulosveri.sv Line: 185
    Warning (13013): Ports D and ENA on the latch are fed by the same signal rtl~117
Warning (13012): Latch DataMemory:dmem|ram[178][7] has unsafe behavior File: C:/Users/gomez/OneDrive/Escritorio/mini_proyectos/modulosveri.sv Line: 185
    Warning (13013): Ports D and ENA on the latch are fed by the same signal rtl~117
Warning (13012): Latch DataMemory:dmem|ram[131][7] has unsafe behavior File: C:/Users/gomez/OneDrive/Escritorio/mini_proyectos/modulosveri.sv Line: 185
    Warning (13013): Ports D and ENA on the latch are fed by the same signal rtl~117
Warning (13012): Latch DataMemory:dmem|ram[147][7] has unsafe behavior File: C:/Users/gomez/OneDrive/Escritorio/mini_proyectos/modulosveri.sv Line: 185
    Warning (13013): Ports D and ENA on the latch are fed by the same signal rtl~117
Warning (13012): Latch DataMemory:dmem|ram[163][7] has unsafe behavior File: C:/Users/gomez/OneDrive/Escritorio/mini_proyectos/modulosveri.sv Line: 185
    Warning (13013): Ports D and ENA on the latch are fed by the same signal rtl~117
Warning (13012): Latch DataMemory:dmem|ram[179][7] has unsafe behavior File: C:/Users/gomez/OneDrive/Escritorio/mini_proyectos/modulosveri.sv Line: 185
    Warning (13013): Ports D and ENA on the latch are fed by the same signal rtl~117
Warning (13012): Latch DataMemory:dmem|ram[132][7] has unsafe behavior File: C:/Users/gomez/OneDrive/Escritorio/mini_proyectos/modulosveri.sv Line: 185
    Warning (13013): Ports D and ENA on the latch are fed by the same signal rtl~117
Warning (13012): Latch DataMemory:dmem|ram[148][7] has unsafe behavior File: C:/Users/gomez/OneDrive/Escritorio/mini_proyectos/modulosveri.sv Line: 185
    Warning (13013): Ports D and ENA on the latch are fed by the same signal rtl~117
Warning (13012): Latch DataMemory:dmem|ram[164][7] has unsafe behavior File: C:/Users/gomez/OneDrive/Escritorio/mini_proyectos/modulosveri.sv Line: 185
    Warning (13013): Ports D and ENA on the latch are fed by the same signal rtl~117
Warning (13012): Latch DataMemory:dmem|ram[180][7] has unsafe behavior File: C:/Users/gomez/OneDrive/Escritorio/mini_proyectos/modulosveri.sv Line: 185
    Warning (13013): Ports D and ENA on the latch are fed by the same signal rtl~117
Warning (13012): Latch DataMemory:dmem|ram[133][7] has unsafe behavior File: C:/Users/gomez/OneDrive/Escritorio/mini_proyectos/modulosveri.sv Line: 185
    Warning (13013): Ports D and ENA on the latch are fed by the same signal rtl~117
Warning (13012): Latch DataMemory:dmem|ram[149][7] has unsafe behavior File: C:/Users/gomez/OneDrive/Escritorio/mini_proyectos/modulosveri.sv Line: 185
    Warning (13013): Ports D and ENA on the latch are fed by the same signal rtl~117
Warning (13012): Latch DataMemory:dmem|ram[165][7] has unsafe behavior File: C:/Users/gomez/OneDrive/Escritorio/mini_proyectos/modulosveri.sv Line: 185
    Warning (13013): Ports D and ENA on the latch are fed by the same signal rtl~117
Warning (13012): Latch DataMemory:dmem|ram[181][7] has unsafe behavior File: C:/Users/gomez/OneDrive/Escritorio/mini_proyectos/modulosveri.sv Line: 185
    Warning (13013): Ports D and ENA on the latch are fed by the same signal rtl~117
Warning (13012): Latch DataMemory:dmem|ram[134][7] has unsafe behavior File: C:/Users/gomez/OneDrive/Escritorio/mini_proyectos/modulosveri.sv Line: 185
    Warning (13013): Ports D and ENA on the latch are fed by the same signal rtl~117
Warning (13012): Latch DataMemory:dmem|ram[150][7] has unsafe behavior File: C:/Users/gomez/OneDrive/Escritorio/mini_proyectos/modulosveri.sv Line: 185
    Warning (13013): Ports D and ENA on the latch are fed by the same signal rtl~117
Warning (13012): Latch DataMemory:dmem|ram[166][7] has unsafe behavior File: C:/Users/gomez/OneDrive/Escritorio/mini_proyectos/modulosveri.sv Line: 185
    Warning (13013): Ports D and ENA on the latch are fed by the same signal rtl~117
Warning (13012): Latch DataMemory:dmem|ram[182][7] has unsafe behavior File: C:/Users/gomez/OneDrive/Escritorio/mini_proyectos/modulosveri.sv Line: 185
    Warning (13013): Ports D and ENA on the latch are fed by the same signal rtl~117
Warning (13012): Latch DataMemory:dmem|ram[135][7] has unsafe behavior File: C:/Users/gomez/OneDrive/Escritorio/mini_proyectos/modulosveri.sv Line: 185
    Warning (13013): Ports D and ENA on the latch are fed by the same signal rtl~117
Warning (13012): Latch DataMemory:dmem|ram[151][7] has unsafe behavior File: C:/Users/gomez/OneDrive/Escritorio/mini_proyectos/modulosveri.sv Line: 185
    Warning (13013): Ports D and ENA on the latch are fed by the same signal rtl~117
Warning (13012): Latch DataMemory:dmem|ram[167][7] has unsafe behavior File: C:/Users/gomez/OneDrive/Escritorio/mini_proyectos/modulosveri.sv Line: 185
    Warning (13013): Ports D and ENA on the latch are fed by the same signal rtl~117
Warning (13012): Latch DataMemory:dmem|ram[183][7] has unsafe behavior File: C:/Users/gomez/OneDrive/Escritorio/mini_proyectos/modulosveri.sv Line: 185
    Warning (13013): Ports D and ENA on the latch are fed by the same signal rtl~117
Warning (13012): Latch DataMemory:dmem|ram[136][7] has unsafe behavior File: C:/Users/gomez/OneDrive/Escritorio/mini_proyectos/modulosveri.sv Line: 185
    Warning (13013): Ports D and ENA on the latch are fed by the same signal rtl~117
Warning (13012): Latch DataMemory:dmem|ram[152][7] has unsafe behavior File: C:/Users/gomez/OneDrive/Escritorio/mini_proyectos/modulosveri.sv Line: 185
    Warning (13013): Ports D and ENA on the latch are fed by the same signal rtl~117
Warning (13012): Latch DataMemory:dmem|ram[168][7] has unsafe behavior File: C:/Users/gomez/OneDrive/Escritorio/mini_proyectos/modulosveri.sv Line: 185
    Warning (13013): Ports D and ENA on the latch are fed by the same signal rtl~117
Warning (13012): Latch DataMemory:dmem|ram[184][7] has unsafe behavior File: C:/Users/gomez/OneDrive/Escritorio/mini_proyectos/modulosveri.sv Line: 185
    Warning (13013): Ports D and ENA on the latch are fed by the same signal rtl~117
Warning (13012): Latch DataMemory:dmem|ram[137][7] has unsafe behavior File: C:/Users/gomez/OneDrive/Escritorio/mini_proyectos/modulosveri.sv Line: 185
    Warning (13013): Ports D and ENA on the latch are fed by the same signal rtl~117
Warning (13012): Latch DataMemory:dmem|ram[153][7] has unsafe behavior File: C:/Users/gomez/OneDrive/Escritorio/mini_proyectos/modulosveri.sv Line: 185
    Warning (13013): Ports D and ENA on the latch are fed by the same signal rtl~117
Warning (13012): Latch DataMemory:dmem|ram[169][7] has unsafe behavior File: C:/Users/gomez/OneDrive/Escritorio/mini_proyectos/modulosveri.sv Line: 185
    Warning (13013): Ports D and ENA on the latch are fed by the same signal rtl~117
Warning (13012): Latch DataMemory:dmem|ram[185][7] has unsafe behavior File: C:/Users/gomez/OneDrive/Escritorio/mini_proyectos/modulosveri.sv Line: 185
    Warning (13013): Ports D and ENA on the latch are fed by the same signal rtl~117
Warning (13012): Latch DataMemory:dmem|ram[138][7] has unsafe behavior File: C:/Users/gomez/OneDrive/Escritorio/mini_proyectos/modulosveri.sv Line: 185
    Warning (13013): Ports D and ENA on the latch are fed by the same signal rtl~117
Warning (13012): Latch DataMemory:dmem|ram[154][7] has unsafe behavior File: C:/Users/gomez/OneDrive/Escritorio/mini_proyectos/modulosveri.sv Line: 185
    Warning (13013): Ports D and ENA on the latch are fed by the same signal rtl~117
Warning (13012): Latch DataMemory:dmem|ram[170][7] has unsafe behavior File: C:/Users/gomez/OneDrive/Escritorio/mini_proyectos/modulosveri.sv Line: 185
    Warning (13013): Ports D and ENA on the latch are fed by the same signal rtl~117
Warning (13012): Latch DataMemory:dmem|ram[186][7] has unsafe behavior File: C:/Users/gomez/OneDrive/Escritorio/mini_proyectos/modulosveri.sv Line: 185
    Warning (13013): Ports D and ENA on the latch are fed by the same signal rtl~117
Warning (13012): Latch DataMemory:dmem|ram[139][7] has unsafe behavior File: C:/Users/gomez/OneDrive/Escritorio/mini_proyectos/modulosveri.sv Line: 185
    Warning (13013): Ports D and ENA on the latch are fed by the same signal rtl~117
Warning (13012): Latch DataMemory:dmem|ram[155][7] has unsafe behavior File: C:/Users/gomez/OneDrive/Escritorio/mini_proyectos/modulosveri.sv Line: 185
    Warning (13013): Ports D and ENA on the latch are fed by the same signal rtl~117
Warning (13012): Latch DataMemory:dmem|ram[171][7] has unsafe behavior File: C:/Users/gomez/OneDrive/Escritorio/mini_proyectos/modulosveri.sv Line: 185
    Warning (13013): Ports D and ENA on the latch are fed by the same signal rtl~117
Warning (13012): Latch DataMemory:dmem|ram[187][7] has unsafe behavior File: C:/Users/gomez/OneDrive/Escritorio/mini_proyectos/modulosveri.sv Line: 185
    Warning (13013): Ports D and ENA on the latch are fed by the same signal rtl~117
Warning (13012): Latch DataMemory:dmem|ram[140][7] has unsafe behavior File: C:/Users/gomez/OneDrive/Escritorio/mini_proyectos/modulosveri.sv Line: 185
    Warning (13013): Ports D and ENA on the latch are fed by the same signal rtl~117
Warning (13012): Latch DataMemory:dmem|ram[141][7] has unsafe behavior File: C:/Users/gomez/OneDrive/Escritorio/mini_proyectos/modulosveri.sv Line: 185
    Warning (13013): Ports D and ENA on the latch are fed by the same signal rtl~117
Warning (13012): Latch DataMemory:dmem|ram[142][7] has unsafe behavior File: C:/Users/gomez/OneDrive/Escritorio/mini_proyectos/modulosveri.sv Line: 185
    Warning (13013): Ports D and ENA on the latch are fed by the same signal rtl~117
Warning (13012): Latch DataMemory:dmem|ram[143][7] has unsafe behavior File: C:/Users/gomez/OneDrive/Escritorio/mini_proyectos/modulosveri.sv Line: 185
    Warning (13013): Ports D and ENA on the latch are fed by the same signal rtl~117
Warning (13012): Latch DataMemory:dmem|ram[156][7] has unsafe behavior File: C:/Users/gomez/OneDrive/Escritorio/mini_proyectos/modulosveri.sv Line: 185
    Warning (13013): Ports D and ENA on the latch are fed by the same signal rtl~117
Warning (13012): Latch DataMemory:dmem|ram[157][7] has unsafe behavior File: C:/Users/gomez/OneDrive/Escritorio/mini_proyectos/modulosveri.sv Line: 185
    Warning (13013): Ports D and ENA on the latch are fed by the same signal rtl~117
Warning (13012): Latch DataMemory:dmem|ram[158][7] has unsafe behavior File: C:/Users/gomez/OneDrive/Escritorio/mini_proyectos/modulosveri.sv Line: 185
    Warning (13013): Ports D and ENA on the latch are fed by the same signal rtl~117
Warning (13012): Latch DataMemory:dmem|ram[159][7] has unsafe behavior File: C:/Users/gomez/OneDrive/Escritorio/mini_proyectos/modulosveri.sv Line: 185
    Warning (13013): Ports D and ENA on the latch are fed by the same signal rtl~117
Warning (13012): Latch DataMemory:dmem|ram[172][7] has unsafe behavior File: C:/Users/gomez/OneDrive/Escritorio/mini_proyectos/modulosveri.sv Line: 185
    Warning (13013): Ports D and ENA on the latch are fed by the same signal rtl~117
Warning (13012): Latch DataMemory:dmem|ram[173][7] has unsafe behavior File: C:/Users/gomez/OneDrive/Escritorio/mini_proyectos/modulosveri.sv Line: 185
    Warning (13013): Ports D and ENA on the latch are fed by the same signal rtl~117
Warning (13012): Latch DataMemory:dmem|ram[174][7] has unsafe behavior File: C:/Users/gomez/OneDrive/Escritorio/mini_proyectos/modulosveri.sv Line: 185
    Warning (13013): Ports D and ENA on the latch are fed by the same signal rtl~117
Warning (13012): Latch DataMemory:dmem|ram[175][7] has unsafe behavior File: C:/Users/gomez/OneDrive/Escritorio/mini_proyectos/modulosveri.sv Line: 185
    Warning (13013): Ports D and ENA on the latch are fed by the same signal rtl~117
Warning (13012): Latch DataMemory:dmem|ram[188][7] has unsafe behavior File: C:/Users/gomez/OneDrive/Escritorio/mini_proyectos/modulosveri.sv Line: 185
    Warning (13013): Ports D and ENA on the latch are fed by the same signal rtl~117
Warning (13012): Latch DataMemory:dmem|ram[189][7] has unsafe behavior File: C:/Users/gomez/OneDrive/Escritorio/mini_proyectos/modulosveri.sv Line: 185
    Warning (13013): Ports D and ENA on the latch are fed by the same signal rtl~117
Warning (13012): Latch DataMemory:dmem|ram[190][7] has unsafe behavior File: C:/Users/gomez/OneDrive/Escritorio/mini_proyectos/modulosveri.sv Line: 185
    Warning (13013): Ports D and ENA on the latch are fed by the same signal rtl~117
Warning (13012): Latch DataMemory:dmem|ram[191][7] has unsafe behavior File: C:/Users/gomez/OneDrive/Escritorio/mini_proyectos/modulosveri.sv Line: 185
    Warning (13013): Ports D and ENA on the latch are fed by the same signal rtl~117
Warning (13012): Latch DataMemory:dmem|ram[128][6] has unsafe behavior File: C:/Users/gomez/OneDrive/Escritorio/mini_proyectos/modulosveri.sv Line: 185
    Warning (13013): Ports D and ENA on the latch are fed by the same signal rtl~117
Warning (13012): Latch DataMemory:dmem|ram[129][6] has unsafe behavior File: C:/Users/gomez/OneDrive/Escritorio/mini_proyectos/modulosveri.sv Line: 185
    Warning (13013): Ports D and ENA on the latch are fed by the same signal rtl~117
Warning (13012): Latch DataMemory:dmem|ram[130][6] has unsafe behavior File: C:/Users/gomez/OneDrive/Escritorio/mini_proyectos/modulosveri.sv Line: 185
    Warning (13013): Ports D and ENA on the latch are fed by the same signal rtl~117
Warning (13012): Latch DataMemory:dmem|ram[131][6] has unsafe behavior File: C:/Users/gomez/OneDrive/Escritorio/mini_proyectos/modulosveri.sv Line: 185
    Warning (13013): Ports D and ENA on the latch are fed by the same signal rtl~117
Warning (13012): Latch DataMemory:dmem|ram[144][6] has unsafe behavior File: C:/Users/gomez/OneDrive/Escritorio/mini_proyectos/modulosveri.sv Line: 185
    Warning (13013): Ports D and ENA on the latch are fed by the same signal rtl~117
Warning (13012): Latch DataMemory:dmem|ram[145][6] has unsafe behavior File: C:/Users/gomez/OneDrive/Escritorio/mini_proyectos/modulosveri.sv Line: 185
    Warning (13013): Ports D and ENA on the latch are fed by the same signal rtl~117
Warning (13012): Latch DataMemory:dmem|ram[146][6] has unsafe behavior File: C:/Users/gomez/OneDrive/Escritorio/mini_proyectos/modulosveri.sv Line: 185
    Warning (13013): Ports D and ENA on the latch are fed by the same signal rtl~117
Warning (13012): Latch DataMemory:dmem|ram[147][6] has unsafe behavior File: C:/Users/gomez/OneDrive/Escritorio/mini_proyectos/modulosveri.sv Line: 185
    Warning (13013): Ports D and ENA on the latch are fed by the same signal rtl~117
Warning (13012): Latch DataMemory:dmem|ram[160][6] has unsafe behavior File: C:/Users/gomez/OneDrive/Escritorio/mini_proyectos/modulosveri.sv Line: 185
    Warning (13013): Ports D and ENA on the latch are fed by the same signal rtl~117
Warning (13012): Latch DataMemory:dmem|ram[161][6] has unsafe behavior File: C:/Users/gomez/OneDrive/Escritorio/mini_proyectos/modulosveri.sv Line: 185
    Warning (13013): Ports D and ENA on the latch are fed by the same signal rtl~117
Warning (13012): Latch DataMemory:dmem|ram[162][6] has unsafe behavior File: C:/Users/gomez/OneDrive/Escritorio/mini_proyectos/modulosveri.sv Line: 185
    Warning (13013): Ports D and ENA on the latch are fed by the same signal rtl~117
Warning (13012): Latch DataMemory:dmem|ram[163][6] has unsafe behavior File: C:/Users/gomez/OneDrive/Escritorio/mini_proyectos/modulosveri.sv Line: 185
    Warning (13013): Ports D and ENA on the latch are fed by the same signal rtl~117
Warning (13012): Latch DataMemory:dmem|ram[176][6] has unsafe behavior File: C:/Users/gomez/OneDrive/Escritorio/mini_proyectos/modulosveri.sv Line: 185
    Warning (13013): Ports D and ENA on the latch are fed by the same signal rtl~117
Warning (13012): Latch DataMemory:dmem|ram[177][6] has unsafe behavior File: C:/Users/gomez/OneDrive/Escritorio/mini_proyectos/modulosveri.sv Line: 185
    Warning (13013): Ports D and ENA on the latch are fed by the same signal rtl~117
Warning (13012): Latch DataMemory:dmem|ram[178][6] has unsafe behavior File: C:/Users/gomez/OneDrive/Escritorio/mini_proyectos/modulosveri.sv Line: 185
    Warning (13013): Ports D and ENA on the latch are fed by the same signal rtl~117
Warning (13012): Latch DataMemory:dmem|ram[179][6] has unsafe behavior File: C:/Users/gomez/OneDrive/Escritorio/mini_proyectos/modulosveri.sv Line: 185
    Warning (13013): Ports D and ENA on the latch are fed by the same signal rtl~117
Warning (13012): Latch DataMemory:dmem|ram[132][6] has unsafe behavior File: C:/Users/gomez/OneDrive/Escritorio/mini_proyectos/modulosveri.sv Line: 185
    Warning (13013): Ports D and ENA on the latch are fed by the same signal rtl~117
Warning (13012): Latch DataMemory:dmem|ram[133][6] has unsafe behavior File: C:/Users/gomez/OneDrive/Escritorio/mini_proyectos/modulosveri.sv Line: 185
    Warning (13013): Ports D and ENA on the latch are fed by the same signal rtl~117
Warning (13012): Latch DataMemory:dmem|ram[134][6] has unsafe behavior File: C:/Users/gomez/OneDrive/Escritorio/mini_proyectos/modulosveri.sv Line: 185
    Warning (13013): Ports D and ENA on the latch are fed by the same signal rtl~117
Warning (13012): Latch DataMemory:dmem|ram[135][6] has unsafe behavior File: C:/Users/gomez/OneDrive/Escritorio/mini_proyectos/modulosveri.sv Line: 185
    Warning (13013): Ports D and ENA on the latch are fed by the same signal rtl~117
Warning (13012): Latch DataMemory:dmem|ram[148][6] has unsafe behavior File: C:/Users/gomez/OneDrive/Escritorio/mini_proyectos/modulosveri.sv Line: 185
    Warning (13013): Ports D and ENA on the latch are fed by the same signal rtl~117
Warning (13012): Latch DataMemory:dmem|ram[149][6] has unsafe behavior File: C:/Users/gomez/OneDrive/Escritorio/mini_proyectos/modulosveri.sv Line: 185
    Warning (13013): Ports D and ENA on the latch are fed by the same signal rtl~117
Warning (13012): Latch DataMemory:dmem|ram[150][6] has unsafe behavior File: C:/Users/gomez/OneDrive/Escritorio/mini_proyectos/modulosveri.sv Line: 185
    Warning (13013): Ports D and ENA on the latch are fed by the same signal rtl~117
Warning (13012): Latch DataMemory:dmem|ram[151][6] has unsafe behavior File: C:/Users/gomez/OneDrive/Escritorio/mini_proyectos/modulosveri.sv Line: 185
    Warning (13013): Ports D and ENA on the latch are fed by the same signal rtl~117
Warning (13012): Latch DataMemory:dmem|ram[164][6] has unsafe behavior File: C:/Users/gomez/OneDrive/Escritorio/mini_proyectos/modulosveri.sv Line: 185
    Warning (13013): Ports D and ENA on the latch are fed by the same signal rtl~117
Warning (13012): Latch DataMemory:dmem|ram[165][6] has unsafe behavior File: C:/Users/gomez/OneDrive/Escritorio/mini_proyectos/modulosveri.sv Line: 185
    Warning (13013): Ports D and ENA on the latch are fed by the same signal rtl~117
Warning (13012): Latch DataMemory:dmem|ram[166][6] has unsafe behavior File: C:/Users/gomez/OneDrive/Escritorio/mini_proyectos/modulosveri.sv Line: 185
    Warning (13013): Ports D and ENA on the latch are fed by the same signal rtl~117
Warning (13012): Latch DataMemory:dmem|ram[167][6] has unsafe behavior File: C:/Users/gomez/OneDrive/Escritorio/mini_proyectos/modulosveri.sv Line: 185
    Warning (13013): Ports D and ENA on the latch are fed by the same signal rtl~117
Warning (13012): Latch DataMemory:dmem|ram[180][6] has unsafe behavior File: C:/Users/gomez/OneDrive/Escritorio/mini_proyectos/modulosveri.sv Line: 185
    Warning (13013): Ports D and ENA on the latch are fed by the same signal rtl~117
Warning (13012): Latch DataMemory:dmem|ram[181][6] has unsafe behavior File: C:/Users/gomez/OneDrive/Escritorio/mini_proyectos/modulosveri.sv Line: 185
    Warning (13013): Ports D and ENA on the latch are fed by the same signal rtl~117
Warning (13012): Latch DataMemory:dmem|ram[182][6] has unsafe behavior File: C:/Users/gomez/OneDrive/Escritorio/mini_proyectos/modulosveri.sv Line: 185
    Warning (13013): Ports D and ENA on the latch are fed by the same signal rtl~117
Warning (13012): Latch DataMemory:dmem|ram[183][6] has unsafe behavior File: C:/Users/gomez/OneDrive/Escritorio/mini_proyectos/modulosveri.sv Line: 185
    Warning (13013): Ports D and ENA on the latch are fed by the same signal rtl~117
Warning (13012): Latch DataMemory:dmem|ram[136][6] has unsafe behavior File: C:/Users/gomez/OneDrive/Escritorio/mini_proyectos/modulosveri.sv Line: 185
    Warning (13013): Ports D and ENA on the latch are fed by the same signal rtl~117
Warning (13012): Latch DataMemory:dmem|ram[137][6] has unsafe behavior File: C:/Users/gomez/OneDrive/Escritorio/mini_proyectos/modulosveri.sv Line: 185
    Warning (13013): Ports D and ENA on the latch are fed by the same signal rtl~117
Warning (13012): Latch DataMemory:dmem|ram[138][6] has unsafe behavior File: C:/Users/gomez/OneDrive/Escritorio/mini_proyectos/modulosveri.sv Line: 185
    Warning (13013): Ports D and ENA on the latch are fed by the same signal rtl~117
Warning (13012): Latch DataMemory:dmem|ram[139][6] has unsafe behavior File: C:/Users/gomez/OneDrive/Escritorio/mini_proyectos/modulosveri.sv Line: 185
    Warning (13013): Ports D and ENA on the latch are fed by the same signal rtl~117
Warning (13012): Latch DataMemory:dmem|ram[152][6] has unsafe behavior File: C:/Users/gomez/OneDrive/Escritorio/mini_proyectos/modulosveri.sv Line: 185
    Warning (13013): Ports D and ENA on the latch are fed by the same signal rtl~117
Warning (13012): Latch DataMemory:dmem|ram[153][6] has unsafe behavior File: C:/Users/gomez/OneDrive/Escritorio/mini_proyectos/modulosveri.sv Line: 185
    Warning (13013): Ports D and ENA on the latch are fed by the same signal rtl~117
Warning (13012): Latch DataMemory:dmem|ram[154][6] has unsafe behavior File: C:/Users/gomez/OneDrive/Escritorio/mini_proyectos/modulosveri.sv Line: 185
    Warning (13013): Ports D and ENA on the latch are fed by the same signal rtl~117
Warning (13012): Latch DataMemory:dmem|ram[155][6] has unsafe behavior File: C:/Users/gomez/OneDrive/Escritorio/mini_proyectos/modulosveri.sv Line: 185
    Warning (13013): Ports D and ENA on the latch are fed by the same signal rtl~117
Warning (13012): Latch DataMemory:dmem|ram[168][6] has unsafe behavior File: C:/Users/gomez/OneDrive/Escritorio/mini_proyectos/modulosveri.sv Line: 185
    Warning (13013): Ports D and ENA on the latch are fed by the same signal rtl~117
Warning (13012): Latch DataMemory:dmem|ram[169][6] has unsafe behavior File: C:/Users/gomez/OneDrive/Escritorio/mini_proyectos/modulosveri.sv Line: 185
    Warning (13013): Ports D and ENA on the latch are fed by the same signal rtl~117
Warning (13012): Latch DataMemory:dmem|ram[170][6] has unsafe behavior File: C:/Users/gomez/OneDrive/Escritorio/mini_proyectos/modulosveri.sv Line: 185
    Warning (13013): Ports D and ENA on the latch are fed by the same signal rtl~117
Warning (13012): Latch DataMemory:dmem|ram[171][6] has unsafe behavior File: C:/Users/gomez/OneDrive/Escritorio/mini_proyectos/modulosveri.sv Line: 185
    Warning (13013): Ports D and ENA on the latch are fed by the same signal rtl~117
Warning (13012): Latch DataMemory:dmem|ram[184][6] has unsafe behavior File: C:/Users/gomez/OneDrive/Escritorio/mini_proyectos/modulosveri.sv Line: 185
    Warning (13013): Ports D and ENA on the latch are fed by the same signal rtl~117
Warning (13012): Latch DataMemory:dmem|ram[185][6] has unsafe behavior File: C:/Users/gomez/OneDrive/Escritorio/mini_proyectos/modulosveri.sv Line: 185
    Warning (13013): Ports D and ENA on the latch are fed by the same signal rtl~117
Warning (13012): Latch DataMemory:dmem|ram[186][6] has unsafe behavior File: C:/Users/gomez/OneDrive/Escritorio/mini_proyectos/modulosveri.sv Line: 185
    Warning (13013): Ports D and ENA on the latch are fed by the same signal rtl~117
Warning (13012): Latch DataMemory:dmem|ram[187][6] has unsafe behavior File: C:/Users/gomez/OneDrive/Escritorio/mini_proyectos/modulosveri.sv Line: 185
    Warning (13013): Ports D and ENA on the latch are fed by the same signal rtl~117
Warning (13012): Latch DataMemory:dmem|ram[140][6] has unsafe behavior File: C:/Users/gomez/OneDrive/Escritorio/mini_proyectos/modulosveri.sv Line: 185
    Warning (13013): Ports D and ENA on the latch are fed by the same signal rtl~117
Warning (13012): Latch DataMemory:dmem|ram[141][6] has unsafe behavior File: C:/Users/gomez/OneDrive/Escritorio/mini_proyectos/modulosveri.sv Line: 185
    Warning (13013): Ports D and ENA on the latch are fed by the same signal rtl~117
Warning (13012): Latch DataMemory:dmem|ram[142][6] has unsafe behavior File: C:/Users/gomez/OneDrive/Escritorio/mini_proyectos/modulosveri.sv Line: 185
    Warning (13013): Ports D and ENA on the latch are fed by the same signal rtl~117
Warning (13012): Latch DataMemory:dmem|ram[143][6] has unsafe behavior File: C:/Users/gomez/OneDrive/Escritorio/mini_proyectos/modulosveri.sv Line: 185
    Warning (13013): Ports D and ENA on the latch are fed by the same signal rtl~117
Warning (13012): Latch DataMemory:dmem|ram[156][6] has unsafe behavior File: C:/Users/gomez/OneDrive/Escritorio/mini_proyectos/modulosveri.sv Line: 185
    Warning (13013): Ports D and ENA on the latch are fed by the same signal rtl~117
Warning (13012): Latch DataMemory:dmem|ram[157][6] has unsafe behavior File: C:/Users/gomez/OneDrive/Escritorio/mini_proyectos/modulosveri.sv Line: 185
    Warning (13013): Ports D and ENA on the latch are fed by the same signal rtl~117
Warning (13012): Latch DataMemory:dmem|ram[158][6] has unsafe behavior File: C:/Users/gomez/OneDrive/Escritorio/mini_proyectos/modulosveri.sv Line: 185
    Warning (13013): Ports D and ENA on the latch are fed by the same signal rtl~117
Warning (13012): Latch DataMemory:dmem|ram[159][6] has unsafe behavior File: C:/Users/gomez/OneDrive/Escritorio/mini_proyectos/modulosveri.sv Line: 185
    Warning (13013): Ports D and ENA on the latch are fed by the same signal rtl~117
Warning (13012): Latch DataMemory:dmem|ram[172][6] has unsafe behavior File: C:/Users/gomez/OneDrive/Escritorio/mini_proyectos/modulosveri.sv Line: 185
    Warning (13013): Ports D and ENA on the latch are fed by the same signal rtl~117
Warning (13012): Latch DataMemory:dmem|ram[173][6] has unsafe behavior File: C:/Users/gomez/OneDrive/Escritorio/mini_proyectos/modulosveri.sv Line: 185
    Warning (13013): Ports D and ENA on the latch are fed by the same signal rtl~117
Warning (13012): Latch DataMemory:dmem|ram[174][6] has unsafe behavior File: C:/Users/gomez/OneDrive/Escritorio/mini_proyectos/modulosveri.sv Line: 185
    Warning (13013): Ports D and ENA on the latch are fed by the same signal rtl~117
Warning (13012): Latch DataMemory:dmem|ram[175][6] has unsafe behavior File: C:/Users/gomez/OneDrive/Escritorio/mini_proyectos/modulosveri.sv Line: 185
    Warning (13013): Ports D and ENA on the latch are fed by the same signal rtl~117
Warning (13012): Latch DataMemory:dmem|ram[188][6] has unsafe behavior File: C:/Users/gomez/OneDrive/Escritorio/mini_proyectos/modulosveri.sv Line: 185
    Warning (13013): Ports D and ENA on the latch are fed by the same signal rtl~117
Warning (13012): Latch DataMemory:dmem|ram[189][6] has unsafe behavior File: C:/Users/gomez/OneDrive/Escritorio/mini_proyectos/modulosveri.sv Line: 185
    Warning (13013): Ports D and ENA on the latch are fed by the same signal rtl~117
Warning (13012): Latch DataMemory:dmem|ram[190][6] has unsafe behavior File: C:/Users/gomez/OneDrive/Escritorio/mini_proyectos/modulosveri.sv Line: 185
    Warning (13013): Ports D and ENA on the latch are fed by the same signal rtl~117
Warning (13012): Latch DataMemory:dmem|ram[191][6] has unsafe behavior File: C:/Users/gomez/OneDrive/Escritorio/mini_proyectos/modulosveri.sv Line: 185
    Warning (13013): Ports D and ENA on the latch are fed by the same signal rtl~117
Warning (13012): Latch DataMemory:dmem|ram[200][6] has unsafe behavior File: C:/Users/gomez/OneDrive/Escritorio/mini_proyectos/modulosveri.sv Line: 185
    Warning (13013): Ports D and ENA on the latch are fed by the same signal rtl~117
Warning (13012): Latch DataMemory:dmem|ram[192][6] has unsafe behavior File: C:/Users/gomez/OneDrive/Escritorio/mini_proyectos/modulosveri.sv Line: 185
    Warning (13013): Ports D and ENA on the latch are fed by the same signal rtl~117
Warning (13012): Latch DataMemory:dmem|ram[193][6] has unsafe behavior File: C:/Users/gomez/OneDrive/Escritorio/mini_proyectos/modulosveri.sv Line: 185
    Warning (13013): Ports D and ENA on the latch are fed by the same signal rtl~117
Warning (13012): Latch DataMemory:dmem|ram[194][6] has unsafe behavior File: C:/Users/gomez/OneDrive/Escritorio/mini_proyectos/modulosveri.sv Line: 185
    Warning (13013): Ports D and ENA on the latch are fed by the same signal rtl~117
Warning (13012): Latch DataMemory:dmem|ram[195][6] has unsafe behavior File: C:/Users/gomez/OneDrive/Escritorio/mini_proyectos/modulosveri.sv Line: 185
    Warning (13013): Ports D and ENA on the latch are fed by the same signal rtl~117
Warning (13012): Latch DataMemory:dmem|ram[196][6] has unsafe behavior File: C:/Users/gomez/OneDrive/Escritorio/mini_proyectos/modulosveri.sv Line: 185
    Warning (13013): Ports D and ENA on the latch are fed by the same signal rtl~117
Warning (13012): Latch DataMemory:dmem|ram[197][6] has unsafe behavior File: C:/Users/gomez/OneDrive/Escritorio/mini_proyectos/modulosveri.sv Line: 185
    Warning (13013): Ports D and ENA on the latch are fed by the same signal rtl~117
Warning (13012): Latch DataMemory:dmem|ram[198][6] has unsafe behavior File: C:/Users/gomez/OneDrive/Escritorio/mini_proyectos/modulosveri.sv Line: 185
    Warning (13013): Ports D and ENA on the latch are fed by the same signal rtl~117
Warning (13012): Latch DataMemory:dmem|ram[199][6] has unsafe behavior File: C:/Users/gomez/OneDrive/Escritorio/mini_proyectos/modulosveri.sv Line: 185
    Warning (13013): Ports D and ENA on the latch are fed by the same signal rtl~117
Warning (13012): Latch DataMemory:dmem|ram[64][6] has unsafe behavior File: C:/Users/gomez/OneDrive/Escritorio/mini_proyectos/modulosveri.sv Line: 185
    Warning (13013): Ports D and ENA on the latch are fed by the same signal rtl~117
Warning (13012): Latch DataMemory:dmem|ram[68][6] has unsafe behavior File: C:/Users/gomez/OneDrive/Escritorio/mini_proyectos/modulosveri.sv Line: 185
    Warning (13013): Ports D and ENA on the latch are fed by the same signal rtl~117
Warning (13012): Latch DataMemory:dmem|ram[72][6] has unsafe behavior File: C:/Users/gomez/OneDrive/Escritorio/mini_proyectos/modulosveri.sv Line: 185
    Warning (13013): Ports D and ENA on the latch are fed by the same signal rtl~117
Warning (13012): Latch DataMemory:dmem|ram[76][6] has unsafe behavior File: C:/Users/gomez/OneDrive/Escritorio/mini_proyectos/modulosveri.sv Line: 185
    Warning (13013): Ports D and ENA on the latch are fed by the same signal rtl~117
Warning (13012): Latch DataMemory:dmem|ram[80][6] has unsafe behavior File: C:/Users/gomez/OneDrive/Escritorio/mini_proyectos/modulosveri.sv Line: 185
    Warning (13013): Ports D and ENA on the latch are fed by the same signal rtl~117
Warning (13012): Latch DataMemory:dmem|ram[84][6] has unsafe behavior File: C:/Users/gomez/OneDrive/Escritorio/mini_proyectos/modulosveri.sv Line: 185
    Warning (13013): Ports D and ENA on the latch are fed by the same signal rtl~117
Warning (13012): Latch DataMemory:dmem|ram[88][6] has unsafe behavior File: C:/Users/gomez/OneDrive/Escritorio/mini_proyectos/modulosveri.sv Line: 185
    Warning (13013): Ports D and ENA on the latch are fed by the same signal rtl~117
Warning (13012): Latch DataMemory:dmem|ram[92][6] has unsafe behavior File: C:/Users/gomez/OneDrive/Escritorio/mini_proyectos/modulosveri.sv Line: 185
    Warning (13013): Ports D and ENA on the latch are fed by the same signal rtl~117
Warning (13012): Latch DataMemory:dmem|ram[96][6] has unsafe behavior File: C:/Users/gomez/OneDrive/Escritorio/mini_proyectos/modulosveri.sv Line: 185
    Warning (13013): Ports D and ENA on the latch are fed by the same signal rtl~117
Warning (13012): Latch DataMemory:dmem|ram[100][6] has unsafe behavior File: C:/Users/gomez/OneDrive/Escritorio/mini_proyectos/modulosveri.sv Line: 185
    Warning (13013): Ports D and ENA on the latch are fed by the same signal rtl~117
Warning (13012): Latch DataMemory:dmem|ram[104][6] has unsafe behavior File: C:/Users/gomez/OneDrive/Escritorio/mini_proyectos/modulosveri.sv Line: 185
    Warning (13013): Ports D and ENA on the latch are fed by the same signal rtl~117
Warning (13012): Latch DataMemory:dmem|ram[108][6] has unsafe behavior File: C:/Users/gomez/OneDrive/Escritorio/mini_proyectos/modulosveri.sv Line: 185
    Warning (13013): Ports D and ENA on the latch are fed by the same signal rtl~117
Warning (13012): Latch DataMemory:dmem|ram[112][6] has unsafe behavior File: C:/Users/gomez/OneDrive/Escritorio/mini_proyectos/modulosveri.sv Line: 185
    Warning (13013): Ports D and ENA on the latch are fed by the same signal rtl~117
Warning (13012): Latch DataMemory:dmem|ram[116][6] has unsafe behavior File: C:/Users/gomez/OneDrive/Escritorio/mini_proyectos/modulosveri.sv Line: 185
    Warning (13013): Ports D and ENA on the latch are fed by the same signal rtl~117
Warning (13012): Latch DataMemory:dmem|ram[120][6] has unsafe behavior File: C:/Users/gomez/OneDrive/Escritorio/mini_proyectos/modulosveri.sv Line: 185
    Warning (13013): Ports D and ENA on the latch are fed by the same signal rtl~117
Warning (13012): Latch DataMemory:dmem|ram[124][6] has unsafe behavior File: C:/Users/gomez/OneDrive/Escritorio/mini_proyectos/modulosveri.sv Line: 185
    Warning (13013): Ports D and ENA on the latch are fed by the same signal rtl~117
Warning (13012): Latch DataMemory:dmem|ram[65][6] has unsafe behavior File: C:/Users/gomez/OneDrive/Escritorio/mini_proyectos/modulosveri.sv Line: 185
    Warning (13013): Ports D and ENA on the latch are fed by the same signal rtl~117
Warning (13012): Latch DataMemory:dmem|ram[81][6] has unsafe behavior File: C:/Users/gomez/OneDrive/Escritorio/mini_proyectos/modulosveri.sv Line: 185
    Warning (13013): Ports D and ENA on the latch are fed by the same signal rtl~117
Warning (13012): Latch DataMemory:dmem|ram[97][6] has unsafe behavior File: C:/Users/gomez/OneDrive/Escritorio/mini_proyectos/modulosveri.sv Line: 185
    Warning (13013): Ports D and ENA on the latch are fed by the same signal rtl~117
Warning (13012): Latch DataMemory:dmem|ram[113][6] has unsafe behavior File: C:/Users/gomez/OneDrive/Escritorio/mini_proyectos/modulosveri.sv Line: 185
    Warning (13013): Ports D and ENA on the latch are fed by the same signal rtl~117
Warning (13012): Latch DataMemory:dmem|ram[69][6] has unsafe behavior File: C:/Users/gomez/OneDrive/Escritorio/mini_proyectos/modulosveri.sv Line: 185
    Warning (13013): Ports D and ENA on the latch are fed by the same signal rtl~117
Warning (13012): Latch DataMemory:dmem|ram[85][6] has unsafe behavior File: C:/Users/gomez/OneDrive/Escritorio/mini_proyectos/modulosveri.sv Line: 185
    Warning (13013): Ports D and ENA on the latch are fed by the same signal rtl~117
Warning (13012): Latch DataMemory:dmem|ram[101][6] has unsafe behavior File: C:/Users/gomez/OneDrive/Escritorio/mini_proyectos/modulosveri.sv Line: 185
    Warning (13013): Ports D and ENA on the latch are fed by the same signal rtl~117
Warning (13012): Latch DataMemory:dmem|ram[117][6] has unsafe behavior File: C:/Users/gomez/OneDrive/Escritorio/mini_proyectos/modulosveri.sv Line: 185
    Warning (13013): Ports D and ENA on the latch are fed by the same signal rtl~117
Warning (13012): Latch DataMemory:dmem|ram[73][6] has unsafe behavior File: C:/Users/gomez/OneDrive/Escritorio/mini_proyectos/modulosveri.sv Line: 185
    Warning (13013): Ports D and ENA on the latch are fed by the same signal rtl~117
Warning (13012): Latch DataMemory:dmem|ram[89][6] has unsafe behavior File: C:/Users/gomez/OneDrive/Escritorio/mini_proyectos/modulosveri.sv Line: 185
    Warning (13013): Ports D and ENA on the latch are fed by the same signal rtl~117
Warning (13012): Latch DataMemory:dmem|ram[105][6] has unsafe behavior File: C:/Users/gomez/OneDrive/Escritorio/mini_proyectos/modulosveri.sv Line: 185
    Warning (13013): Ports D and ENA on the latch are fed by the same signal rtl~117
Warning (13012): Latch DataMemory:dmem|ram[121][6] has unsafe behavior File: C:/Users/gomez/OneDrive/Escritorio/mini_proyectos/modulosveri.sv Line: 185
    Warning (13013): Ports D and ENA on the latch are fed by the same signal rtl~117
Warning (13012): Latch DataMemory:dmem|ram[77][6] has unsafe behavior File: C:/Users/gomez/OneDrive/Escritorio/mini_proyectos/modulosveri.sv Line: 185
    Warning (13013): Ports D and ENA on the latch are fed by the same signal rtl~117
Warning (13012): Latch DataMemory:dmem|ram[93][6] has unsafe behavior File: C:/Users/gomez/OneDrive/Escritorio/mini_proyectos/modulosveri.sv Line: 185
    Warning (13013): Ports D and ENA on the latch are fed by the same signal rtl~117
Warning (13012): Latch DataMemory:dmem|ram[109][6] has unsafe behavior File: C:/Users/gomez/OneDrive/Escritorio/mini_proyectos/modulosveri.sv Line: 185
    Warning (13013): Ports D and ENA on the latch are fed by the same signal rtl~117
Warning (13012): Latch DataMemory:dmem|ram[125][6] has unsafe behavior File: C:/Users/gomez/OneDrive/Escritorio/mini_proyectos/modulosveri.sv Line: 185
    Warning (13013): Ports D and ENA on the latch are fed by the same signal rtl~117
Warning (13012): Latch DataMemory:dmem|ram[66][6] has unsafe behavior File: C:/Users/gomez/OneDrive/Escritorio/mini_proyectos/modulosveri.sv Line: 185
    Warning (13013): Ports D and ENA on the latch are fed by the same signal rtl~117
Warning (13012): Latch DataMemory:dmem|ram[70][6] has unsafe behavior File: C:/Users/gomez/OneDrive/Escritorio/mini_proyectos/modulosveri.sv Line: 185
    Warning (13013): Ports D and ENA on the latch are fed by the same signal rtl~117
Warning (13012): Latch DataMemory:dmem|ram[74][6] has unsafe behavior File: C:/Users/gomez/OneDrive/Escritorio/mini_proyectos/modulosveri.sv Line: 185
    Warning (13013): Ports D and ENA on the latch are fed by the same signal rtl~117
Warning (13012): Latch DataMemory:dmem|ram[78][6] has unsafe behavior File: C:/Users/gomez/OneDrive/Escritorio/mini_proyectos/modulosveri.sv Line: 185
    Warning (13013): Ports D and ENA on the latch are fed by the same signal rtl~117
Warning (13012): Latch DataMemory:dmem|ram[82][6] has unsafe behavior File: C:/Users/gomez/OneDrive/Escritorio/mini_proyectos/modulosveri.sv Line: 185
    Warning (13013): Ports D and ENA on the latch are fed by the same signal rtl~117
Warning (13012): Latch DataMemory:dmem|ram[86][6] has unsafe behavior File: C:/Users/gomez/OneDrive/Escritorio/mini_proyectos/modulosveri.sv Line: 185
    Warning (13013): Ports D and ENA on the latch are fed by the same signal rtl~117
Warning (13012): Latch DataMemory:dmem|ram[90][6] has unsafe behavior File: C:/Users/gomez/OneDrive/Escritorio/mini_proyectos/modulosveri.sv Line: 185
    Warning (13013): Ports D and ENA on the latch are fed by the same signal rtl~117
Warning (13012): Latch DataMemory:dmem|ram[94][6] has unsafe behavior File: C:/Users/gomez/OneDrive/Escritorio/mini_proyectos/modulosveri.sv Line: 185
    Warning (13013): Ports D and ENA on the latch are fed by the same signal rtl~117
Warning (13012): Latch DataMemory:dmem|ram[98][6] has unsafe behavior File: C:/Users/gomez/OneDrive/Escritorio/mini_proyectos/modulosveri.sv Line: 185
    Warning (13013): Ports D and ENA on the latch are fed by the same signal rtl~117
Warning (13012): Latch DataMemory:dmem|ram[102][6] has unsafe behavior File: C:/Users/gomez/OneDrive/Escritorio/mini_proyectos/modulosveri.sv Line: 185
    Warning (13013): Ports D and ENA on the latch are fed by the same signal rtl~117
Warning (13012): Latch DataMemory:dmem|ram[106][6] has unsafe behavior File: C:/Users/gomez/OneDrive/Escritorio/mini_proyectos/modulosveri.sv Line: 185
    Warning (13013): Ports D and ENA on the latch are fed by the same signal rtl~117
Warning (13012): Latch DataMemory:dmem|ram[110][6] has unsafe behavior File: C:/Users/gomez/OneDrive/Escritorio/mini_proyectos/modulosveri.sv Line: 185
    Warning (13013): Ports D and ENA on the latch are fed by the same signal rtl~117
Warning (13012): Latch DataMemory:dmem|ram[114][6] has unsafe behavior File: C:/Users/gomez/OneDrive/Escritorio/mini_proyectos/modulosveri.sv Line: 185
    Warning (13013): Ports D and ENA on the latch are fed by the same signal rtl~117
Warning (13012): Latch DataMemory:dmem|ram[118][6] has unsafe behavior File: C:/Users/gomez/OneDrive/Escritorio/mini_proyectos/modulosveri.sv Line: 185
    Warning (13013): Ports D and ENA on the latch are fed by the same signal rtl~117
Warning (13012): Latch DataMemory:dmem|ram[122][6] has unsafe behavior File: C:/Users/gomez/OneDrive/Escritorio/mini_proyectos/modulosveri.sv Line: 185
    Warning (13013): Ports D and ENA on the latch are fed by the same signal rtl~117
Warning (13012): Latch DataMemory:dmem|ram[126][6] has unsafe behavior File: C:/Users/gomez/OneDrive/Escritorio/mini_proyectos/modulosveri.sv Line: 185
    Warning (13013): Ports D and ENA on the latch are fed by the same signal rtl~117
Warning (13012): Latch DataMemory:dmem|ram[67][6] has unsafe behavior File: C:/Users/gomez/OneDrive/Escritorio/mini_proyectos/modulosveri.sv Line: 185
    Warning (13013): Ports D and ENA on the latch are fed by the same signal rtl~117
Warning (13012): Latch DataMemory:dmem|ram[83][6] has unsafe behavior File: C:/Users/gomez/OneDrive/Escritorio/mini_proyectos/modulosveri.sv Line: 185
    Warning (13013): Ports D and ENA on the latch are fed by the same signal rtl~117
Warning (13012): Latch DataMemory:dmem|ram[99][6] has unsafe behavior File: C:/Users/gomez/OneDrive/Escritorio/mini_proyectos/modulosveri.sv Line: 185
    Warning (13013): Ports D and ENA on the latch are fed by the same signal rtl~117
Warning (13012): Latch DataMemory:dmem|ram[115][6] has unsafe behavior File: C:/Users/gomez/OneDrive/Escritorio/mini_proyectos/modulosveri.sv Line: 185
    Warning (13013): Ports D and ENA on the latch are fed by the same signal rtl~117
Warning (13012): Latch DataMemory:dmem|ram[71][6] has unsafe behavior File: C:/Users/gomez/OneDrive/Escritorio/mini_proyectos/modulosveri.sv Line: 185
    Warning (13013): Ports D and ENA on the latch are fed by the same signal rtl~117
Warning (13012): Latch DataMemory:dmem|ram[87][6] has unsafe behavior File: C:/Users/gomez/OneDrive/Escritorio/mini_proyectos/modulosveri.sv Line: 185
    Warning (13013): Ports D and ENA on the latch are fed by the same signal rtl~117
Warning (13012): Latch DataMemory:dmem|ram[103][6] has unsafe behavior File: C:/Users/gomez/OneDrive/Escritorio/mini_proyectos/modulosveri.sv Line: 185
    Warning (13013): Ports D and ENA on the latch are fed by the same signal rtl~117
Warning (13012): Latch DataMemory:dmem|ram[119][6] has unsafe behavior File: C:/Users/gomez/OneDrive/Escritorio/mini_proyectos/modulosveri.sv Line: 185
    Warning (13013): Ports D and ENA on the latch are fed by the same signal rtl~117
Warning (13012): Latch DataMemory:dmem|ram[75][6] has unsafe behavior File: C:/Users/gomez/OneDrive/Escritorio/mini_proyectos/modulosveri.sv Line: 185
    Warning (13013): Ports D and ENA on the latch are fed by the same signal rtl~117
Warning (13012): Latch DataMemory:dmem|ram[91][6] has unsafe behavior File: C:/Users/gomez/OneDrive/Escritorio/mini_proyectos/modulosveri.sv Line: 185
    Warning (13013): Ports D and ENA on the latch are fed by the same signal rtl~117
Warning (13012): Latch DataMemory:dmem|ram[107][6] has unsafe behavior File: C:/Users/gomez/OneDrive/Escritorio/mini_proyectos/modulosveri.sv Line: 185
    Warning (13013): Ports D and ENA on the latch are fed by the same signal rtl~117
Warning (13012): Latch DataMemory:dmem|ram[123][6] has unsafe behavior File: C:/Users/gomez/OneDrive/Escritorio/mini_proyectos/modulosveri.sv Line: 185
    Warning (13013): Ports D and ENA on the latch are fed by the same signal rtl~117
Warning (13012): Latch DataMemory:dmem|ram[79][6] has unsafe behavior File: C:/Users/gomez/OneDrive/Escritorio/mini_proyectos/modulosveri.sv Line: 185
    Warning (13013): Ports D and ENA on the latch are fed by the same signal rtl~117
Warning (13012): Latch DataMemory:dmem|ram[95][6] has unsafe behavior File: C:/Users/gomez/OneDrive/Escritorio/mini_proyectos/modulosveri.sv Line: 185
    Warning (13013): Ports D and ENA on the latch are fed by the same signal rtl~117
Warning (13012): Latch DataMemory:dmem|ram[111][6] has unsafe behavior File: C:/Users/gomez/OneDrive/Escritorio/mini_proyectos/modulosveri.sv Line: 185
    Warning (13013): Ports D and ENA on the latch are fed by the same signal rtl~117
Warning (13012): Latch DataMemory:dmem|ram[127][6] has unsafe behavior File: C:/Users/gomez/OneDrive/Escritorio/mini_proyectos/modulosveri.sv Line: 185
    Warning (13013): Ports D and ENA on the latch are fed by the same signal rtl~117
Warning (13012): Latch DataMemory:dmem|ram[0][6] has unsafe behavior File: C:/Users/gomez/OneDrive/Escritorio/mini_proyectos/modulosveri.sv Line: 185
    Warning (13013): Ports D and ENA on the latch are fed by the same signal rtl~117
Warning (13012): Latch DataMemory:dmem|ram[4][6] has unsafe behavior File: C:/Users/gomez/OneDrive/Escritorio/mini_proyectos/modulosveri.sv Line: 185
    Warning (13013): Ports D and ENA on the latch are fed by the same signal rtl~117
Warning (13012): Latch DataMemory:dmem|ram[8][6] has unsafe behavior File: C:/Users/gomez/OneDrive/Escritorio/mini_proyectos/modulosveri.sv Line: 185
    Warning (13013): Ports D and ENA on the latch are fed by the same signal rtl~117
Warning (13012): Latch DataMemory:dmem|ram[12][6] has unsafe behavior File: C:/Users/gomez/OneDrive/Escritorio/mini_proyectos/modulosveri.sv Line: 185
    Warning (13013): Ports D and ENA on the latch are fed by the same signal rtl~117
Warning (13012): Latch DataMemory:dmem|ram[16][6] has unsafe behavior File: C:/Users/gomez/OneDrive/Escritorio/mini_proyectos/modulosveri.sv Line: 185
    Warning (13013): Ports D and ENA on the latch are fed by the same signal rtl~117
Warning (13012): Latch DataMemory:dmem|ram[20][6] has unsafe behavior File: C:/Users/gomez/OneDrive/Escritorio/mini_proyectos/modulosveri.sv Line: 185
    Warning (13013): Ports D and ENA on the latch are fed by the same signal rtl~117
Warning (13012): Latch DataMemory:dmem|ram[24][6] has unsafe behavior File: C:/Users/gomez/OneDrive/Escritorio/mini_proyectos/modulosveri.sv Line: 185
    Warning (13013): Ports D and ENA on the latch are fed by the same signal rtl~117
Warning (13012): Latch DataMemory:dmem|ram[28][6] has unsafe behavior File: C:/Users/gomez/OneDrive/Escritorio/mini_proyectos/modulosveri.sv Line: 185
    Warning (13013): Ports D and ENA on the latch are fed by the same signal rtl~117
Warning (13012): Latch DataMemory:dmem|ram[32][6] has unsafe behavior File: C:/Users/gomez/OneDrive/Escritorio/mini_proyectos/modulosveri.sv Line: 185
    Warning (13013): Ports D and ENA on the latch are fed by the same signal rtl~117
Warning (13012): Latch DataMemory:dmem|ram[36][6] has unsafe behavior File: C:/Users/gomez/OneDrive/Escritorio/mini_proyectos/modulosveri.sv Line: 185
    Warning (13013): Ports D and ENA on the latch are fed by the same signal rtl~117
Warning (13012): Latch DataMemory:dmem|ram[40][6] has unsafe behavior File: C:/Users/gomez/OneDrive/Escritorio/mini_proyectos/modulosveri.sv Line: 185
    Warning (13013): Ports D and ENA on the latch are fed by the same signal rtl~117
Warning (13012): Latch DataMemory:dmem|ram[44][6] has unsafe behavior File: C:/Users/gomez/OneDrive/Escritorio/mini_proyectos/modulosveri.sv Line: 185
    Warning (13013): Ports D and ENA on the latch are fed by the same signal rtl~117
Warning (13012): Latch DataMemory:dmem|ram[48][6] has unsafe behavior File: C:/Users/gomez/OneDrive/Escritorio/mini_proyectos/modulosveri.sv Line: 185
    Warning (13013): Ports D and ENA on the latch are fed by the same signal rtl~117
Warning (13012): Latch DataMemory:dmem|ram[52][6] has unsafe behavior File: C:/Users/gomez/OneDrive/Escritorio/mini_proyectos/modulosveri.sv Line: 185
    Warning (13013): Ports D and ENA on the latch are fed by the same signal rtl~117
Warning (13012): Latch DataMemory:dmem|ram[56][6] has unsafe behavior File: C:/Users/gomez/OneDrive/Escritorio/mini_proyectos/modulosveri.sv Line: 185
    Warning (13013): Ports D and ENA on the latch are fed by the same signal rtl~117
Warning (13012): Latch DataMemory:dmem|ram[60][6] has unsafe behavior File: C:/Users/gomez/OneDrive/Escritorio/mini_proyectos/modulosveri.sv Line: 185
    Warning (13013): Ports D and ENA on the latch are fed by the same signal rtl~117
Warning (13012): Latch DataMemory:dmem|ram[1][6] has unsafe behavior File: C:/Users/gomez/OneDrive/Escritorio/mini_proyectos/modulosveri.sv Line: 185
    Warning (13013): Ports D and ENA on the latch are fed by the same signal rtl~117
Warning (13012): Latch DataMemory:dmem|ram[17][6] has unsafe behavior File: C:/Users/gomez/OneDrive/Escritorio/mini_proyectos/modulosveri.sv Line: 185
    Warning (13013): Ports D and ENA on the latch are fed by the same signal rtl~117
Warning (13012): Latch DataMemory:dmem|ram[33][6] has unsafe behavior File: C:/Users/gomez/OneDrive/Escritorio/mini_proyectos/modulosveri.sv Line: 185
    Warning (13013): Ports D and ENA on the latch are fed by the same signal rtl~117
Warning (13012): Latch DataMemory:dmem|ram[49][6] has unsafe behavior File: C:/Users/gomez/OneDrive/Escritorio/mini_proyectos/modulosveri.sv Line: 185
    Warning (13013): Ports D and ENA on the latch are fed by the same signal rtl~117
Warning (13012): Latch DataMemory:dmem|ram[5][6] has unsafe behavior File: C:/Users/gomez/OneDrive/Escritorio/mini_proyectos/modulosveri.sv Line: 185
    Warning (13013): Ports D and ENA on the latch are fed by the same signal rtl~117
Warning (13012): Latch DataMemory:dmem|ram[21][6] has unsafe behavior File: C:/Users/gomez/OneDrive/Escritorio/mini_proyectos/modulosveri.sv Line: 185
    Warning (13013): Ports D and ENA on the latch are fed by the same signal rtl~117
Warning (13012): Latch DataMemory:dmem|ram[37][6] has unsafe behavior File: C:/Users/gomez/OneDrive/Escritorio/mini_proyectos/modulosveri.sv Line: 185
    Warning (13013): Ports D and ENA on the latch are fed by the same signal rtl~117
Warning (13012): Latch DataMemory:dmem|ram[53][6] has unsafe behavior File: C:/Users/gomez/OneDrive/Escritorio/mini_proyectos/modulosveri.sv Line: 185
    Warning (13013): Ports D and ENA on the latch are fed by the same signal rtl~117
Warning (13012): Latch DataMemory:dmem|ram[9][6] has unsafe behavior File: C:/Users/gomez/OneDrive/Escritorio/mini_proyectos/modulosveri.sv Line: 185
    Warning (13013): Ports D and ENA on the latch are fed by the same signal rtl~117
Warning (13012): Latch DataMemory:dmem|ram[25][6] has unsafe behavior File: C:/Users/gomez/OneDrive/Escritorio/mini_proyectos/modulosveri.sv Line: 185
    Warning (13013): Ports D and ENA on the latch are fed by the same signal rtl~117
Warning (13012): Latch DataMemory:dmem|ram[41][6] has unsafe behavior File: C:/Users/gomez/OneDrive/Escritorio/mini_proyectos/modulosveri.sv Line: 185
    Warning (13013): Ports D and ENA on the latch are fed by the same signal rtl~117
Warning (13012): Latch DataMemory:dmem|ram[57][6] has unsafe behavior File: C:/Users/gomez/OneDrive/Escritorio/mini_proyectos/modulosveri.sv Line: 185
    Warning (13013): Ports D and ENA on the latch are fed by the same signal rtl~117
Warning (13012): Latch DataMemory:dmem|ram[13][6] has unsafe behavior File: C:/Users/gomez/OneDrive/Escritorio/mini_proyectos/modulosveri.sv Line: 185
    Warning (13013): Ports D and ENA on the latch are fed by the same signal rtl~117
Warning (13012): Latch DataMemory:dmem|ram[29][6] has unsafe behavior File: C:/Users/gomez/OneDrive/Escritorio/mini_proyectos/modulosveri.sv Line: 185
    Warning (13013): Ports D and ENA on the latch are fed by the same signal rtl~117
Warning (13012): Latch DataMemory:dmem|ram[45][6] has unsafe behavior File: C:/Users/gomez/OneDrive/Escritorio/mini_proyectos/modulosveri.sv Line: 185
    Warning (13013): Ports D and ENA on the latch are fed by the same signal rtl~117
Warning (13012): Latch DataMemory:dmem|ram[61][6] has unsafe behavior File: C:/Users/gomez/OneDrive/Escritorio/mini_proyectos/modulosveri.sv Line: 185
    Warning (13013): Ports D and ENA on the latch are fed by the same signal rtl~117
Warning (13012): Latch DataMemory:dmem|ram[2][6] has unsafe behavior File: C:/Users/gomez/OneDrive/Escritorio/mini_proyectos/modulosveri.sv Line: 185
    Warning (13013): Ports D and ENA on the latch are fed by the same signal rtl~117
Warning (13012): Latch DataMemory:dmem|ram[6][6] has unsafe behavior File: C:/Users/gomez/OneDrive/Escritorio/mini_proyectos/modulosveri.sv Line: 185
    Warning (13013): Ports D and ENA on the latch are fed by the same signal rtl~117
Warning (13012): Latch DataMemory:dmem|ram[10][6] has unsafe behavior File: C:/Users/gomez/OneDrive/Escritorio/mini_proyectos/modulosveri.sv Line: 185
    Warning (13013): Ports D and ENA on the latch are fed by the same signal rtl~117
Warning (13012): Latch DataMemory:dmem|ram[14][6] has unsafe behavior File: C:/Users/gomez/OneDrive/Escritorio/mini_proyectos/modulosveri.sv Line: 185
    Warning (13013): Ports D and ENA on the latch are fed by the same signal rtl~117
Warning (13012): Latch DataMemory:dmem|ram[18][6] has unsafe behavior File: C:/Users/gomez/OneDrive/Escritorio/mini_proyectos/modulosveri.sv Line: 185
    Warning (13013): Ports D and ENA on the latch are fed by the same signal rtl~117
Warning (13012): Latch DataMemory:dmem|ram[22][6] has unsafe behavior File: C:/Users/gomez/OneDrive/Escritorio/mini_proyectos/modulosveri.sv Line: 185
    Warning (13013): Ports D and ENA on the latch are fed by the same signal rtl~117
Warning (13012): Latch DataMemory:dmem|ram[26][6] has unsafe behavior File: C:/Users/gomez/OneDrive/Escritorio/mini_proyectos/modulosveri.sv Line: 185
    Warning (13013): Ports D and ENA on the latch are fed by the same signal rtl~117
Warning (13012): Latch DataMemory:dmem|ram[30][6] has unsafe behavior File: C:/Users/gomez/OneDrive/Escritorio/mini_proyectos/modulosveri.sv Line: 185
    Warning (13013): Ports D and ENA on the latch are fed by the same signal rtl~117
Warning (13012): Latch DataMemory:dmem|ram[34][6] has unsafe behavior File: C:/Users/gomez/OneDrive/Escritorio/mini_proyectos/modulosveri.sv Line: 185
    Warning (13013): Ports D and ENA on the latch are fed by the same signal rtl~117
Warning (13012): Latch DataMemory:dmem|ram[38][6] has unsafe behavior File: C:/Users/gomez/OneDrive/Escritorio/mini_proyectos/modulosveri.sv Line: 185
    Warning (13013): Ports D and ENA on the latch are fed by the same signal rtl~117
Warning (13012): Latch DataMemory:dmem|ram[42][6] has unsafe behavior File: C:/Users/gomez/OneDrive/Escritorio/mini_proyectos/modulosveri.sv Line: 185
    Warning (13013): Ports D and ENA on the latch are fed by the same signal rtl~117
Warning (13012): Latch DataMemory:dmem|ram[46][6] has unsafe behavior File: C:/Users/gomez/OneDrive/Escritorio/mini_proyectos/modulosveri.sv Line: 185
    Warning (13013): Ports D and ENA on the latch are fed by the same signal rtl~117
Warning (13012): Latch DataMemory:dmem|ram[50][6] has unsafe behavior File: C:/Users/gomez/OneDrive/Escritorio/mini_proyectos/modulosveri.sv Line: 185
    Warning (13013): Ports D and ENA on the latch are fed by the same signal rtl~117
Warning (13012): Latch DataMemory:dmem|ram[54][6] has unsafe behavior File: C:/Users/gomez/OneDrive/Escritorio/mini_proyectos/modulosveri.sv Line: 185
    Warning (13013): Ports D and ENA on the latch are fed by the same signal rtl~117
Warning (13012): Latch DataMemory:dmem|ram[58][6] has unsafe behavior File: C:/Users/gomez/OneDrive/Escritorio/mini_proyectos/modulosveri.sv Line: 185
    Warning (13013): Ports D and ENA on the latch are fed by the same signal rtl~117
Warning (13012): Latch DataMemory:dmem|ram[62][6] has unsafe behavior File: C:/Users/gomez/OneDrive/Escritorio/mini_proyectos/modulosveri.sv Line: 185
    Warning (13013): Ports D and ENA on the latch are fed by the same signal rtl~117
Warning (13012): Latch DataMemory:dmem|ram[3][6] has unsafe behavior File: C:/Users/gomez/OneDrive/Escritorio/mini_proyectos/modulosveri.sv Line: 185
    Warning (13013): Ports D and ENA on the latch are fed by the same signal rtl~117
Warning (13012): Latch DataMemory:dmem|ram[19][6] has unsafe behavior File: C:/Users/gomez/OneDrive/Escritorio/mini_proyectos/modulosveri.sv Line: 185
    Warning (13013): Ports D and ENA on the latch are fed by the same signal rtl~117
Warning (13012): Latch DataMemory:dmem|ram[35][6] has unsafe behavior File: C:/Users/gomez/OneDrive/Escritorio/mini_proyectos/modulosveri.sv Line: 185
    Warning (13013): Ports D and ENA on the latch are fed by the same signal rtl~117
Warning (13012): Latch DataMemory:dmem|ram[51][6] has unsafe behavior File: C:/Users/gomez/OneDrive/Escritorio/mini_proyectos/modulosveri.sv Line: 185
    Warning (13013): Ports D and ENA on the latch are fed by the same signal rtl~117
Warning (13012): Latch DataMemory:dmem|ram[7][6] has unsafe behavior File: C:/Users/gomez/OneDrive/Escritorio/mini_proyectos/modulosveri.sv Line: 185
    Warning (13013): Ports D and ENA on the latch are fed by the same signal rtl~117
Warning (13012): Latch DataMemory:dmem|ram[23][6] has unsafe behavior File: C:/Users/gomez/OneDrive/Escritorio/mini_proyectos/modulosveri.sv Line: 185
    Warning (13013): Ports D and ENA on the latch are fed by the same signal rtl~117
Warning (13012): Latch DataMemory:dmem|ram[39][6] has unsafe behavior File: C:/Users/gomez/OneDrive/Escritorio/mini_proyectos/modulosveri.sv Line: 185
    Warning (13013): Ports D and ENA on the latch are fed by the same signal rtl~117
Warning (13012): Latch DataMemory:dmem|ram[55][6] has unsafe behavior File: C:/Users/gomez/OneDrive/Escritorio/mini_proyectos/modulosveri.sv Line: 185
    Warning (13013): Ports D and ENA on the latch are fed by the same signal rtl~117
Warning (13012): Latch DataMemory:dmem|ram[11][6] has unsafe behavior File: C:/Users/gomez/OneDrive/Escritorio/mini_proyectos/modulosveri.sv Line: 185
    Warning (13013): Ports D and ENA on the latch are fed by the same signal rtl~117
Warning (13012): Latch DataMemory:dmem|ram[27][6] has unsafe behavior File: C:/Users/gomez/OneDrive/Escritorio/mini_proyectos/modulosveri.sv Line: 185
    Warning (13013): Ports D and ENA on the latch are fed by the same signal rtl~117
Warning (13012): Latch DataMemory:dmem|ram[43][6] has unsafe behavior File: C:/Users/gomez/OneDrive/Escritorio/mini_proyectos/modulosveri.sv Line: 185
    Warning (13013): Ports D and ENA on the latch are fed by the same signal rtl~117
Warning (13012): Latch DataMemory:dmem|ram[59][6] has unsafe behavior File: C:/Users/gomez/OneDrive/Escritorio/mini_proyectos/modulosveri.sv Line: 185
    Warning (13013): Ports D and ENA on the latch are fed by the same signal rtl~117
Warning (13012): Latch DataMemory:dmem|ram[15][6] has unsafe behavior File: C:/Users/gomez/OneDrive/Escritorio/mini_proyectos/modulosveri.sv Line: 185
    Warning (13013): Ports D and ENA on the latch are fed by the same signal rtl~117
Warning (13012): Latch DataMemory:dmem|ram[31][6] has unsafe behavior File: C:/Users/gomez/OneDrive/Escritorio/mini_proyectos/modulosveri.sv Line: 185
    Warning (13013): Ports D and ENA on the latch are fed by the same signal rtl~117
Warning (13012): Latch DataMemory:dmem|ram[47][6] has unsafe behavior File: C:/Users/gomez/OneDrive/Escritorio/mini_proyectos/modulosveri.sv Line: 185
    Warning (13013): Ports D and ENA on the latch are fed by the same signal rtl~117
Warning (13012): Latch DataMemory:dmem|ram[63][6] has unsafe behavior File: C:/Users/gomez/OneDrive/Escritorio/mini_proyectos/modulosveri.sv Line: 185
    Warning (13013): Ports D and ENA on the latch are fed by the same signal rtl~117
Warning (13012): Latch DataMemory:dmem|ram[128][5] has unsafe behavior File: C:/Users/gomez/OneDrive/Escritorio/mini_proyectos/modulosveri.sv Line: 185
    Warning (13013): Ports D and ENA on the latch are fed by the same signal rtl~117
Warning (13012): Latch DataMemory:dmem|ram[129][5] has unsafe behavior File: C:/Users/gomez/OneDrive/Escritorio/mini_proyectos/modulosveri.sv Line: 185
    Warning (13013): Ports D and ENA on the latch are fed by the same signal rtl~117
Warning (13012): Latch DataMemory:dmem|ram[130][5] has unsafe behavior File: C:/Users/gomez/OneDrive/Escritorio/mini_proyectos/modulosveri.sv Line: 185
    Warning (13013): Ports D and ENA on the latch are fed by the same signal rtl~117
Warning (13012): Latch DataMemory:dmem|ram[131][5] has unsafe behavior File: C:/Users/gomez/OneDrive/Escritorio/mini_proyectos/modulosveri.sv Line: 185
    Warning (13013): Ports D and ENA on the latch are fed by the same signal rtl~117
Warning (13012): Latch DataMemory:dmem|ram[144][5] has unsafe behavior File: C:/Users/gomez/OneDrive/Escritorio/mini_proyectos/modulosveri.sv Line: 185
    Warning (13013): Ports D and ENA on the latch are fed by the same signal rtl~117
Warning (13012): Latch DataMemory:dmem|ram[145][5] has unsafe behavior File: C:/Users/gomez/OneDrive/Escritorio/mini_proyectos/modulosveri.sv Line: 185
    Warning (13013): Ports D and ENA on the latch are fed by the same signal rtl~117
Warning (13012): Latch DataMemory:dmem|ram[146][5] has unsafe behavior File: C:/Users/gomez/OneDrive/Escritorio/mini_proyectos/modulosveri.sv Line: 185
    Warning (13013): Ports D and ENA on the latch are fed by the same signal rtl~117
Warning (13012): Latch DataMemory:dmem|ram[147][5] has unsafe behavior File: C:/Users/gomez/OneDrive/Escritorio/mini_proyectos/modulosveri.sv Line: 185
    Warning (13013): Ports D and ENA on the latch are fed by the same signal rtl~117
Warning (13012): Latch DataMemory:dmem|ram[160][5] has unsafe behavior File: C:/Users/gomez/OneDrive/Escritorio/mini_proyectos/modulosveri.sv Line: 185
    Warning (13013): Ports D and ENA on the latch are fed by the same signal rtl~117
Warning (13012): Latch DataMemory:dmem|ram[161][5] has unsafe behavior File: C:/Users/gomez/OneDrive/Escritorio/mini_proyectos/modulosveri.sv Line: 185
    Warning (13013): Ports D and ENA on the latch are fed by the same signal rtl~117
Warning (13012): Latch DataMemory:dmem|ram[162][5] has unsafe behavior File: C:/Users/gomez/OneDrive/Escritorio/mini_proyectos/modulosveri.sv Line: 185
    Warning (13013): Ports D and ENA on the latch are fed by the same signal rtl~117
Warning (13012): Latch DataMemory:dmem|ram[163][5] has unsafe behavior File: C:/Users/gomez/OneDrive/Escritorio/mini_proyectos/modulosveri.sv Line: 185
    Warning (13013): Ports D and ENA on the latch are fed by the same signal rtl~117
Warning (13012): Latch DataMemory:dmem|ram[176][5] has unsafe behavior File: C:/Users/gomez/OneDrive/Escritorio/mini_proyectos/modulosveri.sv Line: 185
    Warning (13013): Ports D and ENA on the latch are fed by the same signal rtl~117
Warning (13012): Latch DataMemory:dmem|ram[177][5] has unsafe behavior File: C:/Users/gomez/OneDrive/Escritorio/mini_proyectos/modulosveri.sv Line: 185
    Warning (13013): Ports D and ENA on the latch are fed by the same signal rtl~117
Warning (13012): Latch DataMemory:dmem|ram[178][5] has unsafe behavior File: C:/Users/gomez/OneDrive/Escritorio/mini_proyectos/modulosveri.sv Line: 185
    Warning (13013): Ports D and ENA on the latch are fed by the same signal rtl~117
Warning (13012): Latch DataMemory:dmem|ram[179][5] has unsafe behavior File: C:/Users/gomez/OneDrive/Escritorio/mini_proyectos/modulosveri.sv Line: 185
    Warning (13013): Ports D and ENA on the latch are fed by the same signal rtl~117
Warning (13012): Latch DataMemory:dmem|ram[132][5] has unsafe behavior File: C:/Users/gomez/OneDrive/Escritorio/mini_proyectos/modulosveri.sv Line: 185
    Warning (13013): Ports D and ENA on the latch are fed by the same signal rtl~117
Warning (13012): Latch DataMemory:dmem|ram[133][5] has unsafe behavior File: C:/Users/gomez/OneDrive/Escritorio/mini_proyectos/modulosveri.sv Line: 185
    Warning (13013): Ports D and ENA on the latch are fed by the same signal rtl~117
Warning (13012): Latch DataMemory:dmem|ram[134][5] has unsafe behavior File: C:/Users/gomez/OneDrive/Escritorio/mini_proyectos/modulosveri.sv Line: 185
    Warning (13013): Ports D and ENA on the latch are fed by the same signal rtl~117
Warning (13012): Latch DataMemory:dmem|ram[135][5] has unsafe behavior File: C:/Users/gomez/OneDrive/Escritorio/mini_proyectos/modulosveri.sv Line: 185
    Warning (13013): Ports D and ENA on the latch are fed by the same signal rtl~117
Warning (13012): Latch DataMemory:dmem|ram[148][5] has unsafe behavior File: C:/Users/gomez/OneDrive/Escritorio/mini_proyectos/modulosveri.sv Line: 185
    Warning (13013): Ports D and ENA on the latch are fed by the same signal rtl~117
Warning (13012): Latch DataMemory:dmem|ram[149][5] has unsafe behavior File: C:/Users/gomez/OneDrive/Escritorio/mini_proyectos/modulosveri.sv Line: 185
    Warning (13013): Ports D and ENA on the latch are fed by the same signal rtl~117
Warning (13012): Latch DataMemory:dmem|ram[150][5] has unsafe behavior File: C:/Users/gomez/OneDrive/Escritorio/mini_proyectos/modulosveri.sv Line: 185
    Warning (13013): Ports D and ENA on the latch are fed by the same signal rtl~117
Warning (13012): Latch DataMemory:dmem|ram[151][5] has unsafe behavior File: C:/Users/gomez/OneDrive/Escritorio/mini_proyectos/modulosveri.sv Line: 185
    Warning (13013): Ports D and ENA on the latch are fed by the same signal rtl~117
Warning (13012): Latch DataMemory:dmem|ram[164][5] has unsafe behavior File: C:/Users/gomez/OneDrive/Escritorio/mini_proyectos/modulosveri.sv Line: 185
    Warning (13013): Ports D and ENA on the latch are fed by the same signal rtl~117
Warning (13012): Latch DataMemory:dmem|ram[165][5] has unsafe behavior File: C:/Users/gomez/OneDrive/Escritorio/mini_proyectos/modulosveri.sv Line: 185
    Warning (13013): Ports D and ENA on the latch are fed by the same signal rtl~117
Warning (13012): Latch DataMemory:dmem|ram[166][5] has unsafe behavior File: C:/Users/gomez/OneDrive/Escritorio/mini_proyectos/modulosveri.sv Line: 185
    Warning (13013): Ports D and ENA on the latch are fed by the same signal rtl~117
Warning (13012): Latch DataMemory:dmem|ram[167][5] has unsafe behavior File: C:/Users/gomez/OneDrive/Escritorio/mini_proyectos/modulosveri.sv Line: 185
    Warning (13013): Ports D and ENA on the latch are fed by the same signal rtl~117
Warning (13012): Latch DataMemory:dmem|ram[180][5] has unsafe behavior File: C:/Users/gomez/OneDrive/Escritorio/mini_proyectos/modulosveri.sv Line: 185
    Warning (13013): Ports D and ENA on the latch are fed by the same signal rtl~117
Warning (13012): Latch DataMemory:dmem|ram[181][5] has unsafe behavior File: C:/Users/gomez/OneDrive/Escritorio/mini_proyectos/modulosveri.sv Line: 185
    Warning (13013): Ports D and ENA on the latch are fed by the same signal rtl~117
Warning (13012): Latch DataMemory:dmem|ram[182][5] has unsafe behavior File: C:/Users/gomez/OneDrive/Escritorio/mini_proyectos/modulosveri.sv Line: 185
    Warning (13013): Ports D and ENA on the latch are fed by the same signal rtl~117
Warning (13012): Latch DataMemory:dmem|ram[183][5] has unsafe behavior File: C:/Users/gomez/OneDrive/Escritorio/mini_proyectos/modulosveri.sv Line: 185
    Warning (13013): Ports D and ENA on the latch are fed by the same signal rtl~117
Warning (13012): Latch DataMemory:dmem|ram[136][5] has unsafe behavior File: C:/Users/gomez/OneDrive/Escritorio/mini_proyectos/modulosveri.sv Line: 185
    Warning (13013): Ports D and ENA on the latch are fed by the same signal rtl~117
Warning (13012): Latch DataMemory:dmem|ram[137][5] has unsafe behavior File: C:/Users/gomez/OneDrive/Escritorio/mini_proyectos/modulosveri.sv Line: 185
    Warning (13013): Ports D and ENA on the latch are fed by the same signal rtl~117
Warning (13012): Latch DataMemory:dmem|ram[138][5] has unsafe behavior File: C:/Users/gomez/OneDrive/Escritorio/mini_proyectos/modulosveri.sv Line: 185
    Warning (13013): Ports D and ENA on the latch are fed by the same signal rtl~117
Warning (13012): Latch DataMemory:dmem|ram[139][5] has unsafe behavior File: C:/Users/gomez/OneDrive/Escritorio/mini_proyectos/modulosveri.sv Line: 185
    Warning (13013): Ports D and ENA on the latch are fed by the same signal rtl~117
Warning (13012): Latch DataMemory:dmem|ram[152][5] has unsafe behavior File: C:/Users/gomez/OneDrive/Escritorio/mini_proyectos/modulosveri.sv Line: 185
    Warning (13013): Ports D and ENA on the latch are fed by the same signal rtl~117
Warning (13012): Latch DataMemory:dmem|ram[153][5] has unsafe behavior File: C:/Users/gomez/OneDrive/Escritorio/mini_proyectos/modulosveri.sv Line: 185
    Warning (13013): Ports D and ENA on the latch are fed by the same signal rtl~117
Warning (13012): Latch DataMemory:dmem|ram[154][5] has unsafe behavior File: C:/Users/gomez/OneDrive/Escritorio/mini_proyectos/modulosveri.sv Line: 185
    Warning (13013): Ports D and ENA on the latch are fed by the same signal rtl~117
Warning (13012): Latch DataMemory:dmem|ram[155][5] has unsafe behavior File: C:/Users/gomez/OneDrive/Escritorio/mini_proyectos/modulosveri.sv Line: 185
    Warning (13013): Ports D and ENA on the latch are fed by the same signal rtl~117
Warning (13012): Latch DataMemory:dmem|ram[168][5] has unsafe behavior File: C:/Users/gomez/OneDrive/Escritorio/mini_proyectos/modulosveri.sv Line: 185
    Warning (13013): Ports D and ENA on the latch are fed by the same signal rtl~117
Warning (13012): Latch DataMemory:dmem|ram[169][5] has unsafe behavior File: C:/Users/gomez/OneDrive/Escritorio/mini_proyectos/modulosveri.sv Line: 185
    Warning (13013): Ports D and ENA on the latch are fed by the same signal rtl~117
Warning (13012): Latch DataMemory:dmem|ram[170][5] has unsafe behavior File: C:/Users/gomez/OneDrive/Escritorio/mini_proyectos/modulosveri.sv Line: 185
    Warning (13013): Ports D and ENA on the latch are fed by the same signal rtl~117
Warning (13012): Latch DataMemory:dmem|ram[171][5] has unsafe behavior File: C:/Users/gomez/OneDrive/Escritorio/mini_proyectos/modulosveri.sv Line: 185
    Warning (13013): Ports D and ENA on the latch are fed by the same signal rtl~117
Warning (13012): Latch DataMemory:dmem|ram[184][5] has unsafe behavior File: C:/Users/gomez/OneDrive/Escritorio/mini_proyectos/modulosveri.sv Line: 185
    Warning (13013): Ports D and ENA on the latch are fed by the same signal rtl~117
Warning (13012): Latch DataMemory:dmem|ram[185][5] has unsafe behavior File: C:/Users/gomez/OneDrive/Escritorio/mini_proyectos/modulosveri.sv Line: 185
    Warning (13013): Ports D and ENA on the latch are fed by the same signal rtl~117
Warning (13012): Latch DataMemory:dmem|ram[186][5] has unsafe behavior File: C:/Users/gomez/OneDrive/Escritorio/mini_proyectos/modulosveri.sv Line: 185
    Warning (13013): Ports D and ENA on the latch are fed by the same signal rtl~117
Warning (13012): Latch DataMemory:dmem|ram[187][5] has unsafe behavior File: C:/Users/gomez/OneDrive/Escritorio/mini_proyectos/modulosveri.sv Line: 185
    Warning (13013): Ports D and ENA on the latch are fed by the same signal rtl~117
Warning (13012): Latch DataMemory:dmem|ram[140][5] has unsafe behavior File: C:/Users/gomez/OneDrive/Escritorio/mini_proyectos/modulosveri.sv Line: 185
    Warning (13013): Ports D and ENA on the latch are fed by the same signal rtl~117
Warning (13012): Latch DataMemory:dmem|ram[141][5] has unsafe behavior File: C:/Users/gomez/OneDrive/Escritorio/mini_proyectos/modulosveri.sv Line: 185
    Warning (13013): Ports D and ENA on the latch are fed by the same signal rtl~117
Warning (13012): Latch DataMemory:dmem|ram[142][5] has unsafe behavior File: C:/Users/gomez/OneDrive/Escritorio/mini_proyectos/modulosveri.sv Line: 185
    Warning (13013): Ports D and ENA on the latch are fed by the same signal rtl~117
Warning (13012): Latch DataMemory:dmem|ram[143][5] has unsafe behavior File: C:/Users/gomez/OneDrive/Escritorio/mini_proyectos/modulosveri.sv Line: 185
    Warning (13013): Ports D and ENA on the latch are fed by the same signal rtl~117
Warning (13012): Latch DataMemory:dmem|ram[156][5] has unsafe behavior File: C:/Users/gomez/OneDrive/Escritorio/mini_proyectos/modulosveri.sv Line: 185
    Warning (13013): Ports D and ENA on the latch are fed by the same signal rtl~117
Warning (13012): Latch DataMemory:dmem|ram[157][5] has unsafe behavior File: C:/Users/gomez/OneDrive/Escritorio/mini_proyectos/modulosveri.sv Line: 185
    Warning (13013): Ports D and ENA on the latch are fed by the same signal rtl~117
Warning (13012): Latch DataMemory:dmem|ram[158][5] has unsafe behavior File: C:/Users/gomez/OneDrive/Escritorio/mini_proyectos/modulosveri.sv Line: 185
    Warning (13013): Ports D and ENA on the latch are fed by the same signal rtl~117
Warning (13012): Latch DataMemory:dmem|ram[159][5] has unsafe behavior File: C:/Users/gomez/OneDrive/Escritorio/mini_proyectos/modulosveri.sv Line: 185
    Warning (13013): Ports D and ENA on the latch are fed by the same signal rtl~117
Warning (13012): Latch DataMemory:dmem|ram[172][5] has unsafe behavior File: C:/Users/gomez/OneDrive/Escritorio/mini_proyectos/modulosveri.sv Line: 185
    Warning (13013): Ports D and ENA on the latch are fed by the same signal rtl~117
Warning (13012): Latch DataMemory:dmem|ram[173][5] has unsafe behavior File: C:/Users/gomez/OneDrive/Escritorio/mini_proyectos/modulosveri.sv Line: 185
    Warning (13013): Ports D and ENA on the latch are fed by the same signal rtl~117
Warning (13012): Latch DataMemory:dmem|ram[174][5] has unsafe behavior File: C:/Users/gomez/OneDrive/Escritorio/mini_proyectos/modulosveri.sv Line: 185
    Warning (13013): Ports D and ENA on the latch are fed by the same signal rtl~117
Warning (13012): Latch DataMemory:dmem|ram[175][5] has unsafe behavior File: C:/Users/gomez/OneDrive/Escritorio/mini_proyectos/modulosveri.sv Line: 185
    Warning (13013): Ports D and ENA on the latch are fed by the same signal rtl~117
Warning (13012): Latch DataMemory:dmem|ram[188][5] has unsafe behavior File: C:/Users/gomez/OneDrive/Escritorio/mini_proyectos/modulosveri.sv Line: 185
    Warning (13013): Ports D and ENA on the latch are fed by the same signal rtl~117
Warning (13012): Latch DataMemory:dmem|ram[189][5] has unsafe behavior File: C:/Users/gomez/OneDrive/Escritorio/mini_proyectos/modulosveri.sv Line: 185
    Warning (13013): Ports D and ENA on the latch are fed by the same signal rtl~117
Warning (13012): Latch DataMemory:dmem|ram[190][5] has unsafe behavior File: C:/Users/gomez/OneDrive/Escritorio/mini_proyectos/modulosveri.sv Line: 185
    Warning (13013): Ports D and ENA on the latch are fed by the same signal rtl~117
Warning (13012): Latch DataMemory:dmem|ram[191][5] has unsafe behavior File: C:/Users/gomez/OneDrive/Escritorio/mini_proyectos/modulosveri.sv Line: 185
    Warning (13013): Ports D and ENA on the latch are fed by the same signal rtl~117
Warning (13012): Latch DataMemory:dmem|ram[200][5] has unsafe behavior File: C:/Users/gomez/OneDrive/Escritorio/mini_proyectos/modulosveri.sv Line: 185
    Warning (13013): Ports D and ENA on the latch are fed by the same signal rtl~117
Warning (13012): Latch DataMemory:dmem|ram[192][5] has unsafe behavior File: C:/Users/gomez/OneDrive/Escritorio/mini_proyectos/modulosveri.sv Line: 185
    Warning (13013): Ports D and ENA on the latch are fed by the same signal rtl~117
Warning (13012): Latch DataMemory:dmem|ram[193][5] has unsafe behavior File: C:/Users/gomez/OneDrive/Escritorio/mini_proyectos/modulosveri.sv Line: 185
    Warning (13013): Ports D and ENA on the latch are fed by the same signal rtl~117
Warning (13012): Latch DataMemory:dmem|ram[194][5] has unsafe behavior File: C:/Users/gomez/OneDrive/Escritorio/mini_proyectos/modulosveri.sv Line: 185
    Warning (13013): Ports D and ENA on the latch are fed by the same signal rtl~117
Warning (13012): Latch DataMemory:dmem|ram[195][5] has unsafe behavior File: C:/Users/gomez/OneDrive/Escritorio/mini_proyectos/modulosveri.sv Line: 185
    Warning (13013): Ports D and ENA on the latch are fed by the same signal rtl~117
Warning (13012): Latch DataMemory:dmem|ram[196][5] has unsafe behavior File: C:/Users/gomez/OneDrive/Escritorio/mini_proyectos/modulosveri.sv Line: 185
    Warning (13013): Ports D and ENA on the latch are fed by the same signal rtl~117
Warning (13012): Latch DataMemory:dmem|ram[197][5] has unsafe behavior File: C:/Users/gomez/OneDrive/Escritorio/mini_proyectos/modulosveri.sv Line: 185
    Warning (13013): Ports D and ENA on the latch are fed by the same signal rtl~117
Warning (13012): Latch DataMemory:dmem|ram[198][5] has unsafe behavior File: C:/Users/gomez/OneDrive/Escritorio/mini_proyectos/modulosveri.sv Line: 185
    Warning (13013): Ports D and ENA on the latch are fed by the same signal rtl~117
Warning (13012): Latch DataMemory:dmem|ram[199][5] has unsafe behavior File: C:/Users/gomez/OneDrive/Escritorio/mini_proyectos/modulosveri.sv Line: 185
    Warning (13013): Ports D and ENA on the latch are fed by the same signal rtl~117
Warning (13012): Latch DataMemory:dmem|ram[64][5] has unsafe behavior File: C:/Users/gomez/OneDrive/Escritorio/mini_proyectos/modulosveri.sv Line: 185
    Warning (13013): Ports D and ENA on the latch are fed by the same signal rtl~117
Warning (13012): Latch DataMemory:dmem|ram[65][5] has unsafe behavior File: C:/Users/gomez/OneDrive/Escritorio/mini_proyectos/modulosveri.sv Line: 185
    Warning (13013): Ports D and ENA on the latch are fed by the same signal rtl~117
Warning (13012): Latch DataMemory:dmem|ram[66][5] has unsafe behavior File: C:/Users/gomez/OneDrive/Escritorio/mini_proyectos/modulosveri.sv Line: 185
    Warning (13013): Ports D and ENA on the latch are fed by the same signal rtl~117
Warning (13012): Latch DataMemory:dmem|ram[67][5] has unsafe behavior File: C:/Users/gomez/OneDrive/Escritorio/mini_proyectos/modulosveri.sv Line: 185
    Warning (13013): Ports D and ENA on the latch are fed by the same signal rtl~117
Warning (13012): Latch DataMemory:dmem|ram[68][5] has unsafe behavior File: C:/Users/gomez/OneDrive/Escritorio/mini_proyectos/modulosveri.sv Line: 185
    Warning (13013): Ports D and ENA on the latch are fed by the same signal rtl~117
Warning (13012): Latch DataMemory:dmem|ram[69][5] has unsafe behavior File: C:/Users/gomez/OneDrive/Escritorio/mini_proyectos/modulosveri.sv Line: 185
    Warning (13013): Ports D and ENA on the latch are fed by the same signal rtl~117
Warning (13012): Latch DataMemory:dmem|ram[70][5] has unsafe behavior File: C:/Users/gomez/OneDrive/Escritorio/mini_proyectos/modulosveri.sv Line: 185
    Warning (13013): Ports D and ENA on the latch are fed by the same signal rtl~117
Warning (13012): Latch DataMemory:dmem|ram[71][5] has unsafe behavior File: C:/Users/gomez/OneDrive/Escritorio/mini_proyectos/modulosveri.sv Line: 185
    Warning (13013): Ports D and ENA on the latch are fed by the same signal rtl~117
Warning (13012): Latch DataMemory:dmem|ram[72][5] has unsafe behavior File: C:/Users/gomez/OneDrive/Escritorio/mini_proyectos/modulosveri.sv Line: 185
    Warning (13013): Ports D and ENA on the latch are fed by the same signal rtl~117
Warning (13012): Latch DataMemory:dmem|ram[73][5] has unsafe behavior File: C:/Users/gomez/OneDrive/Escritorio/mini_proyectos/modulosveri.sv Line: 185
    Warning (13013): Ports D and ENA on the latch are fed by the same signal rtl~117
Warning (13012): Latch DataMemory:dmem|ram[74][5] has unsafe behavior File: C:/Users/gomez/OneDrive/Escritorio/mini_proyectos/modulosveri.sv Line: 185
    Warning (13013): Ports D and ENA on the latch are fed by the same signal rtl~117
Warning (13012): Latch DataMemory:dmem|ram[75][5] has unsafe behavior File: C:/Users/gomez/OneDrive/Escritorio/mini_proyectos/modulosveri.sv Line: 185
    Warning (13013): Ports D and ENA on the latch are fed by the same signal rtl~117
Warning (13012): Latch DataMemory:dmem|ram[76][5] has unsafe behavior File: C:/Users/gomez/OneDrive/Escritorio/mini_proyectos/modulosveri.sv Line: 185
    Warning (13013): Ports D and ENA on the latch are fed by the same signal rtl~117
Warning (13012): Latch DataMemory:dmem|ram[77][5] has unsafe behavior File: C:/Users/gomez/OneDrive/Escritorio/mini_proyectos/modulosveri.sv Line: 185
    Warning (13013): Ports D and ENA on the latch are fed by the same signal rtl~117
Warning (13012): Latch DataMemory:dmem|ram[78][5] has unsafe behavior File: C:/Users/gomez/OneDrive/Escritorio/mini_proyectos/modulosveri.sv Line: 185
    Warning (13013): Ports D and ENA on the latch are fed by the same signal rtl~117
Warning (13012): Latch DataMemory:dmem|ram[79][5] has unsafe behavior File: C:/Users/gomez/OneDrive/Escritorio/mini_proyectos/modulosveri.sv Line: 185
    Warning (13013): Ports D and ENA on the latch are fed by the same signal rtl~117
Warning (13012): Latch DataMemory:dmem|ram[80][5] has unsafe behavior File: C:/Users/gomez/OneDrive/Escritorio/mini_proyectos/modulosveri.sv Line: 185
    Warning (13013): Ports D and ENA on the latch are fed by the same signal rtl~117
Warning (13012): Latch DataMemory:dmem|ram[81][5] has unsafe behavior File: C:/Users/gomez/OneDrive/Escritorio/mini_proyectos/modulosveri.sv Line: 185
    Warning (13013): Ports D and ENA on the latch are fed by the same signal rtl~117
Warning (13012): Latch DataMemory:dmem|ram[82][5] has unsafe behavior File: C:/Users/gomez/OneDrive/Escritorio/mini_proyectos/modulosveri.sv Line: 185
    Warning (13013): Ports D and ENA on the latch are fed by the same signal rtl~117
Warning (13012): Latch DataMemory:dmem|ram[83][5] has unsafe behavior File: C:/Users/gomez/OneDrive/Escritorio/mini_proyectos/modulosveri.sv Line: 185
    Warning (13013): Ports D and ENA on the latch are fed by the same signal rtl~117
Warning (13012): Latch DataMemory:dmem|ram[84][5] has unsafe behavior File: C:/Users/gomez/OneDrive/Escritorio/mini_proyectos/modulosveri.sv Line: 185
    Warning (13013): Ports D and ENA on the latch are fed by the same signal rtl~117
Warning (13012): Latch DataMemory:dmem|ram[85][5] has unsafe behavior File: C:/Users/gomez/OneDrive/Escritorio/mini_proyectos/modulosveri.sv Line: 185
    Warning (13013): Ports D and ENA on the latch are fed by the same signal rtl~117
Warning (13012): Latch DataMemory:dmem|ram[86][5] has unsafe behavior File: C:/Users/gomez/OneDrive/Escritorio/mini_proyectos/modulosveri.sv Line: 185
    Warning (13013): Ports D and ENA on the latch are fed by the same signal rtl~117
Warning (13012): Latch DataMemory:dmem|ram[87][5] has unsafe behavior File: C:/Users/gomez/OneDrive/Escritorio/mini_proyectos/modulosveri.sv Line: 185
    Warning (13013): Ports D and ENA on the latch are fed by the same signal rtl~117
Warning (13012): Latch DataMemory:dmem|ram[88][5] has unsafe behavior File: C:/Users/gomez/OneDrive/Escritorio/mini_proyectos/modulosveri.sv Line: 185
    Warning (13013): Ports D and ENA on the latch are fed by the same signal rtl~117
Warning (13012): Latch DataMemory:dmem|ram[89][5] has unsafe behavior File: C:/Users/gomez/OneDrive/Escritorio/mini_proyectos/modulosveri.sv Line: 185
    Warning (13013): Ports D and ENA on the latch are fed by the same signal rtl~117
Warning (13012): Latch DataMemory:dmem|ram[90][5] has unsafe behavior File: C:/Users/gomez/OneDrive/Escritorio/mini_proyectos/modulosveri.sv Line: 185
    Warning (13013): Ports D and ENA on the latch are fed by the same signal rtl~117
Warning (13012): Latch DataMemory:dmem|ram[91][5] has unsafe behavior File: C:/Users/gomez/OneDrive/Escritorio/mini_proyectos/modulosveri.sv Line: 185
    Warning (13013): Ports D and ENA on the latch are fed by the same signal rtl~117
Warning (13012): Latch DataMemory:dmem|ram[92][5] has unsafe behavior File: C:/Users/gomez/OneDrive/Escritorio/mini_proyectos/modulosveri.sv Line: 185
    Warning (13013): Ports D and ENA on the latch are fed by the same signal rtl~117
Warning (13012): Latch DataMemory:dmem|ram[93][5] has unsafe behavior File: C:/Users/gomez/OneDrive/Escritorio/mini_proyectos/modulosveri.sv Line: 185
    Warning (13013): Ports D and ENA on the latch are fed by the same signal rtl~117
Warning (13012): Latch DataMemory:dmem|ram[94][5] has unsafe behavior File: C:/Users/gomez/OneDrive/Escritorio/mini_proyectos/modulosveri.sv Line: 185
    Warning (13013): Ports D and ENA on the latch are fed by the same signal rtl~117
Warning (13012): Latch DataMemory:dmem|ram[95][5] has unsafe behavior File: C:/Users/gomez/OneDrive/Escritorio/mini_proyectos/modulosveri.sv Line: 185
    Warning (13013): Ports D and ENA on the latch are fed by the same signal rtl~117
Warning (13012): Latch DataMemory:dmem|ram[96][5] has unsafe behavior File: C:/Users/gomez/OneDrive/Escritorio/mini_proyectos/modulosveri.sv Line: 185
    Warning (13013): Ports D and ENA on the latch are fed by the same signal rtl~117
Warning (13012): Latch DataMemory:dmem|ram[97][5] has unsafe behavior File: C:/Users/gomez/OneDrive/Escritorio/mini_proyectos/modulosveri.sv Line: 185
    Warning (13013): Ports D and ENA on the latch are fed by the same signal rtl~117
Warning (13012): Latch DataMemory:dmem|ram[98][5] has unsafe behavior File: C:/Users/gomez/OneDrive/Escritorio/mini_proyectos/modulosveri.sv Line: 185
    Warning (13013): Ports D and ENA on the latch are fed by the same signal rtl~117
Warning (13012): Latch DataMemory:dmem|ram[99][5] has unsafe behavior File: C:/Users/gomez/OneDrive/Escritorio/mini_proyectos/modulosveri.sv Line: 185
    Warning (13013): Ports D and ENA on the latch are fed by the same signal rtl~117
Warning (13012): Latch DataMemory:dmem|ram[100][5] has unsafe behavior File: C:/Users/gomez/OneDrive/Escritorio/mini_proyectos/modulosveri.sv Line: 185
    Warning (13013): Ports D and ENA on the latch are fed by the same signal rtl~117
Warning (13012): Latch DataMemory:dmem|ram[101][5] has unsafe behavior File: C:/Users/gomez/OneDrive/Escritorio/mini_proyectos/modulosveri.sv Line: 185
    Warning (13013): Ports D and ENA on the latch are fed by the same signal rtl~117
Warning (13012): Latch DataMemory:dmem|ram[102][5] has unsafe behavior File: C:/Users/gomez/OneDrive/Escritorio/mini_proyectos/modulosveri.sv Line: 185
    Warning (13013): Ports D and ENA on the latch are fed by the same signal rtl~117
Warning (13012): Latch DataMemory:dmem|ram[103][5] has unsafe behavior File: C:/Users/gomez/OneDrive/Escritorio/mini_proyectos/modulosveri.sv Line: 185
    Warning (13013): Ports D and ENA on the latch are fed by the same signal rtl~117
Warning (13012): Latch DataMemory:dmem|ram[104][5] has unsafe behavior File: C:/Users/gomez/OneDrive/Escritorio/mini_proyectos/modulosveri.sv Line: 185
    Warning (13013): Ports D and ENA on the latch are fed by the same signal rtl~117
Warning (13012): Latch DataMemory:dmem|ram[105][5] has unsafe behavior File: C:/Users/gomez/OneDrive/Escritorio/mini_proyectos/modulosveri.sv Line: 185
    Warning (13013): Ports D and ENA on the latch are fed by the same signal rtl~117
Warning (13012): Latch DataMemory:dmem|ram[106][5] has unsafe behavior File: C:/Users/gomez/OneDrive/Escritorio/mini_proyectos/modulosveri.sv Line: 185
    Warning (13013): Ports D and ENA on the latch are fed by the same signal rtl~117
Warning (13012): Latch DataMemory:dmem|ram[107][5] has unsafe behavior File: C:/Users/gomez/OneDrive/Escritorio/mini_proyectos/modulosveri.sv Line: 185
    Warning (13013): Ports D and ENA on the latch are fed by the same signal rtl~117
Warning (13012): Latch DataMemory:dmem|ram[108][5] has unsafe behavior File: C:/Users/gomez/OneDrive/Escritorio/mini_proyectos/modulosveri.sv Line: 185
    Warning (13013): Ports D and ENA on the latch are fed by the same signal rtl~117
Warning (13012): Latch DataMemory:dmem|ram[109][5] has unsafe behavior File: C:/Users/gomez/OneDrive/Escritorio/mini_proyectos/modulosveri.sv Line: 185
    Warning (13013): Ports D and ENA on the latch are fed by the same signal rtl~117
Warning (13012): Latch DataMemory:dmem|ram[110][5] has unsafe behavior File: C:/Users/gomez/OneDrive/Escritorio/mini_proyectos/modulosveri.sv Line: 185
    Warning (13013): Ports D and ENA on the latch are fed by the same signal rtl~117
Warning (13012): Latch DataMemory:dmem|ram[111][5] has unsafe behavior File: C:/Users/gomez/OneDrive/Escritorio/mini_proyectos/modulosveri.sv Line: 185
    Warning (13013): Ports D and ENA on the latch are fed by the same signal rtl~117
Warning (13012): Latch DataMemory:dmem|ram[112][5] has unsafe behavior File: C:/Users/gomez/OneDrive/Escritorio/mini_proyectos/modulosveri.sv Line: 185
    Warning (13013): Ports D and ENA on the latch are fed by the same signal rtl~117
Warning (13012): Latch DataMemory:dmem|ram[113][5] has unsafe behavior File: C:/Users/gomez/OneDrive/Escritorio/mini_proyectos/modulosveri.sv Line: 185
    Warning (13013): Ports D and ENA on the latch are fed by the same signal rtl~117
Warning (13012): Latch DataMemory:dmem|ram[114][5] has unsafe behavior File: C:/Users/gomez/OneDrive/Escritorio/mini_proyectos/modulosveri.sv Line: 185
    Warning (13013): Ports D and ENA on the latch are fed by the same signal rtl~117
Warning (13012): Latch DataMemory:dmem|ram[115][5] has unsafe behavior File: C:/Users/gomez/OneDrive/Escritorio/mini_proyectos/modulosveri.sv Line: 185
    Warning (13013): Ports D and ENA on the latch are fed by the same signal rtl~117
Warning (13012): Latch DataMemory:dmem|ram[116][5] has unsafe behavior File: C:/Users/gomez/OneDrive/Escritorio/mini_proyectos/modulosveri.sv Line: 185
    Warning (13013): Ports D and ENA on the latch are fed by the same signal rtl~117
Warning (13012): Latch DataMemory:dmem|ram[117][5] has unsafe behavior File: C:/Users/gomez/OneDrive/Escritorio/mini_proyectos/modulosveri.sv Line: 185
    Warning (13013): Ports D and ENA on the latch are fed by the same signal rtl~117
Warning (13012): Latch DataMemory:dmem|ram[118][5] has unsafe behavior File: C:/Users/gomez/OneDrive/Escritorio/mini_proyectos/modulosveri.sv Line: 185
    Warning (13013): Ports D and ENA on the latch are fed by the same signal rtl~117
Warning (13012): Latch DataMemory:dmem|ram[119][5] has unsafe behavior File: C:/Users/gomez/OneDrive/Escritorio/mini_proyectos/modulosveri.sv Line: 185
    Warning (13013): Ports D and ENA on the latch are fed by the same signal rtl~117
Warning (13012): Latch DataMemory:dmem|ram[120][5] has unsafe behavior File: C:/Users/gomez/OneDrive/Escritorio/mini_proyectos/modulosveri.sv Line: 185
    Warning (13013): Ports D and ENA on the latch are fed by the same signal rtl~117
Warning (13012): Latch DataMemory:dmem|ram[121][5] has unsafe behavior File: C:/Users/gomez/OneDrive/Escritorio/mini_proyectos/modulosveri.sv Line: 185
    Warning (13013): Ports D and ENA on the latch are fed by the same signal rtl~117
Warning (13012): Latch DataMemory:dmem|ram[122][5] has unsafe behavior File: C:/Users/gomez/OneDrive/Escritorio/mini_proyectos/modulosveri.sv Line: 185
    Warning (13013): Ports D and ENA on the latch are fed by the same signal rtl~117
Warning (13012): Latch DataMemory:dmem|ram[123][5] has unsafe behavior File: C:/Users/gomez/OneDrive/Escritorio/mini_proyectos/modulosveri.sv Line: 185
    Warning (13013): Ports D and ENA on the latch are fed by the same signal rtl~117
Warning (13012): Latch DataMemory:dmem|ram[124][5] has unsafe behavior File: C:/Users/gomez/OneDrive/Escritorio/mini_proyectos/modulosveri.sv Line: 185
    Warning (13013): Ports D and ENA on the latch are fed by the same signal rtl~117
Warning (13012): Latch DataMemory:dmem|ram[125][5] has unsafe behavior File: C:/Users/gomez/OneDrive/Escritorio/mini_proyectos/modulosveri.sv Line: 185
    Warning (13013): Ports D and ENA on the latch are fed by the same signal rtl~117
Warning (13012): Latch DataMemory:dmem|ram[126][5] has unsafe behavior File: C:/Users/gomez/OneDrive/Escritorio/mini_proyectos/modulosveri.sv Line: 185
    Warning (13013): Ports D and ENA on the latch are fed by the same signal rtl~117
Warning (13012): Latch DataMemory:dmem|ram[127][5] has unsafe behavior File: C:/Users/gomez/OneDrive/Escritorio/mini_proyectos/modulosveri.sv Line: 185
    Warning (13013): Ports D and ENA on the latch are fed by the same signal rtl~117
Warning (13012): Latch DataMemory:dmem|ram[0][5] has unsafe behavior File: C:/Users/gomez/OneDrive/Escritorio/mini_proyectos/modulosveri.sv Line: 185
    Warning (13013): Ports D and ENA on the latch are fed by the same signal rtl~117
Warning (13012): Latch DataMemory:dmem|ram[4][5] has unsafe behavior File: C:/Users/gomez/OneDrive/Escritorio/mini_proyectos/modulosveri.sv Line: 185
    Warning (13013): Ports D and ENA on the latch are fed by the same signal rtl~117
Warning (13012): Latch DataMemory:dmem|ram[8][5] has unsafe behavior File: C:/Users/gomez/OneDrive/Escritorio/mini_proyectos/modulosveri.sv Line: 185
    Warning (13013): Ports D and ENA on the latch are fed by the same signal rtl~117
Warning (13012): Latch DataMemory:dmem|ram[12][5] has unsafe behavior File: C:/Users/gomez/OneDrive/Escritorio/mini_proyectos/modulosveri.sv Line: 185
    Warning (13013): Ports D and ENA on the latch are fed by the same signal rtl~117
Warning (13012): Latch DataMemory:dmem|ram[16][5] has unsafe behavior File: C:/Users/gomez/OneDrive/Escritorio/mini_proyectos/modulosveri.sv Line: 185
    Warning (13013): Ports D and ENA on the latch are fed by the same signal rtl~117
Warning (13012): Latch DataMemory:dmem|ram[20][5] has unsafe behavior File: C:/Users/gomez/OneDrive/Escritorio/mini_proyectos/modulosveri.sv Line: 185
    Warning (13013): Ports D and ENA on the latch are fed by the same signal rtl~117
Warning (13012): Latch DataMemory:dmem|ram[24][5] has unsafe behavior File: C:/Users/gomez/OneDrive/Escritorio/mini_proyectos/modulosveri.sv Line: 185
    Warning (13013): Ports D and ENA on the latch are fed by the same signal rtl~117
Warning (13012): Latch DataMemory:dmem|ram[28][5] has unsafe behavior File: C:/Users/gomez/OneDrive/Escritorio/mini_proyectos/modulosveri.sv Line: 185
    Warning (13013): Ports D and ENA on the latch are fed by the same signal rtl~117
Warning (13012): Latch DataMemory:dmem|ram[32][5] has unsafe behavior File: C:/Users/gomez/OneDrive/Escritorio/mini_proyectos/modulosveri.sv Line: 185
    Warning (13013): Ports D and ENA on the latch are fed by the same signal rtl~117
Warning (13012): Latch DataMemory:dmem|ram[36][5] has unsafe behavior File: C:/Users/gomez/OneDrive/Escritorio/mini_proyectos/modulosveri.sv Line: 185
    Warning (13013): Ports D and ENA on the latch are fed by the same signal rtl~117
Warning (13012): Latch DataMemory:dmem|ram[40][5] has unsafe behavior File: C:/Users/gomez/OneDrive/Escritorio/mini_proyectos/modulosveri.sv Line: 185
    Warning (13013): Ports D and ENA on the latch are fed by the same signal rtl~117
Warning (13012): Latch DataMemory:dmem|ram[44][5] has unsafe behavior File: C:/Users/gomez/OneDrive/Escritorio/mini_proyectos/modulosveri.sv Line: 185
    Warning (13013): Ports D and ENA on the latch are fed by the same signal rtl~117
Warning (13012): Latch DataMemory:dmem|ram[48][5] has unsafe behavior File: C:/Users/gomez/OneDrive/Escritorio/mini_proyectos/modulosveri.sv Line: 185
    Warning (13013): Ports D and ENA on the latch are fed by the same signal rtl~117
Warning (13012): Latch DataMemory:dmem|ram[52][5] has unsafe behavior File: C:/Users/gomez/OneDrive/Escritorio/mini_proyectos/modulosveri.sv Line: 185
    Warning (13013): Ports D and ENA on the latch are fed by the same signal rtl~117
Warning (13012): Latch DataMemory:dmem|ram[56][5] has unsafe behavior File: C:/Users/gomez/OneDrive/Escritorio/mini_proyectos/modulosveri.sv Line: 185
    Warning (13013): Ports D and ENA on the latch are fed by the same signal rtl~117
Warning (13012): Latch DataMemory:dmem|ram[60][5] has unsafe behavior File: C:/Users/gomez/OneDrive/Escritorio/mini_proyectos/modulosveri.sv Line: 185
    Warning (13013): Ports D and ENA on the latch are fed by the same signal rtl~117
Warning (13012): Latch DataMemory:dmem|ram[1][5] has unsafe behavior File: C:/Users/gomez/OneDrive/Escritorio/mini_proyectos/modulosveri.sv Line: 185
    Warning (13013): Ports D and ENA on the latch are fed by the same signal rtl~117
Warning (13012): Latch DataMemory:dmem|ram[5][5] has unsafe behavior File: C:/Users/gomez/OneDrive/Escritorio/mini_proyectos/modulosveri.sv Line: 185
    Warning (13013): Ports D and ENA on the latch are fed by the same signal rtl~117
Warning (13012): Latch DataMemory:dmem|ram[9][5] has unsafe behavior File: C:/Users/gomez/OneDrive/Escritorio/mini_proyectos/modulosveri.sv Line: 185
    Warning (13013): Ports D and ENA on the latch are fed by the same signal rtl~117
Warning (13012): Latch DataMemory:dmem|ram[13][5] has unsafe behavior File: C:/Users/gomez/OneDrive/Escritorio/mini_proyectos/modulosveri.sv Line: 185
    Warning (13013): Ports D and ENA on the latch are fed by the same signal rtl~117
Warning (13012): Latch DataMemory:dmem|ram[17][5] has unsafe behavior File: C:/Users/gomez/OneDrive/Escritorio/mini_proyectos/modulosveri.sv Line: 185
    Warning (13013): Ports D and ENA on the latch are fed by the same signal rtl~117
Warning (13012): Latch DataMemory:dmem|ram[21][5] has unsafe behavior File: C:/Users/gomez/OneDrive/Escritorio/mini_proyectos/modulosveri.sv Line: 185
    Warning (13013): Ports D and ENA on the latch are fed by the same signal rtl~117
Warning (13012): Latch DataMemory:dmem|ram[25][5] has unsafe behavior File: C:/Users/gomez/OneDrive/Escritorio/mini_proyectos/modulosveri.sv Line: 185
    Warning (13013): Ports D and ENA on the latch are fed by the same signal rtl~117
Warning (13012): Latch DataMemory:dmem|ram[29][5] has unsafe behavior File: C:/Users/gomez/OneDrive/Escritorio/mini_proyectos/modulosveri.sv Line: 185
    Warning (13013): Ports D and ENA on the latch are fed by the same signal rtl~117
Warning (13012): Latch DataMemory:dmem|ram[33][5] has unsafe behavior File: C:/Users/gomez/OneDrive/Escritorio/mini_proyectos/modulosveri.sv Line: 185
    Warning (13013): Ports D and ENA on the latch are fed by the same signal rtl~117
Warning (13012): Latch DataMemory:dmem|ram[37][5] has unsafe behavior File: C:/Users/gomez/OneDrive/Escritorio/mini_proyectos/modulosveri.sv Line: 185
    Warning (13013): Ports D and ENA on the latch are fed by the same signal rtl~117
Warning (13012): Latch DataMemory:dmem|ram[41][5] has unsafe behavior File: C:/Users/gomez/OneDrive/Escritorio/mini_proyectos/modulosveri.sv Line: 185
    Warning (13013): Ports D and ENA on the latch are fed by the same signal rtl~117
Warning (13012): Latch DataMemory:dmem|ram[45][5] has unsafe behavior File: C:/Users/gomez/OneDrive/Escritorio/mini_proyectos/modulosveri.sv Line: 185
    Warning (13013): Ports D and ENA on the latch are fed by the same signal rtl~117
Warning (13012): Latch DataMemory:dmem|ram[49][5] has unsafe behavior File: C:/Users/gomez/OneDrive/Escritorio/mini_proyectos/modulosveri.sv Line: 185
    Warning (13013): Ports D and ENA on the latch are fed by the same signal rtl~117
Warning (13012): Latch DataMemory:dmem|ram[53][5] has unsafe behavior File: C:/Users/gomez/OneDrive/Escritorio/mini_proyectos/modulosveri.sv Line: 185
    Warning (13013): Ports D and ENA on the latch are fed by the same signal rtl~117
Warning (13012): Latch DataMemory:dmem|ram[57][5] has unsafe behavior File: C:/Users/gomez/OneDrive/Escritorio/mini_proyectos/modulosveri.sv Line: 185
    Warning (13013): Ports D and ENA on the latch are fed by the same signal rtl~117
Warning (13012): Latch DataMemory:dmem|ram[61][5] has unsafe behavior File: C:/Users/gomez/OneDrive/Escritorio/mini_proyectos/modulosveri.sv Line: 185
    Warning (13013): Ports D and ENA on the latch are fed by the same signal rtl~117
Warning (13012): Latch DataMemory:dmem|ram[2][5] has unsafe behavior File: C:/Users/gomez/OneDrive/Escritorio/mini_proyectos/modulosveri.sv Line: 185
    Warning (13013): Ports D and ENA on the latch are fed by the same signal rtl~117
Warning (13012): Latch DataMemory:dmem|ram[18][5] has unsafe behavior File: C:/Users/gomez/OneDrive/Escritorio/mini_proyectos/modulosveri.sv Line: 185
    Warning (13013): Ports D and ENA on the latch are fed by the same signal rtl~117
Warning (13012): Latch DataMemory:dmem|ram[34][5] has unsafe behavior File: C:/Users/gomez/OneDrive/Escritorio/mini_proyectos/modulosveri.sv Line: 185
    Warning (13013): Ports D and ENA on the latch are fed by the same signal rtl~117
Warning (13012): Latch DataMemory:dmem|ram[50][5] has unsafe behavior File: C:/Users/gomez/OneDrive/Escritorio/mini_proyectos/modulosveri.sv Line: 185
    Warning (13013): Ports D and ENA on the latch are fed by the same signal rtl~117
Warning (13012): Latch DataMemory:dmem|ram[6][5] has unsafe behavior File: C:/Users/gomez/OneDrive/Escritorio/mini_proyectos/modulosveri.sv Line: 185
    Warning (13013): Ports D and ENA on the latch are fed by the same signal rtl~117
Warning (13012): Latch DataMemory:dmem|ram[22][5] has unsafe behavior File: C:/Users/gomez/OneDrive/Escritorio/mini_proyectos/modulosveri.sv Line: 185
    Warning (13013): Ports D and ENA on the latch are fed by the same signal rtl~117
Warning (13012): Latch DataMemory:dmem|ram[38][5] has unsafe behavior File: C:/Users/gomez/OneDrive/Escritorio/mini_proyectos/modulosveri.sv Line: 185
    Warning (13013): Ports D and ENA on the latch are fed by the same signal rtl~117
Warning (13012): Latch DataMemory:dmem|ram[54][5] has unsafe behavior File: C:/Users/gomez/OneDrive/Escritorio/mini_proyectos/modulosveri.sv Line: 185
    Warning (13013): Ports D and ENA on the latch are fed by the same signal rtl~117
Warning (13012): Latch DataMemory:dmem|ram[10][5] has unsafe behavior File: C:/Users/gomez/OneDrive/Escritorio/mini_proyectos/modulosveri.sv Line: 185
    Warning (13013): Ports D and ENA on the latch are fed by the same signal rtl~117
Warning (13012): Latch DataMemory:dmem|ram[26][5] has unsafe behavior File: C:/Users/gomez/OneDrive/Escritorio/mini_proyectos/modulosveri.sv Line: 185
    Warning (13013): Ports D and ENA on the latch are fed by the same signal rtl~117
Warning (13012): Latch DataMemory:dmem|ram[42][5] has unsafe behavior File: C:/Users/gomez/OneDrive/Escritorio/mini_proyectos/modulosveri.sv Line: 185
    Warning (13013): Ports D and ENA on the latch are fed by the same signal rtl~117
Warning (13012): Latch DataMemory:dmem|ram[58][5] has unsafe behavior File: C:/Users/gomez/OneDrive/Escritorio/mini_proyectos/modulosveri.sv Line: 185
    Warning (13013): Ports D and ENA on the latch are fed by the same signal rtl~117
Warning (13012): Latch DataMemory:dmem|ram[14][5] has unsafe behavior File: C:/Users/gomez/OneDrive/Escritorio/mini_proyectos/modulosveri.sv Line: 185
    Warning (13013): Ports D and ENA on the latch are fed by the same signal rtl~117
Warning (13012): Latch DataMemory:dmem|ram[30][5] has unsafe behavior File: C:/Users/gomez/OneDrive/Escritorio/mini_proyectos/modulosveri.sv Line: 185
    Warning (13013): Ports D and ENA on the latch are fed by the same signal rtl~117
Warning (13012): Latch DataMemory:dmem|ram[46][5] has unsafe behavior File: C:/Users/gomez/OneDrive/Escritorio/mini_proyectos/modulosveri.sv Line: 185
    Warning (13013): Ports D and ENA on the latch are fed by the same signal rtl~117
Warning (13012): Latch DataMemory:dmem|ram[62][5] has unsafe behavior File: C:/Users/gomez/OneDrive/Escritorio/mini_proyectos/modulosveri.sv Line: 185
    Warning (13013): Ports D and ENA on the latch are fed by the same signal rtl~117
Warning (13012): Latch DataMemory:dmem|ram[3][5] has unsafe behavior File: C:/Users/gomez/OneDrive/Escritorio/mini_proyectos/modulosveri.sv Line: 185
    Warning (13013): Ports D and ENA on the latch are fed by the same signal rtl~117
Warning (13012): Latch DataMemory:dmem|ram[7][5] has unsafe behavior File: C:/Users/gomez/OneDrive/Escritorio/mini_proyectos/modulosveri.sv Line: 185
    Warning (13013): Ports D and ENA on the latch are fed by the same signal rtl~117
Warning (13012): Latch DataMemory:dmem|ram[11][5] has unsafe behavior File: C:/Users/gomez/OneDrive/Escritorio/mini_proyectos/modulosveri.sv Line: 185
    Warning (13013): Ports D and ENA on the latch are fed by the same signal rtl~117
Warning (13012): Latch DataMemory:dmem|ram[15][5] has unsafe behavior File: C:/Users/gomez/OneDrive/Escritorio/mini_proyectos/modulosveri.sv Line: 185
    Warning (13013): Ports D and ENA on the latch are fed by the same signal rtl~117
Warning (13012): Latch DataMemory:dmem|ram[19][5] has unsafe behavior File: C:/Users/gomez/OneDrive/Escritorio/mini_proyectos/modulosveri.sv Line: 185
    Warning (13013): Ports D and ENA on the latch are fed by the same signal rtl~117
Warning (13012): Latch DataMemory:dmem|ram[23][5] has unsafe behavior File: C:/Users/gomez/OneDrive/Escritorio/mini_proyectos/modulosveri.sv Line: 185
    Warning (13013): Ports D and ENA on the latch are fed by the same signal rtl~117
Warning (13012): Latch DataMemory:dmem|ram[27][5] has unsafe behavior File: C:/Users/gomez/OneDrive/Escritorio/mini_proyectos/modulosveri.sv Line: 185
    Warning (13013): Ports D and ENA on the latch are fed by the same signal rtl~117
Warning (13012): Latch DataMemory:dmem|ram[31][5] has unsafe behavior File: C:/Users/gomez/OneDrive/Escritorio/mini_proyectos/modulosveri.sv Line: 185
    Warning (13013): Ports D and ENA on the latch are fed by the same signal rtl~117
Warning (13012): Latch DataMemory:dmem|ram[35][5] has unsafe behavior File: C:/Users/gomez/OneDrive/Escritorio/mini_proyectos/modulosveri.sv Line: 185
    Warning (13013): Ports D and ENA on the latch are fed by the same signal rtl~117
Warning (13012): Latch DataMemory:dmem|ram[39][5] has unsafe behavior File: C:/Users/gomez/OneDrive/Escritorio/mini_proyectos/modulosveri.sv Line: 185
    Warning (13013): Ports D and ENA on the latch are fed by the same signal rtl~117
Warning (13012): Latch DataMemory:dmem|ram[43][5] has unsafe behavior File: C:/Users/gomez/OneDrive/Escritorio/mini_proyectos/modulosveri.sv Line: 185
    Warning (13013): Ports D and ENA on the latch are fed by the same signal rtl~117
Warning (13012): Latch DataMemory:dmem|ram[47][5] has unsafe behavior File: C:/Users/gomez/OneDrive/Escritorio/mini_proyectos/modulosveri.sv Line: 185
    Warning (13013): Ports D and ENA on the latch are fed by the same signal rtl~117
Warning (13012): Latch DataMemory:dmem|ram[51][5] has unsafe behavior File: C:/Users/gomez/OneDrive/Escritorio/mini_proyectos/modulosveri.sv Line: 185
    Warning (13013): Ports D and ENA on the latch are fed by the same signal rtl~117
Warning (13012): Latch DataMemory:dmem|ram[55][5] has unsafe behavior File: C:/Users/gomez/OneDrive/Escritorio/mini_proyectos/modulosveri.sv Line: 185
    Warning (13013): Ports D and ENA on the latch are fed by the same signal rtl~117
Warning (13012): Latch DataMemory:dmem|ram[59][5] has unsafe behavior File: C:/Users/gomez/OneDrive/Escritorio/mini_proyectos/modulosveri.sv Line: 185
    Warning (13013): Ports D and ENA on the latch are fed by the same signal rtl~117
Warning (13012): Latch DataMemory:dmem|ram[63][5] has unsafe behavior File: C:/Users/gomez/OneDrive/Escritorio/mini_proyectos/modulosveri.sv Line: 185
    Warning (13013): Ports D and ENA on the latch are fed by the same signal rtl~117
Warning (13012): Latch DataMemory:dmem|ram[128][4] has unsafe behavior File: C:/Users/gomez/OneDrive/Escritorio/mini_proyectos/modulosveri.sv Line: 185
    Warning (13013): Ports D and ENA on the latch are fed by the same signal rtl~117
Warning (13012): Latch DataMemory:dmem|ram[132][4] has unsafe behavior File: C:/Users/gomez/OneDrive/Escritorio/mini_proyectos/modulosveri.sv Line: 185
    Warning (13013): Ports D and ENA on the latch are fed by the same signal rtl~117
Warning (13012): Latch DataMemory:dmem|ram[136][4] has unsafe behavior File: C:/Users/gomez/OneDrive/Escritorio/mini_proyectos/modulosveri.sv Line: 185
    Warning (13013): Ports D and ENA on the latch are fed by the same signal rtl~117
Warning (13012): Latch DataMemory:dmem|ram[140][4] has unsafe behavior File: C:/Users/gomez/OneDrive/Escritorio/mini_proyectos/modulosveri.sv Line: 185
    Warning (13013): Ports D and ENA on the latch are fed by the same signal rtl~117
Warning (13012): Latch DataMemory:dmem|ram[144][4] has unsafe behavior File: C:/Users/gomez/OneDrive/Escritorio/mini_proyectos/modulosveri.sv Line: 185
    Warning (13013): Ports D and ENA on the latch are fed by the same signal rtl~117
Warning (13012): Latch DataMemory:dmem|ram[148][4] has unsafe behavior File: C:/Users/gomez/OneDrive/Escritorio/mini_proyectos/modulosveri.sv Line: 185
    Warning (13013): Ports D and ENA on the latch are fed by the same signal rtl~117
Warning (13012): Latch DataMemory:dmem|ram[152][4] has unsafe behavior File: C:/Users/gomez/OneDrive/Escritorio/mini_proyectos/modulosveri.sv Line: 185
    Warning (13013): Ports D and ENA on the latch are fed by the same signal rtl~117
Warning (13012): Latch DataMemory:dmem|ram[156][4] has unsafe behavior File: C:/Users/gomez/OneDrive/Escritorio/mini_proyectos/modulosveri.sv Line: 185
    Warning (13013): Ports D and ENA on the latch are fed by the same signal rtl~117
Warning (13012): Latch DataMemory:dmem|ram[160][4] has unsafe behavior File: C:/Users/gomez/OneDrive/Escritorio/mini_proyectos/modulosveri.sv Line: 185
    Warning (13013): Ports D and ENA on the latch are fed by the same signal rtl~117
Warning (13012): Latch DataMemory:dmem|ram[164][4] has unsafe behavior File: C:/Users/gomez/OneDrive/Escritorio/mini_proyectos/modulosveri.sv Line: 185
    Warning (13013): Ports D and ENA on the latch are fed by the same signal rtl~117
Warning (13012): Latch DataMemory:dmem|ram[168][4] has unsafe behavior File: C:/Users/gomez/OneDrive/Escritorio/mini_proyectos/modulosveri.sv Line: 185
    Warning (13013): Ports D and ENA on the latch are fed by the same signal rtl~117
Warning (13012): Latch DataMemory:dmem|ram[172][4] has unsafe behavior File: C:/Users/gomez/OneDrive/Escritorio/mini_proyectos/modulosveri.sv Line: 185
    Warning (13013): Ports D and ENA on the latch are fed by the same signal rtl~117
Warning (13012): Latch DataMemory:dmem|ram[176][4] has unsafe behavior File: C:/Users/gomez/OneDrive/Escritorio/mini_proyectos/modulosveri.sv Line: 185
    Warning (13013): Ports D and ENA on the latch are fed by the same signal rtl~117
Warning (13012): Latch DataMemory:dmem|ram[180][4] has unsafe behavior File: C:/Users/gomez/OneDrive/Escritorio/mini_proyectos/modulosveri.sv Line: 185
    Warning (13013): Ports D and ENA on the latch are fed by the same signal rtl~117
Warning (13012): Latch DataMemory:dmem|ram[184][4] has unsafe behavior File: C:/Users/gomez/OneDrive/Escritorio/mini_proyectos/modulosveri.sv Line: 185
    Warning (13013): Ports D and ENA on the latch are fed by the same signal rtl~117
Warning (13012): Latch DataMemory:dmem|ram[188][4] has unsafe behavior File: C:/Users/gomez/OneDrive/Escritorio/mini_proyectos/modulosveri.sv Line: 185
    Warning (13013): Ports D and ENA on the latch are fed by the same signal rtl~117
Warning (13012): Latch DataMemory:dmem|ram[129][4] has unsafe behavior File: C:/Users/gomez/OneDrive/Escritorio/mini_proyectos/modulosveri.sv Line: 185
    Warning (13013): Ports D and ENA on the latch are fed by the same signal rtl~117
Warning (13012): Latch DataMemory:dmem|ram[145][4] has unsafe behavior File: C:/Users/gomez/OneDrive/Escritorio/mini_proyectos/modulosveri.sv Line: 185
    Warning (13013): Ports D and ENA on the latch are fed by the same signal rtl~117
Warning (13012): Latch DataMemory:dmem|ram[161][4] has unsafe behavior File: C:/Users/gomez/OneDrive/Escritorio/mini_proyectos/modulosveri.sv Line: 185
    Warning (13013): Ports D and ENA on the latch are fed by the same signal rtl~117
Warning (13012): Latch DataMemory:dmem|ram[177][4] has unsafe behavior File: C:/Users/gomez/OneDrive/Escritorio/mini_proyectos/modulosveri.sv Line: 185
    Warning (13013): Ports D and ENA on the latch are fed by the same signal rtl~117
Warning (13012): Latch DataMemory:dmem|ram[133][4] has unsafe behavior File: C:/Users/gomez/OneDrive/Escritorio/mini_proyectos/modulosveri.sv Line: 185
    Warning (13013): Ports D and ENA on the latch are fed by the same signal rtl~117
Warning (13012): Latch DataMemory:dmem|ram[149][4] has unsafe behavior File: C:/Users/gomez/OneDrive/Escritorio/mini_proyectos/modulosveri.sv Line: 185
    Warning (13013): Ports D and ENA on the latch are fed by the same signal rtl~117
Warning (13012): Latch DataMemory:dmem|ram[165][4] has unsafe behavior File: C:/Users/gomez/OneDrive/Escritorio/mini_proyectos/modulosveri.sv Line: 185
    Warning (13013): Ports D and ENA on the latch are fed by the same signal rtl~117
Warning (13012): Latch DataMemory:dmem|ram[181][4] has unsafe behavior File: C:/Users/gomez/OneDrive/Escritorio/mini_proyectos/modulosveri.sv Line: 185
    Warning (13013): Ports D and ENA on the latch are fed by the same signal rtl~117
Warning (13012): Latch DataMemory:dmem|ram[137][4] has unsafe behavior File: C:/Users/gomez/OneDrive/Escritorio/mini_proyectos/modulosveri.sv Line: 185
    Warning (13013): Ports D and ENA on the latch are fed by the same signal rtl~117
Warning (13012): Latch DataMemory:dmem|ram[153][4] has unsafe behavior File: C:/Users/gomez/OneDrive/Escritorio/mini_proyectos/modulosveri.sv Line: 185
    Warning (13013): Ports D and ENA on the latch are fed by the same signal rtl~117
Warning (13012): Latch DataMemory:dmem|ram[169][4] has unsafe behavior File: C:/Users/gomez/OneDrive/Escritorio/mini_proyectos/modulosveri.sv Line: 185
    Warning (13013): Ports D and ENA on the latch are fed by the same signal rtl~117
Warning (13012): Latch DataMemory:dmem|ram[185][4] has unsafe behavior File: C:/Users/gomez/OneDrive/Escritorio/mini_proyectos/modulosveri.sv Line: 185
    Warning (13013): Ports D and ENA on the latch are fed by the same signal rtl~117
Warning (13012): Latch DataMemory:dmem|ram[141][4] has unsafe behavior File: C:/Users/gomez/OneDrive/Escritorio/mini_proyectos/modulosveri.sv Line: 185
    Warning (13013): Ports D and ENA on the latch are fed by the same signal rtl~117
Warning (13012): Latch DataMemory:dmem|ram[157][4] has unsafe behavior File: C:/Users/gomez/OneDrive/Escritorio/mini_proyectos/modulosveri.sv Line: 185
    Warning (13013): Ports D and ENA on the latch are fed by the same signal rtl~117
Warning (13012): Latch DataMemory:dmem|ram[173][4] has unsafe behavior File: C:/Users/gomez/OneDrive/Escritorio/mini_proyectos/modulosveri.sv Line: 185
    Warning (13013): Ports D and ENA on the latch are fed by the same signal rtl~117
Warning (13012): Latch DataMemory:dmem|ram[189][4] has unsafe behavior File: C:/Users/gomez/OneDrive/Escritorio/mini_proyectos/modulosveri.sv Line: 185
    Warning (13013): Ports D and ENA on the latch are fed by the same signal rtl~117
Warning (13012): Latch DataMemory:dmem|ram[130][4] has unsafe behavior File: C:/Users/gomez/OneDrive/Escritorio/mini_proyectos/modulosveri.sv Line: 185
    Warning (13013): Ports D and ENA on the latch are fed by the same signal rtl~117
Warning (13012): Latch DataMemory:dmem|ram[134][4] has unsafe behavior File: C:/Users/gomez/OneDrive/Escritorio/mini_proyectos/modulosveri.sv Line: 185
    Warning (13013): Ports D and ENA on the latch are fed by the same signal rtl~117
Warning (13012): Latch DataMemory:dmem|ram[138][4] has unsafe behavior File: C:/Users/gomez/OneDrive/Escritorio/mini_proyectos/modulosveri.sv Line: 185
    Warning (13013): Ports D and ENA on the latch are fed by the same signal rtl~117
Warning (13012): Latch DataMemory:dmem|ram[142][4] has unsafe behavior File: C:/Users/gomez/OneDrive/Escritorio/mini_proyectos/modulosveri.sv Line: 185
    Warning (13013): Ports D and ENA on the latch are fed by the same signal rtl~117
Warning (13012): Latch DataMemory:dmem|ram[146][4] has unsafe behavior File: C:/Users/gomez/OneDrive/Escritorio/mini_proyectos/modulosveri.sv Line: 185
    Warning (13013): Ports D and ENA on the latch are fed by the same signal rtl~117
Warning (13012): Latch DataMemory:dmem|ram[150][4] has unsafe behavior File: C:/Users/gomez/OneDrive/Escritorio/mini_proyectos/modulosveri.sv Line: 185
    Warning (13013): Ports D and ENA on the latch are fed by the same signal rtl~117
Warning (13012): Latch DataMemory:dmem|ram[154][4] has unsafe behavior File: C:/Users/gomez/OneDrive/Escritorio/mini_proyectos/modulosveri.sv Line: 185
    Warning (13013): Ports D and ENA on the latch are fed by the same signal rtl~117
Warning (13012): Latch DataMemory:dmem|ram[158][4] has unsafe behavior File: C:/Users/gomez/OneDrive/Escritorio/mini_proyectos/modulosveri.sv Line: 185
    Warning (13013): Ports D and ENA on the latch are fed by the same signal rtl~117
Warning (13012): Latch DataMemory:dmem|ram[162][4] has unsafe behavior File: C:/Users/gomez/OneDrive/Escritorio/mini_proyectos/modulosveri.sv Line: 185
    Warning (13013): Ports D and ENA on the latch are fed by the same signal rtl~117
Warning (13012): Latch DataMemory:dmem|ram[166][4] has unsafe behavior File: C:/Users/gomez/OneDrive/Escritorio/mini_proyectos/modulosveri.sv Line: 185
    Warning (13013): Ports D and ENA on the latch are fed by the same signal rtl~117
Warning (13012): Latch DataMemory:dmem|ram[170][4] has unsafe behavior File: C:/Users/gomez/OneDrive/Escritorio/mini_proyectos/modulosveri.sv Line: 185
    Warning (13013): Ports D and ENA on the latch are fed by the same signal rtl~117
Warning (13012): Latch DataMemory:dmem|ram[174][4] has unsafe behavior File: C:/Users/gomez/OneDrive/Escritorio/mini_proyectos/modulosveri.sv Line: 185
    Warning (13013): Ports D and ENA on the latch are fed by the same signal rtl~117
Warning (13012): Latch DataMemory:dmem|ram[178][4] has unsafe behavior File: C:/Users/gomez/OneDrive/Escritorio/mini_proyectos/modulosveri.sv Line: 185
    Warning (13013): Ports D and ENA on the latch are fed by the same signal rtl~117
Warning (13012): Latch DataMemory:dmem|ram[182][4] has unsafe behavior File: C:/Users/gomez/OneDrive/Escritorio/mini_proyectos/modulosveri.sv Line: 185
    Warning (13013): Ports D and ENA on the latch are fed by the same signal rtl~117
Warning (13012): Latch DataMemory:dmem|ram[186][4] has unsafe behavior File: C:/Users/gomez/OneDrive/Escritorio/mini_proyectos/modulosveri.sv Line: 185
    Warning (13013): Ports D and ENA on the latch are fed by the same signal rtl~117
Warning (13012): Latch DataMemory:dmem|ram[190][4] has unsafe behavior File: C:/Users/gomez/OneDrive/Escritorio/mini_proyectos/modulosveri.sv Line: 185
    Warning (13013): Ports D and ENA on the latch are fed by the same signal rtl~117
Warning (13012): Latch DataMemory:dmem|ram[131][4] has unsafe behavior File: C:/Users/gomez/OneDrive/Escritorio/mini_proyectos/modulosveri.sv Line: 185
    Warning (13013): Ports D and ENA on the latch are fed by the same signal rtl~117
Warning (13012): Latch DataMemory:dmem|ram[147][4] has unsafe behavior File: C:/Users/gomez/OneDrive/Escritorio/mini_proyectos/modulosveri.sv Line: 185
    Warning (13013): Ports D and ENA on the latch are fed by the same signal rtl~117
Warning (13012): Latch DataMemory:dmem|ram[163][4] has unsafe behavior File: C:/Users/gomez/OneDrive/Escritorio/mini_proyectos/modulosveri.sv Line: 185
    Warning (13013): Ports D and ENA on the latch are fed by the same signal rtl~117
Warning (13012): Latch DataMemory:dmem|ram[179][4] has unsafe behavior File: C:/Users/gomez/OneDrive/Escritorio/mini_proyectos/modulosveri.sv Line: 185
    Warning (13013): Ports D and ENA on the latch are fed by the same signal rtl~117
Warning (13012): Latch DataMemory:dmem|ram[135][4] has unsafe behavior File: C:/Users/gomez/OneDrive/Escritorio/mini_proyectos/modulosveri.sv Line: 185
    Warning (13013): Ports D and ENA on the latch are fed by the same signal rtl~117
Warning (13012): Latch DataMemory:dmem|ram[151][4] has unsafe behavior File: C:/Users/gomez/OneDrive/Escritorio/mini_proyectos/modulosveri.sv Line: 185
    Warning (13013): Ports D and ENA on the latch are fed by the same signal rtl~117
Warning (13012): Latch DataMemory:dmem|ram[167][4] has unsafe behavior File: C:/Users/gomez/OneDrive/Escritorio/mini_proyectos/modulosveri.sv Line: 185
    Warning (13013): Ports D and ENA on the latch are fed by the same signal rtl~117
Warning (13012): Latch DataMemory:dmem|ram[183][4] has unsafe behavior File: C:/Users/gomez/OneDrive/Escritorio/mini_proyectos/modulosveri.sv Line: 185
    Warning (13013): Ports D and ENA on the latch are fed by the same signal rtl~117
Warning (13012): Latch DataMemory:dmem|ram[139][4] has unsafe behavior File: C:/Users/gomez/OneDrive/Escritorio/mini_proyectos/modulosveri.sv Line: 185
    Warning (13013): Ports D and ENA on the latch are fed by the same signal rtl~117
Warning (13012): Latch DataMemory:dmem|ram[155][4] has unsafe behavior File: C:/Users/gomez/OneDrive/Escritorio/mini_proyectos/modulosveri.sv Line: 185
    Warning (13013): Ports D and ENA on the latch are fed by the same signal rtl~117
Warning (13012): Latch DataMemory:dmem|ram[171][4] has unsafe behavior File: C:/Users/gomez/OneDrive/Escritorio/mini_proyectos/modulosveri.sv Line: 185
    Warning (13013): Ports D and ENA on the latch are fed by the same signal rtl~117
Warning (13012): Latch DataMemory:dmem|ram[187][4] has unsafe behavior File: C:/Users/gomez/OneDrive/Escritorio/mini_proyectos/modulosveri.sv Line: 185
    Warning (13013): Ports D and ENA on the latch are fed by the same signal rtl~117
Warning (13012): Latch DataMemory:dmem|ram[143][4] has unsafe behavior File: C:/Users/gomez/OneDrive/Escritorio/mini_proyectos/modulosveri.sv Line: 185
    Warning (13013): Ports D and ENA on the latch are fed by the same signal rtl~117
Warning (13012): Latch DataMemory:dmem|ram[159][4] has unsafe behavior File: C:/Users/gomez/OneDrive/Escritorio/mini_proyectos/modulosveri.sv Line: 185
    Warning (13013): Ports D and ENA on the latch are fed by the same signal rtl~117
Warning (13012): Latch DataMemory:dmem|ram[175][4] has unsafe behavior File: C:/Users/gomez/OneDrive/Escritorio/mini_proyectos/modulosveri.sv Line: 185
    Warning (13013): Ports D and ENA on the latch are fed by the same signal rtl~117
Warning (13012): Latch DataMemory:dmem|ram[191][4] has unsafe behavior File: C:/Users/gomez/OneDrive/Escritorio/mini_proyectos/modulosveri.sv Line: 185
    Warning (13013): Ports D and ENA on the latch are fed by the same signal rtl~117
Warning (13012): Latch DataMemory:dmem|ram[200][4] has unsafe behavior File: C:/Users/gomez/OneDrive/Escritorio/mini_proyectos/modulosveri.sv Line: 185
    Warning (13013): Ports D and ENA on the latch are fed by the same signal rtl~117
Warning (13012): Latch DataMemory:dmem|ram[192][4] has unsafe behavior File: C:/Users/gomez/OneDrive/Escritorio/mini_proyectos/modulosveri.sv Line: 185
    Warning (13013): Ports D and ENA on the latch are fed by the same signal rtl~117
Warning (13012): Latch DataMemory:dmem|ram[193][4] has unsafe behavior File: C:/Users/gomez/OneDrive/Escritorio/mini_proyectos/modulosveri.sv Line: 185
    Warning (13013): Ports D and ENA on the latch are fed by the same signal rtl~117
Warning (13012): Latch DataMemory:dmem|ram[194][4] has unsafe behavior File: C:/Users/gomez/OneDrive/Escritorio/mini_proyectos/modulosveri.sv Line: 185
    Warning (13013): Ports D and ENA on the latch are fed by the same signal rtl~117
Warning (13012): Latch DataMemory:dmem|ram[195][4] has unsafe behavior File: C:/Users/gomez/OneDrive/Escritorio/mini_proyectos/modulosveri.sv Line: 185
    Warning (13013): Ports D and ENA on the latch are fed by the same signal rtl~117
Warning (13012): Latch DataMemory:dmem|ram[196][4] has unsafe behavior File: C:/Users/gomez/OneDrive/Escritorio/mini_proyectos/modulosveri.sv Line: 185
    Warning (13013): Ports D and ENA on the latch are fed by the same signal rtl~117
Warning (13012): Latch DataMemory:dmem|ram[197][4] has unsafe behavior File: C:/Users/gomez/OneDrive/Escritorio/mini_proyectos/modulosveri.sv Line: 185
    Warning (13013): Ports D and ENA on the latch are fed by the same signal rtl~117
Warning (13012): Latch DataMemory:dmem|ram[198][4] has unsafe behavior File: C:/Users/gomez/OneDrive/Escritorio/mini_proyectos/modulosveri.sv Line: 185
    Warning (13013): Ports D and ENA on the latch are fed by the same signal rtl~117
Warning (13012): Latch DataMemory:dmem|ram[199][4] has unsafe behavior File: C:/Users/gomez/OneDrive/Escritorio/mini_proyectos/modulosveri.sv Line: 185
    Warning (13013): Ports D and ENA on the latch are fed by the same signal rtl~117
Warning (13012): Latch DataMemory:dmem|ram[64][4] has unsafe behavior File: C:/Users/gomez/OneDrive/Escritorio/mini_proyectos/modulosveri.sv Line: 185
    Warning (13013): Ports D and ENA on the latch are fed by the same signal rtl~117
Warning (13012): Latch DataMemory:dmem|ram[68][4] has unsafe behavior File: C:/Users/gomez/OneDrive/Escritorio/mini_proyectos/modulosveri.sv Line: 185
    Warning (13013): Ports D and ENA on the latch are fed by the same signal rtl~117
Warning (13012): Latch DataMemory:dmem|ram[72][4] has unsafe behavior File: C:/Users/gomez/OneDrive/Escritorio/mini_proyectos/modulosveri.sv Line: 185
    Warning (13013): Ports D and ENA on the latch are fed by the same signal rtl~117
Warning (13012): Latch DataMemory:dmem|ram[76][4] has unsafe behavior File: C:/Users/gomez/OneDrive/Escritorio/mini_proyectos/modulosveri.sv Line: 185
    Warning (13013): Ports D and ENA on the latch are fed by the same signal rtl~117
Warning (13012): Latch DataMemory:dmem|ram[80][4] has unsafe behavior File: C:/Users/gomez/OneDrive/Escritorio/mini_proyectos/modulosveri.sv Line: 185
    Warning (13013): Ports D and ENA on the latch are fed by the same signal rtl~117
Warning (13012): Latch DataMemory:dmem|ram[84][4] has unsafe behavior File: C:/Users/gomez/OneDrive/Escritorio/mini_proyectos/modulosveri.sv Line: 185
    Warning (13013): Ports D and ENA on the latch are fed by the same signal rtl~117
Warning (13012): Latch DataMemory:dmem|ram[88][4] has unsafe behavior File: C:/Users/gomez/OneDrive/Escritorio/mini_proyectos/modulosveri.sv Line: 185
    Warning (13013): Ports D and ENA on the latch are fed by the same signal rtl~117
Warning (13012): Latch DataMemory:dmem|ram[92][4] has unsafe behavior File: C:/Users/gomez/OneDrive/Escritorio/mini_proyectos/modulosveri.sv Line: 185
    Warning (13013): Ports D and ENA on the latch are fed by the same signal rtl~117
Warning (13012): Latch DataMemory:dmem|ram[96][4] has unsafe behavior File: C:/Users/gomez/OneDrive/Escritorio/mini_proyectos/modulosveri.sv Line: 185
    Warning (13013): Ports D and ENA on the latch are fed by the same signal rtl~117
Warning (13012): Latch DataMemory:dmem|ram[100][4] has unsafe behavior File: C:/Users/gomez/OneDrive/Escritorio/mini_proyectos/modulosveri.sv Line: 185
    Warning (13013): Ports D and ENA on the latch are fed by the same signal rtl~117
Warning (13012): Latch DataMemory:dmem|ram[104][4] has unsafe behavior File: C:/Users/gomez/OneDrive/Escritorio/mini_proyectos/modulosveri.sv Line: 185
    Warning (13013): Ports D and ENA on the latch are fed by the same signal rtl~117
Warning (13012): Latch DataMemory:dmem|ram[108][4] has unsafe behavior File: C:/Users/gomez/OneDrive/Escritorio/mini_proyectos/modulosveri.sv Line: 185
    Warning (13013): Ports D and ENA on the latch are fed by the same signal rtl~117
Warning (13012): Latch DataMemory:dmem|ram[112][4] has unsafe behavior File: C:/Users/gomez/OneDrive/Escritorio/mini_proyectos/modulosveri.sv Line: 185
    Warning (13013): Ports D and ENA on the latch are fed by the same signal rtl~117
Warning (13012): Latch DataMemory:dmem|ram[116][4] has unsafe behavior File: C:/Users/gomez/OneDrive/Escritorio/mini_proyectos/modulosveri.sv Line: 185
    Warning (13013): Ports D and ENA on the latch are fed by the same signal rtl~117
Warning (13012): Latch DataMemory:dmem|ram[120][4] has unsafe behavior File: C:/Users/gomez/OneDrive/Escritorio/mini_proyectos/modulosveri.sv Line: 185
    Warning (13013): Ports D and ENA on the latch are fed by the same signal rtl~117
Warning (13012): Latch DataMemory:dmem|ram[124][4] has unsafe behavior File: C:/Users/gomez/OneDrive/Escritorio/mini_proyectos/modulosveri.sv Line: 185
    Warning (13013): Ports D and ENA on the latch are fed by the same signal rtl~117
Warning (13012): Latch DataMemory:dmem|ram[65][4] has unsafe behavior File: C:/Users/gomez/OneDrive/Escritorio/mini_proyectos/modulosveri.sv Line: 185
    Warning (13013): Ports D and ENA on the latch are fed by the same signal rtl~117
Warning (13012): Latch DataMemory:dmem|ram[81][4] has unsafe behavior File: C:/Users/gomez/OneDrive/Escritorio/mini_proyectos/modulosveri.sv Line: 185
    Warning (13013): Ports D and ENA on the latch are fed by the same signal rtl~117
Warning (13012): Latch DataMemory:dmem|ram[97][4] has unsafe behavior File: C:/Users/gomez/OneDrive/Escritorio/mini_proyectos/modulosveri.sv Line: 185
    Warning (13013): Ports D and ENA on the latch are fed by the same signal rtl~117
Warning (13012): Latch DataMemory:dmem|ram[113][4] has unsafe behavior File: C:/Users/gomez/OneDrive/Escritorio/mini_proyectos/modulosveri.sv Line: 185
    Warning (13013): Ports D and ENA on the latch are fed by the same signal rtl~117
Warning (13012): Latch DataMemory:dmem|ram[69][4] has unsafe behavior File: C:/Users/gomez/OneDrive/Escritorio/mini_proyectos/modulosveri.sv Line: 185
    Warning (13013): Ports D and ENA on the latch are fed by the same signal rtl~117
Warning (13012): Latch DataMemory:dmem|ram[85][4] has unsafe behavior File: C:/Users/gomez/OneDrive/Escritorio/mini_proyectos/modulosveri.sv Line: 185
    Warning (13013): Ports D and ENA on the latch are fed by the same signal rtl~117
Warning (13012): Latch DataMemory:dmem|ram[101][4] has unsafe behavior File: C:/Users/gomez/OneDrive/Escritorio/mini_proyectos/modulosveri.sv Line: 185
    Warning (13013): Ports D and ENA on the latch are fed by the same signal rtl~117
Warning (13012): Latch DataMemory:dmem|ram[117][4] has unsafe behavior File: C:/Users/gomez/OneDrive/Escritorio/mini_proyectos/modulosveri.sv Line: 185
    Warning (13013): Ports D and ENA on the latch are fed by the same signal rtl~117
Warning (13012): Latch DataMemory:dmem|ram[73][4] has unsafe behavior File: C:/Users/gomez/OneDrive/Escritorio/mini_proyectos/modulosveri.sv Line: 185
    Warning (13013): Ports D and ENA on the latch are fed by the same signal rtl~117
Warning (13012): Latch DataMemory:dmem|ram[89][4] has unsafe behavior File: C:/Users/gomez/OneDrive/Escritorio/mini_proyectos/modulosveri.sv Line: 185
    Warning (13013): Ports D and ENA on the latch are fed by the same signal rtl~117
Warning (13012): Latch DataMemory:dmem|ram[105][4] has unsafe behavior File: C:/Users/gomez/OneDrive/Escritorio/mini_proyectos/modulosveri.sv Line: 185
    Warning (13013): Ports D and ENA on the latch are fed by the same signal rtl~117
Warning (13012): Latch DataMemory:dmem|ram[121][4] has unsafe behavior File: C:/Users/gomez/OneDrive/Escritorio/mini_proyectos/modulosveri.sv Line: 185
    Warning (13013): Ports D and ENA on the latch are fed by the same signal rtl~117
Warning (13012): Latch DataMemory:dmem|ram[77][4] has unsafe behavior File: C:/Users/gomez/OneDrive/Escritorio/mini_proyectos/modulosveri.sv Line: 185
    Warning (13013): Ports D and ENA on the latch are fed by the same signal rtl~117
Warning (13012): Latch DataMemory:dmem|ram[93][4] has unsafe behavior File: C:/Users/gomez/OneDrive/Escritorio/mini_proyectos/modulosveri.sv Line: 185
    Warning (13013): Ports D and ENA on the latch are fed by the same signal rtl~117
Warning (13012): Latch DataMemory:dmem|ram[109][4] has unsafe behavior File: C:/Users/gomez/OneDrive/Escritorio/mini_proyectos/modulosveri.sv Line: 185
    Warning (13013): Ports D and ENA on the latch are fed by the same signal rtl~117
Warning (13012): Latch DataMemory:dmem|ram[125][4] has unsafe behavior File: C:/Users/gomez/OneDrive/Escritorio/mini_proyectos/modulosveri.sv Line: 185
    Warning (13013): Ports D and ENA on the latch are fed by the same signal rtl~117
Warning (13012): Latch DataMemory:dmem|ram[66][4] has unsafe behavior File: C:/Users/gomez/OneDrive/Escritorio/mini_proyectos/modulosveri.sv Line: 185
    Warning (13013): Ports D and ENA on the latch are fed by the same signal rtl~117
Warning (13012): Latch DataMemory:dmem|ram[70][4] has unsafe behavior File: C:/Users/gomez/OneDrive/Escritorio/mini_proyectos/modulosveri.sv Line: 185
    Warning (13013): Ports D and ENA on the latch are fed by the same signal rtl~117
Warning (13012): Latch DataMemory:dmem|ram[74][4] has unsafe behavior File: C:/Users/gomez/OneDrive/Escritorio/mini_proyectos/modulosveri.sv Line: 185
    Warning (13013): Ports D and ENA on the latch are fed by the same signal rtl~117
Warning (13012): Latch DataMemory:dmem|ram[78][4] has unsafe behavior File: C:/Users/gomez/OneDrive/Escritorio/mini_proyectos/modulosveri.sv Line: 185
    Warning (13013): Ports D and ENA on the latch are fed by the same signal rtl~117
Warning (13012): Latch DataMemory:dmem|ram[82][4] has unsafe behavior File: C:/Users/gomez/OneDrive/Escritorio/mini_proyectos/modulosveri.sv Line: 185
    Warning (13013): Ports D and ENA on the latch are fed by the same signal rtl~117
Warning (13012): Latch DataMemory:dmem|ram[86][4] has unsafe behavior File: C:/Users/gomez/OneDrive/Escritorio/mini_proyectos/modulosveri.sv Line: 185
    Warning (13013): Ports D and ENA on the latch are fed by the same signal rtl~117
Warning (13012): Latch DataMemory:dmem|ram[90][4] has unsafe behavior File: C:/Users/gomez/OneDrive/Escritorio/mini_proyectos/modulosveri.sv Line: 185
    Warning (13013): Ports D and ENA on the latch are fed by the same signal rtl~117
Warning (13012): Latch DataMemory:dmem|ram[94][4] has unsafe behavior File: C:/Users/gomez/OneDrive/Escritorio/mini_proyectos/modulosveri.sv Line: 185
    Warning (13013): Ports D and ENA on the latch are fed by the same signal rtl~117
Warning (13012): Latch DataMemory:dmem|ram[98][4] has unsafe behavior File: C:/Users/gomez/OneDrive/Escritorio/mini_proyectos/modulosveri.sv Line: 185
    Warning (13013): Ports D and ENA on the latch are fed by the same signal rtl~117
Warning (13012): Latch DataMemory:dmem|ram[102][4] has unsafe behavior File: C:/Users/gomez/OneDrive/Escritorio/mini_proyectos/modulosveri.sv Line: 185
    Warning (13013): Ports D and ENA on the latch are fed by the same signal rtl~117
Warning (13012): Latch DataMemory:dmem|ram[106][4] has unsafe behavior File: C:/Users/gomez/OneDrive/Escritorio/mini_proyectos/modulosveri.sv Line: 185
    Warning (13013): Ports D and ENA on the latch are fed by the same signal rtl~117
Warning (13012): Latch DataMemory:dmem|ram[110][4] has unsafe behavior File: C:/Users/gomez/OneDrive/Escritorio/mini_proyectos/modulosveri.sv Line: 185
    Warning (13013): Ports D and ENA on the latch are fed by the same signal rtl~117
Warning (13012): Latch DataMemory:dmem|ram[114][4] has unsafe behavior File: C:/Users/gomez/OneDrive/Escritorio/mini_proyectos/modulosveri.sv Line: 185
    Warning (13013): Ports D and ENA on the latch are fed by the same signal rtl~117
Warning (13012): Latch DataMemory:dmem|ram[118][4] has unsafe behavior File: C:/Users/gomez/OneDrive/Escritorio/mini_proyectos/modulosveri.sv Line: 185
    Warning (13013): Ports D and ENA on the latch are fed by the same signal rtl~117
Warning (13012): Latch DataMemory:dmem|ram[122][4] has unsafe behavior File: C:/Users/gomez/OneDrive/Escritorio/mini_proyectos/modulosveri.sv Line: 185
    Warning (13013): Ports D and ENA on the latch are fed by the same signal rtl~117
Warning (13012): Latch DataMemory:dmem|ram[126][4] has unsafe behavior File: C:/Users/gomez/OneDrive/Escritorio/mini_proyectos/modulosveri.sv Line: 185
    Warning (13013): Ports D and ENA on the latch are fed by the same signal rtl~117
Warning (13012): Latch DataMemory:dmem|ram[67][4] has unsafe behavior File: C:/Users/gomez/OneDrive/Escritorio/mini_proyectos/modulosveri.sv Line: 185
    Warning (13013): Ports D and ENA on the latch are fed by the same signal rtl~117
Warning (13012): Latch DataMemory:dmem|ram[83][4] has unsafe behavior File: C:/Users/gomez/OneDrive/Escritorio/mini_proyectos/modulosveri.sv Line: 185
    Warning (13013): Ports D and ENA on the latch are fed by the same signal rtl~117
Warning (13012): Latch DataMemory:dmem|ram[99][4] has unsafe behavior File: C:/Users/gomez/OneDrive/Escritorio/mini_proyectos/modulosveri.sv Line: 185
    Warning (13013): Ports D and ENA on the latch are fed by the same signal rtl~117
Warning (13012): Latch DataMemory:dmem|ram[115][4] has unsafe behavior File: C:/Users/gomez/OneDrive/Escritorio/mini_proyectos/modulosveri.sv Line: 185
    Warning (13013): Ports D and ENA on the latch are fed by the same signal rtl~117
Warning (13012): Latch DataMemory:dmem|ram[71][4] has unsafe behavior File: C:/Users/gomez/OneDrive/Escritorio/mini_proyectos/modulosveri.sv Line: 185
    Warning (13013): Ports D and ENA on the latch are fed by the same signal rtl~117
Warning (13012): Latch DataMemory:dmem|ram[87][4] has unsafe behavior File: C:/Users/gomez/OneDrive/Escritorio/mini_proyectos/modulosveri.sv Line: 185
    Warning (13013): Ports D and ENA on the latch are fed by the same signal rtl~117
Warning (13012): Latch DataMemory:dmem|ram[103][4] has unsafe behavior File: C:/Users/gomez/OneDrive/Escritorio/mini_proyectos/modulosveri.sv Line: 185
    Warning (13013): Ports D and ENA on the latch are fed by the same signal rtl~117
Warning (13012): Latch DataMemory:dmem|ram[119][4] has unsafe behavior File: C:/Users/gomez/OneDrive/Escritorio/mini_proyectos/modulosveri.sv Line: 185
    Warning (13013): Ports D and ENA on the latch are fed by the same signal rtl~117
Warning (13012): Latch DataMemory:dmem|ram[75][4] has unsafe behavior File: C:/Users/gomez/OneDrive/Escritorio/mini_proyectos/modulosveri.sv Line: 185
    Warning (13013): Ports D and ENA on the latch are fed by the same signal rtl~117
Warning (13012): Latch DataMemory:dmem|ram[91][4] has unsafe behavior File: C:/Users/gomez/OneDrive/Escritorio/mini_proyectos/modulosveri.sv Line: 185
    Warning (13013): Ports D and ENA on the latch are fed by the same signal rtl~117
Warning (13012): Latch DataMemory:dmem|ram[107][4] has unsafe behavior File: C:/Users/gomez/OneDrive/Escritorio/mini_proyectos/modulosveri.sv Line: 185
    Warning (13013): Ports D and ENA on the latch are fed by the same signal rtl~117
Warning (13012): Latch DataMemory:dmem|ram[123][4] has unsafe behavior File: C:/Users/gomez/OneDrive/Escritorio/mini_proyectos/modulosveri.sv Line: 185
    Warning (13013): Ports D and ENA on the latch are fed by the same signal rtl~117
Warning (13012): Latch DataMemory:dmem|ram[79][4] has unsafe behavior File: C:/Users/gomez/OneDrive/Escritorio/mini_proyectos/modulosveri.sv Line: 185
    Warning (13013): Ports D and ENA on the latch are fed by the same signal rtl~117
Warning (13012): Latch DataMemory:dmem|ram[95][4] has unsafe behavior File: C:/Users/gomez/OneDrive/Escritorio/mini_proyectos/modulosveri.sv Line: 185
    Warning (13013): Ports D and ENA on the latch are fed by the same signal rtl~117
Warning (13012): Latch DataMemory:dmem|ram[111][4] has unsafe behavior File: C:/Users/gomez/OneDrive/Escritorio/mini_proyectos/modulosveri.sv Line: 185
    Warning (13013): Ports D and ENA on the latch are fed by the same signal rtl~117
Warning (13012): Latch DataMemory:dmem|ram[127][4] has unsafe behavior File: C:/Users/gomez/OneDrive/Escritorio/mini_proyectos/modulosveri.sv Line: 185
    Warning (13013): Ports D and ENA on the latch are fed by the same signal rtl~117
Warning (13012): Latch DataMemory:dmem|ram[0][4] has unsafe behavior File: C:/Users/gomez/OneDrive/Escritorio/mini_proyectos/modulosveri.sv Line: 185
    Warning (13013): Ports D and ENA on the latch are fed by the same signal rtl~117
Warning (13012): Latch DataMemory:dmem|ram[4][4] has unsafe behavior File: C:/Users/gomez/OneDrive/Escritorio/mini_proyectos/modulosveri.sv Line: 185
    Warning (13013): Ports D and ENA on the latch are fed by the same signal rtl~117
Warning (13012): Latch DataMemory:dmem|ram[8][4] has unsafe behavior File: C:/Users/gomez/OneDrive/Escritorio/mini_proyectos/modulosveri.sv Line: 185
    Warning (13013): Ports D and ENA on the latch are fed by the same signal rtl~117
Warning (13012): Latch DataMemory:dmem|ram[12][4] has unsafe behavior File: C:/Users/gomez/OneDrive/Escritorio/mini_proyectos/modulosveri.sv Line: 185
    Warning (13013): Ports D and ENA on the latch are fed by the same signal rtl~117
Warning (13012): Latch DataMemory:dmem|ram[16][4] has unsafe behavior File: C:/Users/gomez/OneDrive/Escritorio/mini_proyectos/modulosveri.sv Line: 185
    Warning (13013): Ports D and ENA on the latch are fed by the same signal rtl~117
Warning (13012): Latch DataMemory:dmem|ram[20][4] has unsafe behavior File: C:/Users/gomez/OneDrive/Escritorio/mini_proyectos/modulosveri.sv Line: 185
    Warning (13013): Ports D and ENA on the latch are fed by the same signal rtl~117
Warning (13012): Latch DataMemory:dmem|ram[24][4] has unsafe behavior File: C:/Users/gomez/OneDrive/Escritorio/mini_proyectos/modulosveri.sv Line: 185
    Warning (13013): Ports D and ENA on the latch are fed by the same signal rtl~117
Warning (13012): Latch DataMemory:dmem|ram[28][4] has unsafe behavior File: C:/Users/gomez/OneDrive/Escritorio/mini_proyectos/modulosveri.sv Line: 185
    Warning (13013): Ports D and ENA on the latch are fed by the same signal rtl~117
Warning (13012): Latch DataMemory:dmem|ram[32][4] has unsafe behavior File: C:/Users/gomez/OneDrive/Escritorio/mini_proyectos/modulosveri.sv Line: 185
    Warning (13013): Ports D and ENA on the latch are fed by the same signal rtl~117
Warning (13012): Latch DataMemory:dmem|ram[36][4] has unsafe behavior File: C:/Users/gomez/OneDrive/Escritorio/mini_proyectos/modulosveri.sv Line: 185
    Warning (13013): Ports D and ENA on the latch are fed by the same signal rtl~117
Warning (13012): Latch DataMemory:dmem|ram[40][4] has unsafe behavior File: C:/Users/gomez/OneDrive/Escritorio/mini_proyectos/modulosveri.sv Line: 185
    Warning (13013): Ports D and ENA on the latch are fed by the same signal rtl~117
Warning (13012): Latch DataMemory:dmem|ram[44][4] has unsafe behavior File: C:/Users/gomez/OneDrive/Escritorio/mini_proyectos/modulosveri.sv Line: 185
    Warning (13013): Ports D and ENA on the latch are fed by the same signal rtl~117
Warning (13012): Latch DataMemory:dmem|ram[48][4] has unsafe behavior File: C:/Users/gomez/OneDrive/Escritorio/mini_proyectos/modulosveri.sv Line: 185
    Warning (13013): Ports D and ENA on the latch are fed by the same signal rtl~117
Warning (13012): Latch DataMemory:dmem|ram[52][4] has unsafe behavior File: C:/Users/gomez/OneDrive/Escritorio/mini_proyectos/modulosveri.sv Line: 185
    Warning (13013): Ports D and ENA on the latch are fed by the same signal rtl~117
Warning (13012): Latch DataMemory:dmem|ram[56][4] has unsafe behavior File: C:/Users/gomez/OneDrive/Escritorio/mini_proyectos/modulosveri.sv Line: 185
    Warning (13013): Ports D and ENA on the latch are fed by the same signal rtl~117
Warning (13012): Latch DataMemory:dmem|ram[60][4] has unsafe behavior File: C:/Users/gomez/OneDrive/Escritorio/mini_proyectos/modulosveri.sv Line: 185
    Warning (13013): Ports D and ENA on the latch are fed by the same signal rtl~117
Warning (13012): Latch DataMemory:dmem|ram[1][4] has unsafe behavior File: C:/Users/gomez/OneDrive/Escritorio/mini_proyectos/modulosveri.sv Line: 185
    Warning (13013): Ports D and ENA on the latch are fed by the same signal rtl~117
Warning (13012): Latch DataMemory:dmem|ram[17][4] has unsafe behavior File: C:/Users/gomez/OneDrive/Escritorio/mini_proyectos/modulosveri.sv Line: 185
    Warning (13013): Ports D and ENA on the latch are fed by the same signal rtl~117
Warning (13012): Latch DataMemory:dmem|ram[33][4] has unsafe behavior File: C:/Users/gomez/OneDrive/Escritorio/mini_proyectos/modulosveri.sv Line: 185
    Warning (13013): Ports D and ENA on the latch are fed by the same signal rtl~117
Warning (13012): Latch DataMemory:dmem|ram[49][4] has unsafe behavior File: C:/Users/gomez/OneDrive/Escritorio/mini_proyectos/modulosveri.sv Line: 185
    Warning (13013): Ports D and ENA on the latch are fed by the same signal rtl~117
Warning (13012): Latch DataMemory:dmem|ram[5][4] has unsafe behavior File: C:/Users/gomez/OneDrive/Escritorio/mini_proyectos/modulosveri.sv Line: 185
    Warning (13013): Ports D and ENA on the latch are fed by the same signal rtl~117
Warning (13012): Latch DataMemory:dmem|ram[21][4] has unsafe behavior File: C:/Users/gomez/OneDrive/Escritorio/mini_proyectos/modulosveri.sv Line: 185
    Warning (13013): Ports D and ENA on the latch are fed by the same signal rtl~117
Warning (13012): Latch DataMemory:dmem|ram[37][4] has unsafe behavior File: C:/Users/gomez/OneDrive/Escritorio/mini_proyectos/modulosveri.sv Line: 185
    Warning (13013): Ports D and ENA on the latch are fed by the same signal rtl~117
Warning (13012): Latch DataMemory:dmem|ram[53][4] has unsafe behavior File: C:/Users/gomez/OneDrive/Escritorio/mini_proyectos/modulosveri.sv Line: 185
    Warning (13013): Ports D and ENA on the latch are fed by the same signal rtl~117
Warning (13012): Latch DataMemory:dmem|ram[9][4] has unsafe behavior File: C:/Users/gomez/OneDrive/Escritorio/mini_proyectos/modulosveri.sv Line: 185
    Warning (13013): Ports D and ENA on the latch are fed by the same signal rtl~117
Warning (13012): Latch DataMemory:dmem|ram[25][4] has unsafe behavior File: C:/Users/gomez/OneDrive/Escritorio/mini_proyectos/modulosveri.sv Line: 185
    Warning (13013): Ports D and ENA on the latch are fed by the same signal rtl~117
Warning (13012): Latch DataMemory:dmem|ram[41][4] has unsafe behavior File: C:/Users/gomez/OneDrive/Escritorio/mini_proyectos/modulosveri.sv Line: 185
    Warning (13013): Ports D and ENA on the latch are fed by the same signal rtl~117
Warning (13012): Latch DataMemory:dmem|ram[57][4] has unsafe behavior File: C:/Users/gomez/OneDrive/Escritorio/mini_proyectos/modulosveri.sv Line: 185
    Warning (13013): Ports D and ENA on the latch are fed by the same signal rtl~117
Warning (13012): Latch DataMemory:dmem|ram[13][4] has unsafe behavior File: C:/Users/gomez/OneDrive/Escritorio/mini_proyectos/modulosveri.sv Line: 185
    Warning (13013): Ports D and ENA on the latch are fed by the same signal rtl~117
Warning (13012): Latch DataMemory:dmem|ram[29][4] has unsafe behavior File: C:/Users/gomez/OneDrive/Escritorio/mini_proyectos/modulosveri.sv Line: 185
    Warning (13013): Ports D and ENA on the latch are fed by the same signal rtl~117
Warning (13012): Latch DataMemory:dmem|ram[45][4] has unsafe behavior File: C:/Users/gomez/OneDrive/Escritorio/mini_proyectos/modulosveri.sv Line: 185
    Warning (13013): Ports D and ENA on the latch are fed by the same signal rtl~117
Warning (13012): Latch DataMemory:dmem|ram[61][4] has unsafe behavior File: C:/Users/gomez/OneDrive/Escritorio/mini_proyectos/modulosveri.sv Line: 185
    Warning (13013): Ports D and ENA on the latch are fed by the same signal rtl~117
Warning (13012): Latch DataMemory:dmem|ram[2][4] has unsafe behavior File: C:/Users/gomez/OneDrive/Escritorio/mini_proyectos/modulosveri.sv Line: 185
    Warning (13013): Ports D and ENA on the latch are fed by the same signal rtl~117
Warning (13012): Latch DataMemory:dmem|ram[6][4] has unsafe behavior File: C:/Users/gomez/OneDrive/Escritorio/mini_proyectos/modulosveri.sv Line: 185
    Warning (13013): Ports D and ENA on the latch are fed by the same signal rtl~117
Warning (13012): Latch DataMemory:dmem|ram[10][4] has unsafe behavior File: C:/Users/gomez/OneDrive/Escritorio/mini_proyectos/modulosveri.sv Line: 185
    Warning (13013): Ports D and ENA on the latch are fed by the same signal rtl~117
Warning (13012): Latch DataMemory:dmem|ram[14][4] has unsafe behavior File: C:/Users/gomez/OneDrive/Escritorio/mini_proyectos/modulosveri.sv Line: 185
    Warning (13013): Ports D and ENA on the latch are fed by the same signal rtl~117
Warning (13012): Latch DataMemory:dmem|ram[18][4] has unsafe behavior File: C:/Users/gomez/OneDrive/Escritorio/mini_proyectos/modulosveri.sv Line: 185
    Warning (13013): Ports D and ENA on the latch are fed by the same signal rtl~117
Warning (13012): Latch DataMemory:dmem|ram[22][4] has unsafe behavior File: C:/Users/gomez/OneDrive/Escritorio/mini_proyectos/modulosveri.sv Line: 185
    Warning (13013): Ports D and ENA on the latch are fed by the same signal rtl~117
Warning (13012): Latch DataMemory:dmem|ram[26][4] has unsafe behavior File: C:/Users/gomez/OneDrive/Escritorio/mini_proyectos/modulosveri.sv Line: 185
    Warning (13013): Ports D and ENA on the latch are fed by the same signal rtl~117
Warning (13012): Latch DataMemory:dmem|ram[30][4] has unsafe behavior File: C:/Users/gomez/OneDrive/Escritorio/mini_proyectos/modulosveri.sv Line: 185
    Warning (13013): Ports D and ENA on the latch are fed by the same signal rtl~117
Warning (13012): Latch DataMemory:dmem|ram[34][4] has unsafe behavior File: C:/Users/gomez/OneDrive/Escritorio/mini_proyectos/modulosveri.sv Line: 185
    Warning (13013): Ports D and ENA on the latch are fed by the same signal rtl~117
Warning (13012): Latch DataMemory:dmem|ram[38][4] has unsafe behavior File: C:/Users/gomez/OneDrive/Escritorio/mini_proyectos/modulosveri.sv Line: 185
    Warning (13013): Ports D and ENA on the latch are fed by the same signal rtl~117
Warning (13012): Latch DataMemory:dmem|ram[42][4] has unsafe behavior File: C:/Users/gomez/OneDrive/Escritorio/mini_proyectos/modulosveri.sv Line: 185
    Warning (13013): Ports D and ENA on the latch are fed by the same signal rtl~117
Warning (13012): Latch DataMemory:dmem|ram[46][4] has unsafe behavior File: C:/Users/gomez/OneDrive/Escritorio/mini_proyectos/modulosveri.sv Line: 185
    Warning (13013): Ports D and ENA on the latch are fed by the same signal rtl~117
Warning (13012): Latch DataMemory:dmem|ram[50][4] has unsafe behavior File: C:/Users/gomez/OneDrive/Escritorio/mini_proyectos/modulosveri.sv Line: 185
    Warning (13013): Ports D and ENA on the latch are fed by the same signal rtl~117
Warning (13012): Latch DataMemory:dmem|ram[54][4] has unsafe behavior File: C:/Users/gomez/OneDrive/Escritorio/mini_proyectos/modulosveri.sv Line: 185
    Warning (13013): Ports D and ENA on the latch are fed by the same signal rtl~117
Warning (13012): Latch DataMemory:dmem|ram[58][4] has unsafe behavior File: C:/Users/gomez/OneDrive/Escritorio/mini_proyectos/modulosveri.sv Line: 185
    Warning (13013): Ports D and ENA on the latch are fed by the same signal rtl~117
Warning (13012): Latch DataMemory:dmem|ram[62][4] has unsafe behavior File: C:/Users/gomez/OneDrive/Escritorio/mini_proyectos/modulosveri.sv Line: 185
    Warning (13013): Ports D and ENA on the latch are fed by the same signal rtl~117
Warning (13012): Latch DataMemory:dmem|ram[3][4] has unsafe behavior File: C:/Users/gomez/OneDrive/Escritorio/mini_proyectos/modulosveri.sv Line: 185
    Warning (13013): Ports D and ENA on the latch are fed by the same signal rtl~117
Warning (13012): Latch DataMemory:dmem|ram[19][4] has unsafe behavior File: C:/Users/gomez/OneDrive/Escritorio/mini_proyectos/modulosveri.sv Line: 185
    Warning (13013): Ports D and ENA on the latch are fed by the same signal rtl~117
Warning (13012): Latch DataMemory:dmem|ram[35][4] has unsafe behavior File: C:/Users/gomez/OneDrive/Escritorio/mini_proyectos/modulosveri.sv Line: 185
    Warning (13013): Ports D and ENA on the latch are fed by the same signal rtl~117
Warning (13012): Latch DataMemory:dmem|ram[51][4] has unsafe behavior File: C:/Users/gomez/OneDrive/Escritorio/mini_proyectos/modulosveri.sv Line: 185
    Warning (13013): Ports D and ENA on the latch are fed by the same signal rtl~117
Warning (13012): Latch DataMemory:dmem|ram[7][4] has unsafe behavior File: C:/Users/gomez/OneDrive/Escritorio/mini_proyectos/modulosveri.sv Line: 185
    Warning (13013): Ports D and ENA on the latch are fed by the same signal rtl~117
Warning (13012): Latch DataMemory:dmem|ram[23][4] has unsafe behavior File: C:/Users/gomez/OneDrive/Escritorio/mini_proyectos/modulosveri.sv Line: 185
    Warning (13013): Ports D and ENA on the latch are fed by the same signal rtl~117
Warning (13012): Latch DataMemory:dmem|ram[39][4] has unsafe behavior File: C:/Users/gomez/OneDrive/Escritorio/mini_proyectos/modulosveri.sv Line: 185
    Warning (13013): Ports D and ENA on the latch are fed by the same signal rtl~117
Warning (13012): Latch DataMemory:dmem|ram[55][4] has unsafe behavior File: C:/Users/gomez/OneDrive/Escritorio/mini_proyectos/modulosveri.sv Line: 185
    Warning (13013): Ports D and ENA on the latch are fed by the same signal rtl~117
Warning (13012): Latch DataMemory:dmem|ram[11][4] has unsafe behavior File: C:/Users/gomez/OneDrive/Escritorio/mini_proyectos/modulosveri.sv Line: 185
    Warning (13013): Ports D and ENA on the latch are fed by the same signal rtl~117
Warning (13012): Latch DataMemory:dmem|ram[27][4] has unsafe behavior File: C:/Users/gomez/OneDrive/Escritorio/mini_proyectos/modulosveri.sv Line: 185
    Warning (13013): Ports D and ENA on the latch are fed by the same signal rtl~117
Warning (13012): Latch DataMemory:dmem|ram[43][4] has unsafe behavior File: C:/Users/gomez/OneDrive/Escritorio/mini_proyectos/modulosveri.sv Line: 185
    Warning (13013): Ports D and ENA on the latch are fed by the same signal rtl~117
Warning (13012): Latch DataMemory:dmem|ram[59][4] has unsafe behavior File: C:/Users/gomez/OneDrive/Escritorio/mini_proyectos/modulosveri.sv Line: 185
    Warning (13013): Ports D and ENA on the latch are fed by the same signal rtl~117
Warning (13012): Latch DataMemory:dmem|ram[15][4] has unsafe behavior File: C:/Users/gomez/OneDrive/Escritorio/mini_proyectos/modulosveri.sv Line: 185
    Warning (13013): Ports D and ENA on the latch are fed by the same signal rtl~117
Warning (13012): Latch DataMemory:dmem|ram[31][4] has unsafe behavior File: C:/Users/gomez/OneDrive/Escritorio/mini_proyectos/modulosveri.sv Line: 185
    Warning (13013): Ports D and ENA on the latch are fed by the same signal rtl~117
Warning (13012): Latch DataMemory:dmem|ram[47][4] has unsafe behavior File: C:/Users/gomez/OneDrive/Escritorio/mini_proyectos/modulosveri.sv Line: 185
    Warning (13013): Ports D and ENA on the latch are fed by the same signal rtl~117
Warning (13012): Latch DataMemory:dmem|ram[63][4] has unsafe behavior File: C:/Users/gomez/OneDrive/Escritorio/mini_proyectos/modulosveri.sv Line: 185
    Warning (13013): Ports D and ENA on the latch are fed by the same signal rtl~117
Warning (13012): Latch DataMemory:dmem|ram[128][1] has unsafe behavior File: C:/Users/gomez/OneDrive/Escritorio/mini_proyectos/modulosveri.sv Line: 185
    Warning (13013): Ports D and ENA on the latch are fed by the same signal rtl~117
Warning (13012): Latch DataMemory:dmem|ram[144][1] has unsafe behavior File: C:/Users/gomez/OneDrive/Escritorio/mini_proyectos/modulosveri.sv Line: 185
    Warning (13013): Ports D and ENA on the latch are fed by the same signal rtl~117
Warning (13012): Latch DataMemory:dmem|ram[160][1] has unsafe behavior File: C:/Users/gomez/OneDrive/Escritorio/mini_proyectos/modulosveri.sv Line: 185
    Warning (13013): Ports D and ENA on the latch are fed by the same signal rtl~117
Warning (13012): Latch DataMemory:dmem|ram[176][1] has unsafe behavior File: C:/Users/gomez/OneDrive/Escritorio/mini_proyectos/modulosveri.sv Line: 185
    Warning (13013): Ports D and ENA on the latch are fed by the same signal rtl~117
Warning (13012): Latch DataMemory:dmem|ram[129][1] has unsafe behavior File: C:/Users/gomez/OneDrive/Escritorio/mini_proyectos/modulosveri.sv Line: 185
    Warning (13013): Ports D and ENA on the latch are fed by the same signal rtl~117
Warning (13012): Latch DataMemory:dmem|ram[145][1] has unsafe behavior File: C:/Users/gomez/OneDrive/Escritorio/mini_proyectos/modulosveri.sv Line: 185
    Warning (13013): Ports D and ENA on the latch are fed by the same signal rtl~117
Warning (13012): Latch DataMemory:dmem|ram[161][1] has unsafe behavior File: C:/Users/gomez/OneDrive/Escritorio/mini_proyectos/modulosveri.sv Line: 185
    Warning (13013): Ports D and ENA on the latch are fed by the same signal rtl~117
Warning (13012): Latch DataMemory:dmem|ram[177][1] has unsafe behavior File: C:/Users/gomez/OneDrive/Escritorio/mini_proyectos/modulosveri.sv Line: 185
    Warning (13013): Ports D and ENA on the latch are fed by the same signal rtl~117
Warning (13012): Latch DataMemory:dmem|ram[130][1] has unsafe behavior File: C:/Users/gomez/OneDrive/Escritorio/mini_proyectos/modulosveri.sv Line: 185
    Warning (13013): Ports D and ENA on the latch are fed by the same signal rtl~117
Warning (13012): Latch DataMemory:dmem|ram[146][1] has unsafe behavior File: C:/Users/gomez/OneDrive/Escritorio/mini_proyectos/modulosveri.sv Line: 185
    Warning (13013): Ports D and ENA on the latch are fed by the same signal rtl~117
Warning (13012): Latch DataMemory:dmem|ram[162][1] has unsafe behavior File: C:/Users/gomez/OneDrive/Escritorio/mini_proyectos/modulosveri.sv Line: 185
    Warning (13013): Ports D and ENA on the latch are fed by the same signal rtl~117
Warning (13012): Latch DataMemory:dmem|ram[178][1] has unsafe behavior File: C:/Users/gomez/OneDrive/Escritorio/mini_proyectos/modulosveri.sv Line: 185
    Warning (13013): Ports D and ENA on the latch are fed by the same signal rtl~117
Warning (13012): Latch DataMemory:dmem|ram[131][1] has unsafe behavior File: C:/Users/gomez/OneDrive/Escritorio/mini_proyectos/modulosveri.sv Line: 185
    Warning (13013): Ports D and ENA on the latch are fed by the same signal rtl~117
Warning (13012): Latch DataMemory:dmem|ram[147][1] has unsafe behavior File: C:/Users/gomez/OneDrive/Escritorio/mini_proyectos/modulosveri.sv Line: 185
    Warning (13013): Ports D and ENA on the latch are fed by the same signal rtl~117
Warning (13012): Latch DataMemory:dmem|ram[163][1] has unsafe behavior File: C:/Users/gomez/OneDrive/Escritorio/mini_proyectos/modulosveri.sv Line: 185
    Warning (13013): Ports D and ENA on the latch are fed by the same signal rtl~117
Warning (13012): Latch DataMemory:dmem|ram[179][1] has unsafe behavior File: C:/Users/gomez/OneDrive/Escritorio/mini_proyectos/modulosveri.sv Line: 185
    Warning (13013): Ports D and ENA on the latch are fed by the same signal rtl~117
Warning (13012): Latch DataMemory:dmem|ram[132][1] has unsafe behavior File: C:/Users/gomez/OneDrive/Escritorio/mini_proyectos/modulosveri.sv Line: 185
    Warning (13013): Ports D and ENA on the latch are fed by the same signal rtl~117
Warning (13012): Latch DataMemory:dmem|ram[148][1] has unsafe behavior File: C:/Users/gomez/OneDrive/Escritorio/mini_proyectos/modulosveri.sv Line: 185
    Warning (13013): Ports D and ENA on the latch are fed by the same signal rtl~117
Warning (13012): Latch DataMemory:dmem|ram[164][1] has unsafe behavior File: C:/Users/gomez/OneDrive/Escritorio/mini_proyectos/modulosveri.sv Line: 185
    Warning (13013): Ports D and ENA on the latch are fed by the same signal rtl~117
Warning (13012): Latch DataMemory:dmem|ram[180][1] has unsafe behavior File: C:/Users/gomez/OneDrive/Escritorio/mini_proyectos/modulosveri.sv Line: 185
    Warning (13013): Ports D and ENA on the latch are fed by the same signal rtl~117
Warning (13012): Latch DataMemory:dmem|ram[133][1] has unsafe behavior File: C:/Users/gomez/OneDrive/Escritorio/mini_proyectos/modulosveri.sv Line: 185
    Warning (13013): Ports D and ENA on the latch are fed by the same signal rtl~117
Warning (13012): Latch DataMemory:dmem|ram[149][1] has unsafe behavior File: C:/Users/gomez/OneDrive/Escritorio/mini_proyectos/modulosveri.sv Line: 185
    Warning (13013): Ports D and ENA on the latch are fed by the same signal rtl~117
Warning (13012): Latch DataMemory:dmem|ram[165][1] has unsafe behavior File: C:/Users/gomez/OneDrive/Escritorio/mini_proyectos/modulosveri.sv Line: 185
    Warning (13013): Ports D and ENA on the latch are fed by the same signal rtl~117
Warning (13012): Latch DataMemory:dmem|ram[181][1] has unsafe behavior File: C:/Users/gomez/OneDrive/Escritorio/mini_proyectos/modulosveri.sv Line: 185
    Warning (13013): Ports D and ENA on the latch are fed by the same signal rtl~117
Warning (13012): Latch DataMemory:dmem|ram[134][1] has unsafe behavior File: C:/Users/gomez/OneDrive/Escritorio/mini_proyectos/modulosveri.sv Line: 185
    Warning (13013): Ports D and ENA on the latch are fed by the same signal rtl~117
Warning (13012): Latch DataMemory:dmem|ram[150][1] has unsafe behavior File: C:/Users/gomez/OneDrive/Escritorio/mini_proyectos/modulosveri.sv Line: 185
    Warning (13013): Ports D and ENA on the latch are fed by the same signal rtl~117
Warning (13012): Latch DataMemory:dmem|ram[166][1] has unsafe behavior File: C:/Users/gomez/OneDrive/Escritorio/mini_proyectos/modulosveri.sv Line: 185
    Warning (13013): Ports D and ENA on the latch are fed by the same signal rtl~117
Warning (13012): Latch DataMemory:dmem|ram[182][1] has unsafe behavior File: C:/Users/gomez/OneDrive/Escritorio/mini_proyectos/modulosveri.sv Line: 185
    Warning (13013): Ports D and ENA on the latch are fed by the same signal rtl~117
Warning (13012): Latch DataMemory:dmem|ram[135][1] has unsafe behavior File: C:/Users/gomez/OneDrive/Escritorio/mini_proyectos/modulosveri.sv Line: 185
    Warning (13013): Ports D and ENA on the latch are fed by the same signal rtl~117
Warning (13012): Latch DataMemory:dmem|ram[151][1] has unsafe behavior File: C:/Users/gomez/OneDrive/Escritorio/mini_proyectos/modulosveri.sv Line: 185
    Warning (13013): Ports D and ENA on the latch are fed by the same signal rtl~117
Warning (13012): Latch DataMemory:dmem|ram[167][1] has unsafe behavior File: C:/Users/gomez/OneDrive/Escritorio/mini_proyectos/modulosveri.sv Line: 185
    Warning (13013): Ports D and ENA on the latch are fed by the same signal rtl~117
Warning (13012): Latch DataMemory:dmem|ram[183][1] has unsafe behavior File: C:/Users/gomez/OneDrive/Escritorio/mini_proyectos/modulosveri.sv Line: 185
    Warning (13013): Ports D and ENA on the latch are fed by the same signal rtl~117
Warning (13012): Latch DataMemory:dmem|ram[136][1] has unsafe behavior File: C:/Users/gomez/OneDrive/Escritorio/mini_proyectos/modulosveri.sv Line: 185
    Warning (13013): Ports D and ENA on the latch are fed by the same signal rtl~117
Warning (13012): Latch DataMemory:dmem|ram[152][1] has unsafe behavior File: C:/Users/gomez/OneDrive/Escritorio/mini_proyectos/modulosveri.sv Line: 185
    Warning (13013): Ports D and ENA on the latch are fed by the same signal rtl~117
Warning (13012): Latch DataMemory:dmem|ram[168][1] has unsafe behavior File: C:/Users/gomez/OneDrive/Escritorio/mini_proyectos/modulosveri.sv Line: 185
    Warning (13013): Ports D and ENA on the latch are fed by the same signal rtl~117
Warning (13012): Latch DataMemory:dmem|ram[184][1] has unsafe behavior File: C:/Users/gomez/OneDrive/Escritorio/mini_proyectos/modulosveri.sv Line: 185
    Warning (13013): Ports D and ENA on the latch are fed by the same signal rtl~117
Warning (13012): Latch DataMemory:dmem|ram[137][1] has unsafe behavior File: C:/Users/gomez/OneDrive/Escritorio/mini_proyectos/modulosveri.sv Line: 185
    Warning (13013): Ports D and ENA on the latch are fed by the same signal rtl~117
Warning (13012): Latch DataMemory:dmem|ram[153][1] has unsafe behavior File: C:/Users/gomez/OneDrive/Escritorio/mini_proyectos/modulosveri.sv Line: 185
    Warning (13013): Ports D and ENA on the latch are fed by the same signal rtl~117
Warning (13012): Latch DataMemory:dmem|ram[169][1] has unsafe behavior File: C:/Users/gomez/OneDrive/Escritorio/mini_proyectos/modulosveri.sv Line: 185
    Warning (13013): Ports D and ENA on the latch are fed by the same signal rtl~117
Warning (13012): Latch DataMemory:dmem|ram[185][1] has unsafe behavior File: C:/Users/gomez/OneDrive/Escritorio/mini_proyectos/modulosveri.sv Line: 185
    Warning (13013): Ports D and ENA on the latch are fed by the same signal rtl~117
Warning (13012): Latch DataMemory:dmem|ram[138][1] has unsafe behavior File: C:/Users/gomez/OneDrive/Escritorio/mini_proyectos/modulosveri.sv Line: 185
    Warning (13013): Ports D and ENA on the latch are fed by the same signal rtl~117
Warning (13012): Latch DataMemory:dmem|ram[154][1] has unsafe behavior File: C:/Users/gomez/OneDrive/Escritorio/mini_proyectos/modulosveri.sv Line: 185
    Warning (13013): Ports D and ENA on the latch are fed by the same signal rtl~117
Warning (13012): Latch DataMemory:dmem|ram[170][1] has unsafe behavior File: C:/Users/gomez/OneDrive/Escritorio/mini_proyectos/modulosveri.sv Line: 185
    Warning (13013): Ports D and ENA on the latch are fed by the same signal rtl~117
Warning (13012): Latch DataMemory:dmem|ram[186][1] has unsafe behavior File: C:/Users/gomez/OneDrive/Escritorio/mini_proyectos/modulosveri.sv Line: 185
    Warning (13013): Ports D and ENA on the latch are fed by the same signal rtl~117
Warning (13012): Latch DataMemory:dmem|ram[139][1] has unsafe behavior File: C:/Users/gomez/OneDrive/Escritorio/mini_proyectos/modulosveri.sv Line: 185
    Warning (13013): Ports D and ENA on the latch are fed by the same signal rtl~117
Warning (13012): Latch DataMemory:dmem|ram[155][1] has unsafe behavior File: C:/Users/gomez/OneDrive/Escritorio/mini_proyectos/modulosveri.sv Line: 185
    Warning (13013): Ports D and ENA on the latch are fed by the same signal rtl~117
Warning (13012): Latch DataMemory:dmem|ram[171][1] has unsafe behavior File: C:/Users/gomez/OneDrive/Escritorio/mini_proyectos/modulosveri.sv Line: 185
    Warning (13013): Ports D and ENA on the latch are fed by the same signal rtl~117
Warning (13012): Latch DataMemory:dmem|ram[187][1] has unsafe behavior File: C:/Users/gomez/OneDrive/Escritorio/mini_proyectos/modulosveri.sv Line: 185
    Warning (13013): Ports D and ENA on the latch are fed by the same signal rtl~117
Warning (13012): Latch DataMemory:dmem|ram[140][1] has unsafe behavior File: C:/Users/gomez/OneDrive/Escritorio/mini_proyectos/modulosveri.sv Line: 185
    Warning (13013): Ports D and ENA on the latch are fed by the same signal rtl~117
Warning (13012): Latch DataMemory:dmem|ram[141][1] has unsafe behavior File: C:/Users/gomez/OneDrive/Escritorio/mini_proyectos/modulosveri.sv Line: 185
    Warning (13013): Ports D and ENA on the latch are fed by the same signal rtl~117
Warning (13012): Latch DataMemory:dmem|ram[142][1] has unsafe behavior File: C:/Users/gomez/OneDrive/Escritorio/mini_proyectos/modulosveri.sv Line: 185
    Warning (13013): Ports D and ENA on the latch are fed by the same signal rtl~117
Warning (13012): Latch DataMemory:dmem|ram[143][1] has unsafe behavior File: C:/Users/gomez/OneDrive/Escritorio/mini_proyectos/modulosveri.sv Line: 185
    Warning (13013): Ports D and ENA on the latch are fed by the same signal rtl~117
Warning (13012): Latch DataMemory:dmem|ram[156][1] has unsafe behavior File: C:/Users/gomez/OneDrive/Escritorio/mini_proyectos/modulosveri.sv Line: 185
    Warning (13013): Ports D and ENA on the latch are fed by the same signal rtl~117
Warning (13012): Latch DataMemory:dmem|ram[157][1] has unsafe behavior File: C:/Users/gomez/OneDrive/Escritorio/mini_proyectos/modulosveri.sv Line: 185
    Warning (13013): Ports D and ENA on the latch are fed by the same signal rtl~117
Warning (13012): Latch DataMemory:dmem|ram[158][1] has unsafe behavior File: C:/Users/gomez/OneDrive/Escritorio/mini_proyectos/modulosveri.sv Line: 185
    Warning (13013): Ports D and ENA on the latch are fed by the same signal rtl~117
Warning (13012): Latch DataMemory:dmem|ram[159][1] has unsafe behavior File: C:/Users/gomez/OneDrive/Escritorio/mini_proyectos/modulosveri.sv Line: 185
    Warning (13013): Ports D and ENA on the latch are fed by the same signal rtl~117
Warning (13012): Latch DataMemory:dmem|ram[172][1] has unsafe behavior File: C:/Users/gomez/OneDrive/Escritorio/mini_proyectos/modulosveri.sv Line: 185
    Warning (13013): Ports D and ENA on the latch are fed by the same signal rtl~117
Warning (13012): Latch DataMemory:dmem|ram[173][1] has unsafe behavior File: C:/Users/gomez/OneDrive/Escritorio/mini_proyectos/modulosveri.sv Line: 185
    Warning (13013): Ports D and ENA on the latch are fed by the same signal rtl~117
Warning (13012): Latch DataMemory:dmem|ram[174][1] has unsafe behavior File: C:/Users/gomez/OneDrive/Escritorio/mini_proyectos/modulosveri.sv Line: 185
    Warning (13013): Ports D and ENA on the latch are fed by the same signal rtl~117
Warning (13012): Latch DataMemory:dmem|ram[175][1] has unsafe behavior File: C:/Users/gomez/OneDrive/Escritorio/mini_proyectos/modulosveri.sv Line: 185
    Warning (13013): Ports D and ENA on the latch are fed by the same signal rtl~117
Warning (13012): Latch DataMemory:dmem|ram[188][1] has unsafe behavior File: C:/Users/gomez/OneDrive/Escritorio/mini_proyectos/modulosveri.sv Line: 185
    Warning (13013): Ports D and ENA on the latch are fed by the same signal rtl~117
Warning (13012): Latch DataMemory:dmem|ram[189][1] has unsafe behavior File: C:/Users/gomez/OneDrive/Escritorio/mini_proyectos/modulosveri.sv Line: 185
    Warning (13013): Ports D and ENA on the latch are fed by the same signal rtl~117
Warning (13012): Latch DataMemory:dmem|ram[190][1] has unsafe behavior File: C:/Users/gomez/OneDrive/Escritorio/mini_proyectos/modulosveri.sv Line: 185
    Warning (13013): Ports D and ENA on the latch are fed by the same signal rtl~117
Warning (13012): Latch DataMemory:dmem|ram[191][1] has unsafe behavior File: C:/Users/gomez/OneDrive/Escritorio/mini_proyectos/modulosveri.sv Line: 185
    Warning (13013): Ports D and ENA on the latch are fed by the same signal rtl~117
Warning (13012): Latch DataMemory:dmem|ram[200][1] has unsafe behavior File: C:/Users/gomez/OneDrive/Escritorio/mini_proyectos/modulosveri.sv Line: 185
    Warning (13013): Ports D and ENA on the latch are fed by the same signal rtl~117
Warning (13012): Latch DataMemory:dmem|ram[192][1] has unsafe behavior File: C:/Users/gomez/OneDrive/Escritorio/mini_proyectos/modulosveri.sv Line: 185
    Warning (13013): Ports D and ENA on the latch are fed by the same signal rtl~117
Warning (13012): Latch DataMemory:dmem|ram[193][1] has unsafe behavior File: C:/Users/gomez/OneDrive/Escritorio/mini_proyectos/modulosveri.sv Line: 185
    Warning (13013): Ports D and ENA on the latch are fed by the same signal rtl~117
Warning (13012): Latch DataMemory:dmem|ram[194][1] has unsafe behavior File: C:/Users/gomez/OneDrive/Escritorio/mini_proyectos/modulosveri.sv Line: 185
    Warning (13013): Ports D and ENA on the latch are fed by the same signal rtl~117
Warning (13012): Latch DataMemory:dmem|ram[195][1] has unsafe behavior File: C:/Users/gomez/OneDrive/Escritorio/mini_proyectos/modulosveri.sv Line: 185
    Warning (13013): Ports D and ENA on the latch are fed by the same signal rtl~117
Warning (13012): Latch DataMemory:dmem|ram[196][1] has unsafe behavior File: C:/Users/gomez/OneDrive/Escritorio/mini_proyectos/modulosveri.sv Line: 185
    Warning (13013): Ports D and ENA on the latch are fed by the same signal rtl~117
Warning (13012): Latch DataMemory:dmem|ram[197][1] has unsafe behavior File: C:/Users/gomez/OneDrive/Escritorio/mini_proyectos/modulosveri.sv Line: 185
    Warning (13013): Ports D and ENA on the latch are fed by the same signal rtl~117
Warning (13012): Latch DataMemory:dmem|ram[198][1] has unsafe behavior File: C:/Users/gomez/OneDrive/Escritorio/mini_proyectos/modulosveri.sv Line: 185
    Warning (13013): Ports D and ENA on the latch are fed by the same signal rtl~117
Warning (13012): Latch DataMemory:dmem|ram[199][1] has unsafe behavior File: C:/Users/gomez/OneDrive/Escritorio/mini_proyectos/modulosveri.sv Line: 185
    Warning (13013): Ports D and ENA on the latch are fed by the same signal rtl~117
Warning (13012): Latch DataMemory:dmem|ram[64][1] has unsafe behavior File: C:/Users/gomez/OneDrive/Escritorio/mini_proyectos/modulosveri.sv Line: 185
    Warning (13013): Ports D and ENA on the latch are fed by the same signal rtl~117
Warning (13012): Latch DataMemory:dmem|ram[65][1] has unsafe behavior File: C:/Users/gomez/OneDrive/Escritorio/mini_proyectos/modulosveri.sv Line: 185
    Warning (13013): Ports D and ENA on the latch are fed by the same signal rtl~117
Warning (13012): Latch DataMemory:dmem|ram[66][1] has unsafe behavior File: C:/Users/gomez/OneDrive/Escritorio/mini_proyectos/modulosveri.sv Line: 185
    Warning (13013): Ports D and ENA on the latch are fed by the same signal rtl~117
Warning (13012): Latch DataMemory:dmem|ram[67][1] has unsafe behavior File: C:/Users/gomez/OneDrive/Escritorio/mini_proyectos/modulosveri.sv Line: 185
    Warning (13013): Ports D and ENA on the latch are fed by the same signal rtl~117
Warning (13012): Latch DataMemory:dmem|ram[68][1] has unsafe behavior File: C:/Users/gomez/OneDrive/Escritorio/mini_proyectos/modulosveri.sv Line: 185
    Warning (13013): Ports D and ENA on the latch are fed by the same signal rtl~117
Warning (13012): Latch DataMemory:dmem|ram[69][1] has unsafe behavior File: C:/Users/gomez/OneDrive/Escritorio/mini_proyectos/modulosveri.sv Line: 185
    Warning (13013): Ports D and ENA on the latch are fed by the same signal rtl~117
Warning (13012): Latch DataMemory:dmem|ram[70][1] has unsafe behavior File: C:/Users/gomez/OneDrive/Escritorio/mini_proyectos/modulosveri.sv Line: 185
    Warning (13013): Ports D and ENA on the latch are fed by the same signal rtl~117
Warning (13012): Latch DataMemory:dmem|ram[71][1] has unsafe behavior File: C:/Users/gomez/OneDrive/Escritorio/mini_proyectos/modulosveri.sv Line: 185
    Warning (13013): Ports D and ENA on the latch are fed by the same signal rtl~117
Warning (13012): Latch DataMemory:dmem|ram[72][1] has unsafe behavior File: C:/Users/gomez/OneDrive/Escritorio/mini_proyectos/modulosveri.sv Line: 185
    Warning (13013): Ports D and ENA on the latch are fed by the same signal rtl~117
Warning (13012): Latch DataMemory:dmem|ram[73][1] has unsafe behavior File: C:/Users/gomez/OneDrive/Escritorio/mini_proyectos/modulosveri.sv Line: 185
    Warning (13013): Ports D and ENA on the latch are fed by the same signal rtl~117
Warning (13012): Latch DataMemory:dmem|ram[74][1] has unsafe behavior File: C:/Users/gomez/OneDrive/Escritorio/mini_proyectos/modulosveri.sv Line: 185
    Warning (13013): Ports D and ENA on the latch are fed by the same signal rtl~117
Warning (13012): Latch DataMemory:dmem|ram[75][1] has unsafe behavior File: C:/Users/gomez/OneDrive/Escritorio/mini_proyectos/modulosveri.sv Line: 185
    Warning (13013): Ports D and ENA on the latch are fed by the same signal rtl~117
Warning (13012): Latch DataMemory:dmem|ram[76][1] has unsafe behavior File: C:/Users/gomez/OneDrive/Escritorio/mini_proyectos/modulosveri.sv Line: 185
    Warning (13013): Ports D and ENA on the latch are fed by the same signal rtl~117
Warning (13012): Latch DataMemory:dmem|ram[77][1] has unsafe behavior File: C:/Users/gomez/OneDrive/Escritorio/mini_proyectos/modulosveri.sv Line: 185
    Warning (13013): Ports D and ENA on the latch are fed by the same signal rtl~117
Warning (13012): Latch DataMemory:dmem|ram[78][1] has unsafe behavior File: C:/Users/gomez/OneDrive/Escritorio/mini_proyectos/modulosveri.sv Line: 185
    Warning (13013): Ports D and ENA on the latch are fed by the same signal rtl~117
Warning (13012): Latch DataMemory:dmem|ram[79][1] has unsafe behavior File: C:/Users/gomez/OneDrive/Escritorio/mini_proyectos/modulosveri.sv Line: 185
    Warning (13013): Ports D and ENA on the latch are fed by the same signal rtl~117
Warning (13012): Latch DataMemory:dmem|ram[80][1] has unsafe behavior File: C:/Users/gomez/OneDrive/Escritorio/mini_proyectos/modulosveri.sv Line: 185
    Warning (13013): Ports D and ENA on the latch are fed by the same signal rtl~117
Warning (13012): Latch DataMemory:dmem|ram[81][1] has unsafe behavior File: C:/Users/gomez/OneDrive/Escritorio/mini_proyectos/modulosveri.sv Line: 185
    Warning (13013): Ports D and ENA on the latch are fed by the same signal rtl~117
Warning (13012): Latch DataMemory:dmem|ram[82][1] has unsafe behavior File: C:/Users/gomez/OneDrive/Escritorio/mini_proyectos/modulosveri.sv Line: 185
    Warning (13013): Ports D and ENA on the latch are fed by the same signal rtl~117
Warning (13012): Latch DataMemory:dmem|ram[83][1] has unsafe behavior File: C:/Users/gomez/OneDrive/Escritorio/mini_proyectos/modulosveri.sv Line: 185
    Warning (13013): Ports D and ENA on the latch are fed by the same signal rtl~117
Warning (13012): Latch DataMemory:dmem|ram[84][1] has unsafe behavior File: C:/Users/gomez/OneDrive/Escritorio/mini_proyectos/modulosveri.sv Line: 185
    Warning (13013): Ports D and ENA on the latch are fed by the same signal rtl~117
Warning (13012): Latch DataMemory:dmem|ram[85][1] has unsafe behavior File: C:/Users/gomez/OneDrive/Escritorio/mini_proyectos/modulosveri.sv Line: 185
    Warning (13013): Ports D and ENA on the latch are fed by the same signal rtl~117
Warning (13012): Latch DataMemory:dmem|ram[86][1] has unsafe behavior File: C:/Users/gomez/OneDrive/Escritorio/mini_proyectos/modulosveri.sv Line: 185
    Warning (13013): Ports D and ENA on the latch are fed by the same signal rtl~117
Warning (13012): Latch DataMemory:dmem|ram[87][1] has unsafe behavior File: C:/Users/gomez/OneDrive/Escritorio/mini_proyectos/modulosveri.sv Line: 185
    Warning (13013): Ports D and ENA on the latch are fed by the same signal rtl~117
Warning (13012): Latch DataMemory:dmem|ram[88][1] has unsafe behavior File: C:/Users/gomez/OneDrive/Escritorio/mini_proyectos/modulosveri.sv Line: 185
    Warning (13013): Ports D and ENA on the latch are fed by the same signal rtl~117
Warning (13012): Latch DataMemory:dmem|ram[89][1] has unsafe behavior File: C:/Users/gomez/OneDrive/Escritorio/mini_proyectos/modulosveri.sv Line: 185
    Warning (13013): Ports D and ENA on the latch are fed by the same signal rtl~117
Warning (13012): Latch DataMemory:dmem|ram[90][1] has unsafe behavior File: C:/Users/gomez/OneDrive/Escritorio/mini_proyectos/modulosveri.sv Line: 185
    Warning (13013): Ports D and ENA on the latch are fed by the same signal rtl~117
Warning (13012): Latch DataMemory:dmem|ram[91][1] has unsafe behavior File: C:/Users/gomez/OneDrive/Escritorio/mini_proyectos/modulosveri.sv Line: 185
    Warning (13013): Ports D and ENA on the latch are fed by the same signal rtl~117
Warning (13012): Latch DataMemory:dmem|ram[92][1] has unsafe behavior File: C:/Users/gomez/OneDrive/Escritorio/mini_proyectos/modulosveri.sv Line: 185
    Warning (13013): Ports D and ENA on the latch are fed by the same signal rtl~117
Warning (13012): Latch DataMemory:dmem|ram[93][1] has unsafe behavior File: C:/Users/gomez/OneDrive/Escritorio/mini_proyectos/modulosveri.sv Line: 185
    Warning (13013): Ports D and ENA on the latch are fed by the same signal rtl~117
Warning (13012): Latch DataMemory:dmem|ram[94][1] has unsafe behavior File: C:/Users/gomez/OneDrive/Escritorio/mini_proyectos/modulosveri.sv Line: 185
    Warning (13013): Ports D and ENA on the latch are fed by the same signal rtl~117
Warning (13012): Latch DataMemory:dmem|ram[95][1] has unsafe behavior File: C:/Users/gomez/OneDrive/Escritorio/mini_proyectos/modulosveri.sv Line: 185
    Warning (13013): Ports D and ENA on the latch are fed by the same signal rtl~117
Warning (13012): Latch DataMemory:dmem|ram[96][1] has unsafe behavior File: C:/Users/gomez/OneDrive/Escritorio/mini_proyectos/modulosveri.sv Line: 185
    Warning (13013): Ports D and ENA on the latch are fed by the same signal rtl~117
Warning (13012): Latch DataMemory:dmem|ram[100][1] has unsafe behavior File: C:/Users/gomez/OneDrive/Escritorio/mini_proyectos/modulosveri.sv Line: 185
    Warning (13013): Ports D and ENA on the latch are fed by the same signal rtl~117
Warning (13012): Latch DataMemory:dmem|ram[104][1] has unsafe behavior File: C:/Users/gomez/OneDrive/Escritorio/mini_proyectos/modulosveri.sv Line: 185
    Warning (13013): Ports D and ENA on the latch are fed by the same signal rtl~117
Warning (13012): Latch DataMemory:dmem|ram[108][1] has unsafe behavior File: C:/Users/gomez/OneDrive/Escritorio/mini_proyectos/modulosveri.sv Line: 185
    Warning (13013): Ports D and ENA on the latch are fed by the same signal rtl~117
Warning (13012): Latch DataMemory:dmem|ram[97][1] has unsafe behavior File: C:/Users/gomez/OneDrive/Escritorio/mini_proyectos/modulosveri.sv Line: 185
    Warning (13013): Ports D and ENA on the latch are fed by the same signal rtl~117
Warning (13012): Latch DataMemory:dmem|ram[101][1] has unsafe behavior File: C:/Users/gomez/OneDrive/Escritorio/mini_proyectos/modulosveri.sv Line: 185
    Warning (13013): Ports D and ENA on the latch are fed by the same signal rtl~117
Warning (13012): Latch DataMemory:dmem|ram[105][1] has unsafe behavior File: C:/Users/gomez/OneDrive/Escritorio/mini_proyectos/modulosveri.sv Line: 185
    Warning (13013): Ports D and ENA on the latch are fed by the same signal rtl~117
Warning (13012): Latch DataMemory:dmem|ram[109][1] has unsafe behavior File: C:/Users/gomez/OneDrive/Escritorio/mini_proyectos/modulosveri.sv Line: 185
    Warning (13013): Ports D and ENA on the latch are fed by the same signal rtl~117
Warning (13012): Latch DataMemory:dmem|ram[98][1] has unsafe behavior File: C:/Users/gomez/OneDrive/Escritorio/mini_proyectos/modulosveri.sv Line: 185
    Warning (13013): Ports D and ENA on the latch are fed by the same signal rtl~117
Warning (13012): Latch DataMemory:dmem|ram[102][1] has unsafe behavior File: C:/Users/gomez/OneDrive/Escritorio/mini_proyectos/modulosveri.sv Line: 185
    Warning (13013): Ports D and ENA on the latch are fed by the same signal rtl~117
Warning (13012): Latch DataMemory:dmem|ram[106][1] has unsafe behavior File: C:/Users/gomez/OneDrive/Escritorio/mini_proyectos/modulosveri.sv Line: 185
    Warning (13013): Ports D and ENA on the latch are fed by the same signal rtl~117
Warning (13012): Latch DataMemory:dmem|ram[110][1] has unsafe behavior File: C:/Users/gomez/OneDrive/Escritorio/mini_proyectos/modulosveri.sv Line: 185
    Warning (13013): Ports D and ENA on the latch are fed by the same signal rtl~117
Warning (13012): Latch DataMemory:dmem|ram[99][1] has unsafe behavior File: C:/Users/gomez/OneDrive/Escritorio/mini_proyectos/modulosveri.sv Line: 185
    Warning (13013): Ports D and ENA on the latch are fed by the same signal rtl~117
Warning (13012): Latch DataMemory:dmem|ram[103][1] has unsafe behavior File: C:/Users/gomez/OneDrive/Escritorio/mini_proyectos/modulosveri.sv Line: 185
    Warning (13013): Ports D and ENA on the latch are fed by the same signal rtl~117
Warning (13012): Latch DataMemory:dmem|ram[107][1] has unsafe behavior File: C:/Users/gomez/OneDrive/Escritorio/mini_proyectos/modulosveri.sv Line: 185
    Warning (13013): Ports D and ENA on the latch are fed by the same signal rtl~117
Warning (13012): Latch DataMemory:dmem|ram[111][1] has unsafe behavior File: C:/Users/gomez/OneDrive/Escritorio/mini_proyectos/modulosveri.sv Line: 185
    Warning (13013): Ports D and ENA on the latch are fed by the same signal rtl~117
Warning (13012): Latch DataMemory:dmem|ram[112][1] has unsafe behavior File: C:/Users/gomez/OneDrive/Escritorio/mini_proyectos/modulosveri.sv Line: 185
    Warning (13013): Ports D and ENA on the latch are fed by the same signal rtl~117
Warning (13012): Latch DataMemory:dmem|ram[113][1] has unsafe behavior File: C:/Users/gomez/OneDrive/Escritorio/mini_proyectos/modulosveri.sv Line: 185
    Warning (13013): Ports D and ENA on the latch are fed by the same signal rtl~117
Warning (13012): Latch DataMemory:dmem|ram[114][1] has unsafe behavior File: C:/Users/gomez/OneDrive/Escritorio/mini_proyectos/modulosveri.sv Line: 185
    Warning (13013): Ports D and ENA on the latch are fed by the same signal rtl~117
Warning (13012): Latch DataMemory:dmem|ram[115][1] has unsafe behavior File: C:/Users/gomez/OneDrive/Escritorio/mini_proyectos/modulosveri.sv Line: 185
    Warning (13013): Ports D and ENA on the latch are fed by the same signal rtl~117
Warning (13012): Latch DataMemory:dmem|ram[116][1] has unsafe behavior File: C:/Users/gomez/OneDrive/Escritorio/mini_proyectos/modulosveri.sv Line: 185
    Warning (13013): Ports D and ENA on the latch are fed by the same signal rtl~117
Warning (13012): Latch DataMemory:dmem|ram[117][1] has unsafe behavior File: C:/Users/gomez/OneDrive/Escritorio/mini_proyectos/modulosveri.sv Line: 185
    Warning (13013): Ports D and ENA on the latch are fed by the same signal rtl~117
Warning (13012): Latch DataMemory:dmem|ram[118][1] has unsafe behavior File: C:/Users/gomez/OneDrive/Escritorio/mini_proyectos/modulosveri.sv Line: 185
    Warning (13013): Ports D and ENA on the latch are fed by the same signal rtl~117
Warning (13012): Latch DataMemory:dmem|ram[119][1] has unsafe behavior File: C:/Users/gomez/OneDrive/Escritorio/mini_proyectos/modulosveri.sv Line: 185
    Warning (13013): Ports D and ENA on the latch are fed by the same signal rtl~117
Warning (13012): Latch DataMemory:dmem|ram[120][1] has unsafe behavior File: C:/Users/gomez/OneDrive/Escritorio/mini_proyectos/modulosveri.sv Line: 185
    Warning (13013): Ports D and ENA on the latch are fed by the same signal rtl~117
Warning (13012): Latch DataMemory:dmem|ram[121][1] has unsafe behavior File: C:/Users/gomez/OneDrive/Escritorio/mini_proyectos/modulosveri.sv Line: 185
    Warning (13013): Ports D and ENA on the latch are fed by the same signal rtl~117
Warning (13012): Latch DataMemory:dmem|ram[122][1] has unsafe behavior File: C:/Users/gomez/OneDrive/Escritorio/mini_proyectos/modulosveri.sv Line: 185
    Warning (13013): Ports D and ENA on the latch are fed by the same signal rtl~117
Warning (13012): Latch DataMemory:dmem|ram[123][1] has unsafe behavior File: C:/Users/gomez/OneDrive/Escritorio/mini_proyectos/modulosveri.sv Line: 185
    Warning (13013): Ports D and ENA on the latch are fed by the same signal rtl~117
Warning (13012): Latch DataMemory:dmem|ram[124][1] has unsafe behavior File: C:/Users/gomez/OneDrive/Escritorio/mini_proyectos/modulosveri.sv Line: 185
    Warning (13013): Ports D and ENA on the latch are fed by the same signal rtl~117
Warning (13012): Latch DataMemory:dmem|ram[125][1] has unsafe behavior File: C:/Users/gomez/OneDrive/Escritorio/mini_proyectos/modulosveri.sv Line: 185
    Warning (13013): Ports D and ENA on the latch are fed by the same signal rtl~117
Warning (13012): Latch DataMemory:dmem|ram[126][1] has unsafe behavior File: C:/Users/gomez/OneDrive/Escritorio/mini_proyectos/modulosveri.sv Line: 185
    Warning (13013): Ports D and ENA on the latch are fed by the same signal rtl~117
Warning (13012): Latch DataMemory:dmem|ram[127][1] has unsafe behavior File: C:/Users/gomez/OneDrive/Escritorio/mini_proyectos/modulosveri.sv Line: 185
    Warning (13013): Ports D and ENA on the latch are fed by the same signal rtl~117
Warning (13012): Latch DataMemory:dmem|ram[0][1] has unsafe behavior File: C:/Users/gomez/OneDrive/Escritorio/mini_proyectos/modulosveri.sv Line: 185
    Warning (13013): Ports D and ENA on the latch are fed by the same signal rtl~117
Warning (13012): Latch DataMemory:dmem|ram[4][1] has unsafe behavior File: C:/Users/gomez/OneDrive/Escritorio/mini_proyectos/modulosveri.sv Line: 185
    Warning (13013): Ports D and ENA on the latch are fed by the same signal rtl~117
Warning (13012): Latch DataMemory:dmem|ram[8][1] has unsafe behavior File: C:/Users/gomez/OneDrive/Escritorio/mini_proyectos/modulosveri.sv Line: 185
    Warning (13013): Ports D and ENA on the latch are fed by the same signal rtl~117
Warning (13012): Latch DataMemory:dmem|ram[12][1] has unsafe behavior File: C:/Users/gomez/OneDrive/Escritorio/mini_proyectos/modulosveri.sv Line: 185
    Warning (13013): Ports D and ENA on the latch are fed by the same signal rtl~117
Warning (13012): Latch DataMemory:dmem|ram[16][1] has unsafe behavior File: C:/Users/gomez/OneDrive/Escritorio/mini_proyectos/modulosveri.sv Line: 185
    Warning (13013): Ports D and ENA on the latch are fed by the same signal rtl~117
Warning (13012): Latch DataMemory:dmem|ram[20][1] has unsafe behavior File: C:/Users/gomez/OneDrive/Escritorio/mini_proyectos/modulosveri.sv Line: 185
    Warning (13013): Ports D and ENA on the latch are fed by the same signal rtl~117
Warning (13012): Latch DataMemory:dmem|ram[24][1] has unsafe behavior File: C:/Users/gomez/OneDrive/Escritorio/mini_proyectos/modulosveri.sv Line: 185
    Warning (13013): Ports D and ENA on the latch are fed by the same signal rtl~117
Warning (13012): Latch DataMemory:dmem|ram[28][1] has unsafe behavior File: C:/Users/gomez/OneDrive/Escritorio/mini_proyectos/modulosveri.sv Line: 185
    Warning (13013): Ports D and ENA on the latch are fed by the same signal rtl~117
Warning (13012): Latch DataMemory:dmem|ram[32][1] has unsafe behavior File: C:/Users/gomez/OneDrive/Escritorio/mini_proyectos/modulosveri.sv Line: 185
    Warning (13013): Ports D and ENA on the latch are fed by the same signal rtl~117
Warning (13012): Latch DataMemory:dmem|ram[36][1] has unsafe behavior File: C:/Users/gomez/OneDrive/Escritorio/mini_proyectos/modulosveri.sv Line: 185
    Warning (13013): Ports D and ENA on the latch are fed by the same signal rtl~117
Warning (13012): Latch DataMemory:dmem|ram[40][1] has unsafe behavior File: C:/Users/gomez/OneDrive/Escritorio/mini_proyectos/modulosveri.sv Line: 185
    Warning (13013): Ports D and ENA on the latch are fed by the same signal rtl~117
Warning (13012): Latch DataMemory:dmem|ram[44][1] has unsafe behavior File: C:/Users/gomez/OneDrive/Escritorio/mini_proyectos/modulosveri.sv Line: 185
    Warning (13013): Ports D and ENA on the latch are fed by the same signal rtl~117
Warning (13012): Latch DataMemory:dmem|ram[48][1] has unsafe behavior File: C:/Users/gomez/OneDrive/Escritorio/mini_proyectos/modulosveri.sv Line: 185
    Warning (13013): Ports D and ENA on the latch are fed by the same signal rtl~117
Warning (13012): Latch DataMemory:dmem|ram[52][1] has unsafe behavior File: C:/Users/gomez/OneDrive/Escritorio/mini_proyectos/modulosveri.sv Line: 185
    Warning (13013): Ports D and ENA on the latch are fed by the same signal rtl~117
Warning (13012): Latch DataMemory:dmem|ram[56][1] has unsafe behavior File: C:/Users/gomez/OneDrive/Escritorio/mini_proyectos/modulosveri.sv Line: 185
    Warning (13013): Ports D and ENA on the latch are fed by the same signal rtl~117
Warning (13012): Latch DataMemory:dmem|ram[60][1] has unsafe behavior File: C:/Users/gomez/OneDrive/Escritorio/mini_proyectos/modulosveri.sv Line: 185
    Warning (13013): Ports D and ENA on the latch are fed by the same signal rtl~117
Warning (13012): Latch DataMemory:dmem|ram[1][1] has unsafe behavior File: C:/Users/gomez/OneDrive/Escritorio/mini_proyectos/modulosveri.sv Line: 185
    Warning (13013): Ports D and ENA on the latch are fed by the same signal rtl~117
Warning (13012): Latch DataMemory:dmem|ram[5][1] has unsafe behavior File: C:/Users/gomez/OneDrive/Escritorio/mini_proyectos/modulosveri.sv Line: 185
    Warning (13013): Ports D and ENA on the latch are fed by the same signal rtl~117
Warning (13012): Latch DataMemory:dmem|ram[9][1] has unsafe behavior File: C:/Users/gomez/OneDrive/Escritorio/mini_proyectos/modulosveri.sv Line: 185
    Warning (13013): Ports D and ENA on the latch are fed by the same signal rtl~117
Warning (13012): Latch DataMemory:dmem|ram[13][1] has unsafe behavior File: C:/Users/gomez/OneDrive/Escritorio/mini_proyectos/modulosveri.sv Line: 185
    Warning (13013): Ports D and ENA on the latch are fed by the same signal rtl~117
Warning (13012): Latch DataMemory:dmem|ram[17][1] has unsafe behavior File: C:/Users/gomez/OneDrive/Escritorio/mini_proyectos/modulosveri.sv Line: 185
    Warning (13013): Ports D and ENA on the latch are fed by the same signal rtl~117
Warning (13012): Latch DataMemory:dmem|ram[21][1] has unsafe behavior File: C:/Users/gomez/OneDrive/Escritorio/mini_proyectos/modulosveri.sv Line: 185
    Warning (13013): Ports D and ENA on the latch are fed by the same signal rtl~117
Warning (13012): Latch DataMemory:dmem|ram[25][1] has unsafe behavior File: C:/Users/gomez/OneDrive/Escritorio/mini_proyectos/modulosveri.sv Line: 185
    Warning (13013): Ports D and ENA on the latch are fed by the same signal rtl~117
Warning (13012): Latch DataMemory:dmem|ram[29][1] has unsafe behavior File: C:/Users/gomez/OneDrive/Escritorio/mini_proyectos/modulosveri.sv Line: 185
    Warning (13013): Ports D and ENA on the latch are fed by the same signal rtl~117
Warning (13012): Latch DataMemory:dmem|ram[33][1] has unsafe behavior File: C:/Users/gomez/OneDrive/Escritorio/mini_proyectos/modulosveri.sv Line: 185
    Warning (13013): Ports D and ENA on the latch are fed by the same signal rtl~117
Warning (13012): Latch DataMemory:dmem|ram[37][1] has unsafe behavior File: C:/Users/gomez/OneDrive/Escritorio/mini_proyectos/modulosveri.sv Line: 185
    Warning (13013): Ports D and ENA on the latch are fed by the same signal rtl~117
Warning (13012): Latch DataMemory:dmem|ram[41][1] has unsafe behavior File: C:/Users/gomez/OneDrive/Escritorio/mini_proyectos/modulosveri.sv Line: 185
    Warning (13013): Ports D and ENA on the latch are fed by the same signal rtl~117
Warning (13012): Latch DataMemory:dmem|ram[45][1] has unsafe behavior File: C:/Users/gomez/OneDrive/Escritorio/mini_proyectos/modulosveri.sv Line: 185
    Warning (13013): Ports D and ENA on the latch are fed by the same signal rtl~117
Warning (13012): Latch DataMemory:dmem|ram[49][1] has unsafe behavior File: C:/Users/gomez/OneDrive/Escritorio/mini_proyectos/modulosveri.sv Line: 185
    Warning (13013): Ports D and ENA on the latch are fed by the same signal rtl~117
Warning (13012): Latch DataMemory:dmem|ram[53][1] has unsafe behavior File: C:/Users/gomez/OneDrive/Escritorio/mini_proyectos/modulosveri.sv Line: 185
    Warning (13013): Ports D and ENA on the latch are fed by the same signal rtl~117
Warning (13012): Latch DataMemory:dmem|ram[57][1] has unsafe behavior File: C:/Users/gomez/OneDrive/Escritorio/mini_proyectos/modulosveri.sv Line: 185
    Warning (13013): Ports D and ENA on the latch are fed by the same signal rtl~117
Warning (13012): Latch DataMemory:dmem|ram[61][1] has unsafe behavior File: C:/Users/gomez/OneDrive/Escritorio/mini_proyectos/modulosveri.sv Line: 185
    Warning (13013): Ports D and ENA on the latch are fed by the same signal rtl~117
Warning (13012): Latch DataMemory:dmem|ram[2][1] has unsafe behavior File: C:/Users/gomez/OneDrive/Escritorio/mini_proyectos/modulosveri.sv Line: 185
    Warning (13013): Ports D and ENA on the latch are fed by the same signal rtl~117
Warning (13012): Latch DataMemory:dmem|ram[6][1] has unsafe behavior File: C:/Users/gomez/OneDrive/Escritorio/mini_proyectos/modulosveri.sv Line: 185
    Warning (13013): Ports D and ENA on the latch are fed by the same signal rtl~117
Warning (13012): Latch DataMemory:dmem|ram[10][1] has unsafe behavior File: C:/Users/gomez/OneDrive/Escritorio/mini_proyectos/modulosveri.sv Line: 185
    Warning (13013): Ports D and ENA on the latch are fed by the same signal rtl~117
Warning (13012): Latch DataMemory:dmem|ram[14][1] has unsafe behavior File: C:/Users/gomez/OneDrive/Escritorio/mini_proyectos/modulosveri.sv Line: 185
    Warning (13013): Ports D and ENA on the latch are fed by the same signal rtl~117
Warning (13012): Latch DataMemory:dmem|ram[18][1] has unsafe behavior File: C:/Users/gomez/OneDrive/Escritorio/mini_proyectos/modulosveri.sv Line: 185
    Warning (13013): Ports D and ENA on the latch are fed by the same signal rtl~117
Warning (13012): Latch DataMemory:dmem|ram[22][1] has unsafe behavior File: C:/Users/gomez/OneDrive/Escritorio/mini_proyectos/modulosveri.sv Line: 185
    Warning (13013): Ports D and ENA on the latch are fed by the same signal rtl~117
Warning (13012): Latch DataMemory:dmem|ram[26][1] has unsafe behavior File: C:/Users/gomez/OneDrive/Escritorio/mini_proyectos/modulosveri.sv Line: 185
    Warning (13013): Ports D and ENA on the latch are fed by the same signal rtl~117
Warning (13012): Latch DataMemory:dmem|ram[30][1] has unsafe behavior File: C:/Users/gomez/OneDrive/Escritorio/mini_proyectos/modulosveri.sv Line: 185
    Warning (13013): Ports D and ENA on the latch are fed by the same signal rtl~117
Warning (13012): Latch DataMemory:dmem|ram[34][1] has unsafe behavior File: C:/Users/gomez/OneDrive/Escritorio/mini_proyectos/modulosveri.sv Line: 185
    Warning (13013): Ports D and ENA on the latch are fed by the same signal rtl~117
Warning (13012): Latch DataMemory:dmem|ram[38][1] has unsafe behavior File: C:/Users/gomez/OneDrive/Escritorio/mini_proyectos/modulosveri.sv Line: 185
    Warning (13013): Ports D and ENA on the latch are fed by the same signal rtl~117
Warning (13012): Latch DataMemory:dmem|ram[42][1] has unsafe behavior File: C:/Users/gomez/OneDrive/Escritorio/mini_proyectos/modulosveri.sv Line: 185
    Warning (13013): Ports D and ENA on the latch are fed by the same signal rtl~117
Warning (13012): Latch DataMemory:dmem|ram[46][1] has unsafe behavior File: C:/Users/gomez/OneDrive/Escritorio/mini_proyectos/modulosveri.sv Line: 185
    Warning (13013): Ports D and ENA on the latch are fed by the same signal rtl~117
Warning (13012): Latch DataMemory:dmem|ram[50][1] has unsafe behavior File: C:/Users/gomez/OneDrive/Escritorio/mini_proyectos/modulosveri.sv Line: 185
    Warning (13013): Ports D and ENA on the latch are fed by the same signal rtl~117
Warning (13012): Latch DataMemory:dmem|ram[54][1] has unsafe behavior File: C:/Users/gomez/OneDrive/Escritorio/mini_proyectos/modulosveri.sv Line: 185
    Warning (13013): Ports D and ENA on the latch are fed by the same signal rtl~117
Warning (13012): Latch DataMemory:dmem|ram[58][1] has unsafe behavior File: C:/Users/gomez/OneDrive/Escritorio/mini_proyectos/modulosveri.sv Line: 185
    Warning (13013): Ports D and ENA on the latch are fed by the same signal rtl~117
Warning (13012): Latch DataMemory:dmem|ram[62][1] has unsafe behavior File: C:/Users/gomez/OneDrive/Escritorio/mini_proyectos/modulosveri.sv Line: 185
    Warning (13013): Ports D and ENA on the latch are fed by the same signal rtl~117
Warning (13012): Latch DataMemory:dmem|ram[3][1] has unsafe behavior File: C:/Users/gomez/OneDrive/Escritorio/mini_proyectos/modulosveri.sv Line: 185
    Warning (13013): Ports D and ENA on the latch are fed by the same signal rtl~117
Warning (13012): Latch DataMemory:dmem|ram[19][1] has unsafe behavior File: C:/Users/gomez/OneDrive/Escritorio/mini_proyectos/modulosveri.sv Line: 185
    Warning (13013): Ports D and ENA on the latch are fed by the same signal rtl~117
Warning (13012): Latch DataMemory:dmem|ram[35][1] has unsafe behavior File: C:/Users/gomez/OneDrive/Escritorio/mini_proyectos/modulosveri.sv Line: 185
    Warning (13013): Ports D and ENA on the latch are fed by the same signal rtl~117
Warning (13012): Latch DataMemory:dmem|ram[51][1] has unsafe behavior File: C:/Users/gomez/OneDrive/Escritorio/mini_proyectos/modulosveri.sv Line: 185
    Warning (13013): Ports D and ENA on the latch are fed by the same signal rtl~117
Warning (13012): Latch DataMemory:dmem|ram[7][1] has unsafe behavior File: C:/Users/gomez/OneDrive/Escritorio/mini_proyectos/modulosveri.sv Line: 185
    Warning (13013): Ports D and ENA on the latch are fed by the same signal rtl~117
Warning (13012): Latch DataMemory:dmem|ram[23][1] has unsafe behavior File: C:/Users/gomez/OneDrive/Escritorio/mini_proyectos/modulosveri.sv Line: 185
    Warning (13013): Ports D and ENA on the latch are fed by the same signal rtl~117
Warning (13012): Latch DataMemory:dmem|ram[39][1] has unsafe behavior File: C:/Users/gomez/OneDrive/Escritorio/mini_proyectos/modulosveri.sv Line: 185
    Warning (13013): Ports D and ENA on the latch are fed by the same signal rtl~117
Warning (13012): Latch DataMemory:dmem|ram[55][1] has unsafe behavior File: C:/Users/gomez/OneDrive/Escritorio/mini_proyectos/modulosveri.sv Line: 185
    Warning (13013): Ports D and ENA on the latch are fed by the same signal rtl~117
Warning (13012): Latch DataMemory:dmem|ram[11][1] has unsafe behavior File: C:/Users/gomez/OneDrive/Escritorio/mini_proyectos/modulosveri.sv Line: 185
    Warning (13013): Ports D and ENA on the latch are fed by the same signal rtl~117
Warning (13012): Latch DataMemory:dmem|ram[27][1] has unsafe behavior File: C:/Users/gomez/OneDrive/Escritorio/mini_proyectos/modulosveri.sv Line: 185
    Warning (13013): Ports D and ENA on the latch are fed by the same signal rtl~117
Warning (13012): Latch DataMemory:dmem|ram[43][1] has unsafe behavior File: C:/Users/gomez/OneDrive/Escritorio/mini_proyectos/modulosveri.sv Line: 185
    Warning (13013): Ports D and ENA on the latch are fed by the same signal rtl~117
Warning (13012): Latch DataMemory:dmem|ram[59][1] has unsafe behavior File: C:/Users/gomez/OneDrive/Escritorio/mini_proyectos/modulosveri.sv Line: 185
    Warning (13013): Ports D and ENA on the latch are fed by the same signal rtl~117
Warning (13012): Latch DataMemory:dmem|ram[15][1] has unsafe behavior File: C:/Users/gomez/OneDrive/Escritorio/mini_proyectos/modulosveri.sv Line: 185
    Warning (13013): Ports D and ENA on the latch are fed by the same signal rtl~117
Warning (13012): Latch DataMemory:dmem|ram[31][1] has unsafe behavior File: C:/Users/gomez/OneDrive/Escritorio/mini_proyectos/modulosveri.sv Line: 185
    Warning (13013): Ports D and ENA on the latch are fed by the same signal rtl~117
Warning (13012): Latch DataMemory:dmem|ram[47][1] has unsafe behavior File: C:/Users/gomez/OneDrive/Escritorio/mini_proyectos/modulosveri.sv Line: 185
    Warning (13013): Ports D and ENA on the latch are fed by the same signal rtl~117
Warning (13012): Latch DataMemory:dmem|ram[63][1] has unsafe behavior File: C:/Users/gomez/OneDrive/Escritorio/mini_proyectos/modulosveri.sv Line: 185
    Warning (13013): Ports D and ENA on the latch are fed by the same signal rtl~117
Warning (13012): Latch DataMemory:dmem|ram[128][2] has unsafe behavior File: C:/Users/gomez/OneDrive/Escritorio/mini_proyectos/modulosveri.sv Line: 185
    Warning (13013): Ports D and ENA on the latch are fed by the same signal rtl~117
Warning (13012): Latch DataMemory:dmem|ram[144][2] has unsafe behavior File: C:/Users/gomez/OneDrive/Escritorio/mini_proyectos/modulosveri.sv Line: 185
    Warning (13013): Ports D and ENA on the latch are fed by the same signal rtl~117
Warning (13012): Latch DataMemory:dmem|ram[160][2] has unsafe behavior File: C:/Users/gomez/OneDrive/Escritorio/mini_proyectos/modulosveri.sv Line: 185
    Warning (13013): Ports D and ENA on the latch are fed by the same signal rtl~117
Warning (13012): Latch DataMemory:dmem|ram[176][2] has unsafe behavior File: C:/Users/gomez/OneDrive/Escritorio/mini_proyectos/modulosveri.sv Line: 185
    Warning (13013): Ports D and ENA on the latch are fed by the same signal rtl~117
Warning (13012): Latch DataMemory:dmem|ram[129][2] has unsafe behavior File: C:/Users/gomez/OneDrive/Escritorio/mini_proyectos/modulosveri.sv Line: 185
    Warning (13013): Ports D and ENA on the latch are fed by the same signal rtl~117
Warning (13012): Latch DataMemory:dmem|ram[145][2] has unsafe behavior File: C:/Users/gomez/OneDrive/Escritorio/mini_proyectos/modulosveri.sv Line: 185
    Warning (13013): Ports D and ENA on the latch are fed by the same signal rtl~117
Warning (13012): Latch DataMemory:dmem|ram[161][2] has unsafe behavior File: C:/Users/gomez/OneDrive/Escritorio/mini_proyectos/modulosveri.sv Line: 185
    Warning (13013): Ports D and ENA on the latch are fed by the same signal rtl~117
Warning (13012): Latch DataMemory:dmem|ram[177][2] has unsafe behavior File: C:/Users/gomez/OneDrive/Escritorio/mini_proyectos/modulosveri.sv Line: 185
    Warning (13013): Ports D and ENA on the latch are fed by the same signal rtl~117
Warning (13012): Latch DataMemory:dmem|ram[130][2] has unsafe behavior File: C:/Users/gomez/OneDrive/Escritorio/mini_proyectos/modulosveri.sv Line: 185
    Warning (13013): Ports D and ENA on the latch are fed by the same signal rtl~117
Warning (13012): Latch DataMemory:dmem|ram[146][2] has unsafe behavior File: C:/Users/gomez/OneDrive/Escritorio/mini_proyectos/modulosveri.sv Line: 185
    Warning (13013): Ports D and ENA on the latch are fed by the same signal rtl~117
Warning (13012): Latch DataMemory:dmem|ram[162][2] has unsafe behavior File: C:/Users/gomez/OneDrive/Escritorio/mini_proyectos/modulosveri.sv Line: 185
    Warning (13013): Ports D and ENA on the latch are fed by the same signal rtl~117
Warning (13012): Latch DataMemory:dmem|ram[178][2] has unsafe behavior File: C:/Users/gomez/OneDrive/Escritorio/mini_proyectos/modulosveri.sv Line: 185
    Warning (13013): Ports D and ENA on the latch are fed by the same signal rtl~117
Warning (13012): Latch DataMemory:dmem|ram[131][2] has unsafe behavior File: C:/Users/gomez/OneDrive/Escritorio/mini_proyectos/modulosveri.sv Line: 185
    Warning (13013): Ports D and ENA on the latch are fed by the same signal rtl~117
Warning (13012): Latch DataMemory:dmem|ram[147][2] has unsafe behavior File: C:/Users/gomez/OneDrive/Escritorio/mini_proyectos/modulosveri.sv Line: 185
    Warning (13013): Ports D and ENA on the latch are fed by the same signal rtl~117
Warning (13012): Latch DataMemory:dmem|ram[163][2] has unsafe behavior File: C:/Users/gomez/OneDrive/Escritorio/mini_proyectos/modulosveri.sv Line: 185
    Warning (13013): Ports D and ENA on the latch are fed by the same signal rtl~117
Warning (13012): Latch DataMemory:dmem|ram[179][2] has unsafe behavior File: C:/Users/gomez/OneDrive/Escritorio/mini_proyectos/modulosveri.sv Line: 185
    Warning (13013): Ports D and ENA on the latch are fed by the same signal rtl~117
Warning (13012): Latch DataMemory:dmem|ram[132][2] has unsafe behavior File: C:/Users/gomez/OneDrive/Escritorio/mini_proyectos/modulosveri.sv Line: 185
    Warning (13013): Ports D and ENA on the latch are fed by the same signal rtl~117
Warning (13012): Latch DataMemory:dmem|ram[148][2] has unsafe behavior File: C:/Users/gomez/OneDrive/Escritorio/mini_proyectos/modulosveri.sv Line: 185
    Warning (13013): Ports D and ENA on the latch are fed by the same signal rtl~117
Warning (13012): Latch DataMemory:dmem|ram[164][2] has unsafe behavior File: C:/Users/gomez/OneDrive/Escritorio/mini_proyectos/modulosveri.sv Line: 185
    Warning (13013): Ports D and ENA on the latch are fed by the same signal rtl~117
Warning (13012): Latch DataMemory:dmem|ram[180][2] has unsafe behavior File: C:/Users/gomez/OneDrive/Escritorio/mini_proyectos/modulosveri.sv Line: 185
    Warning (13013): Ports D and ENA on the latch are fed by the same signal rtl~117
Warning (13012): Latch DataMemory:dmem|ram[133][2] has unsafe behavior File: C:/Users/gomez/OneDrive/Escritorio/mini_proyectos/modulosveri.sv Line: 185
    Warning (13013): Ports D and ENA on the latch are fed by the same signal rtl~117
Warning (13012): Latch DataMemory:dmem|ram[149][2] has unsafe behavior File: C:/Users/gomez/OneDrive/Escritorio/mini_proyectos/modulosveri.sv Line: 185
    Warning (13013): Ports D and ENA on the latch are fed by the same signal rtl~117
Warning (13012): Latch DataMemory:dmem|ram[165][2] has unsafe behavior File: C:/Users/gomez/OneDrive/Escritorio/mini_proyectos/modulosveri.sv Line: 185
    Warning (13013): Ports D and ENA on the latch are fed by the same signal rtl~117
Warning (13012): Latch DataMemory:dmem|ram[181][2] has unsafe behavior File: C:/Users/gomez/OneDrive/Escritorio/mini_proyectos/modulosveri.sv Line: 185
    Warning (13013): Ports D and ENA on the latch are fed by the same signal rtl~117
Warning (13012): Latch DataMemory:dmem|ram[134][2] has unsafe behavior File: C:/Users/gomez/OneDrive/Escritorio/mini_proyectos/modulosveri.sv Line: 185
    Warning (13013): Ports D and ENA on the latch are fed by the same signal rtl~117
Warning (13012): Latch DataMemory:dmem|ram[150][2] has unsafe behavior File: C:/Users/gomez/OneDrive/Escritorio/mini_proyectos/modulosveri.sv Line: 185
    Warning (13013): Ports D and ENA on the latch are fed by the same signal rtl~117
Warning (13012): Latch DataMemory:dmem|ram[166][2] has unsafe behavior File: C:/Users/gomez/OneDrive/Escritorio/mini_proyectos/modulosveri.sv Line: 185
    Warning (13013): Ports D and ENA on the latch are fed by the same signal rtl~117
Warning (13012): Latch DataMemory:dmem|ram[182][2] has unsafe behavior File: C:/Users/gomez/OneDrive/Escritorio/mini_proyectos/modulosveri.sv Line: 185
    Warning (13013): Ports D and ENA on the latch are fed by the same signal rtl~117
Warning (13012): Latch DataMemory:dmem|ram[135][2] has unsafe behavior File: C:/Users/gomez/OneDrive/Escritorio/mini_proyectos/modulosveri.sv Line: 185
    Warning (13013): Ports D and ENA on the latch are fed by the same signal rtl~117
Warning (13012): Latch DataMemory:dmem|ram[151][2] has unsafe behavior File: C:/Users/gomez/OneDrive/Escritorio/mini_proyectos/modulosveri.sv Line: 185
    Warning (13013): Ports D and ENA on the latch are fed by the same signal rtl~117
Warning (13012): Latch DataMemory:dmem|ram[167][2] has unsafe behavior File: C:/Users/gomez/OneDrive/Escritorio/mini_proyectos/modulosveri.sv Line: 185
    Warning (13013): Ports D and ENA on the latch are fed by the same signal rtl~117
Warning (13012): Latch DataMemory:dmem|ram[183][2] has unsafe behavior File: C:/Users/gomez/OneDrive/Escritorio/mini_proyectos/modulosveri.sv Line: 185
    Warning (13013): Ports D and ENA on the latch are fed by the same signal rtl~117
Warning (13012): Latch DataMemory:dmem|ram[136][2] has unsafe behavior File: C:/Users/gomez/OneDrive/Escritorio/mini_proyectos/modulosveri.sv Line: 185
    Warning (13013): Ports D and ENA on the latch are fed by the same signal rtl~117
Warning (13012): Latch DataMemory:dmem|ram[152][2] has unsafe behavior File: C:/Users/gomez/OneDrive/Escritorio/mini_proyectos/modulosveri.sv Line: 185
    Warning (13013): Ports D and ENA on the latch are fed by the same signal rtl~117
Warning (13012): Latch DataMemory:dmem|ram[168][2] has unsafe behavior File: C:/Users/gomez/OneDrive/Escritorio/mini_proyectos/modulosveri.sv Line: 185
    Warning (13013): Ports D and ENA on the latch are fed by the same signal rtl~117
Warning (13012): Latch DataMemory:dmem|ram[184][2] has unsafe behavior File: C:/Users/gomez/OneDrive/Escritorio/mini_proyectos/modulosveri.sv Line: 185
    Warning (13013): Ports D and ENA on the latch are fed by the same signal rtl~117
Warning (13012): Latch DataMemory:dmem|ram[137][2] has unsafe behavior File: C:/Users/gomez/OneDrive/Escritorio/mini_proyectos/modulosveri.sv Line: 185
    Warning (13013): Ports D and ENA on the latch are fed by the same signal rtl~117
Warning (13012): Latch DataMemory:dmem|ram[153][2] has unsafe behavior File: C:/Users/gomez/OneDrive/Escritorio/mini_proyectos/modulosveri.sv Line: 185
    Warning (13013): Ports D and ENA on the latch are fed by the same signal rtl~117
Warning (13012): Latch DataMemory:dmem|ram[169][2] has unsafe behavior File: C:/Users/gomez/OneDrive/Escritorio/mini_proyectos/modulosveri.sv Line: 185
    Warning (13013): Ports D and ENA on the latch are fed by the same signal rtl~117
Warning (13012): Latch DataMemory:dmem|ram[185][2] has unsafe behavior File: C:/Users/gomez/OneDrive/Escritorio/mini_proyectos/modulosveri.sv Line: 185
    Warning (13013): Ports D and ENA on the latch are fed by the same signal rtl~117
Warning (13012): Latch DataMemory:dmem|ram[138][2] has unsafe behavior File: C:/Users/gomez/OneDrive/Escritorio/mini_proyectos/modulosveri.sv Line: 185
    Warning (13013): Ports D and ENA on the latch are fed by the same signal rtl~117
Warning (13012): Latch DataMemory:dmem|ram[154][2] has unsafe behavior File: C:/Users/gomez/OneDrive/Escritorio/mini_proyectos/modulosveri.sv Line: 185
    Warning (13013): Ports D and ENA on the latch are fed by the same signal rtl~117
Warning (13012): Latch DataMemory:dmem|ram[170][2] has unsafe behavior File: C:/Users/gomez/OneDrive/Escritorio/mini_proyectos/modulosveri.sv Line: 185
    Warning (13013): Ports D and ENA on the latch are fed by the same signal rtl~117
Warning (13012): Latch DataMemory:dmem|ram[186][2] has unsafe behavior File: C:/Users/gomez/OneDrive/Escritorio/mini_proyectos/modulosveri.sv Line: 185
    Warning (13013): Ports D and ENA on the latch are fed by the same signal rtl~117
Warning (13012): Latch DataMemory:dmem|ram[139][2] has unsafe behavior File: C:/Users/gomez/OneDrive/Escritorio/mini_proyectos/modulosveri.sv Line: 185
    Warning (13013): Ports D and ENA on the latch are fed by the same signal rtl~117
Warning (13012): Latch DataMemory:dmem|ram[155][2] has unsafe behavior File: C:/Users/gomez/OneDrive/Escritorio/mini_proyectos/modulosveri.sv Line: 185
    Warning (13013): Ports D and ENA on the latch are fed by the same signal rtl~117
Warning (13012): Latch DataMemory:dmem|ram[171][2] has unsafe behavior File: C:/Users/gomez/OneDrive/Escritorio/mini_proyectos/modulosveri.sv Line: 185
    Warning (13013): Ports D and ENA on the latch are fed by the same signal rtl~117
Warning (13012): Latch DataMemory:dmem|ram[187][2] has unsafe behavior File: C:/Users/gomez/OneDrive/Escritorio/mini_proyectos/modulosveri.sv Line: 185
    Warning (13013): Ports D and ENA on the latch are fed by the same signal rtl~117
Warning (13012): Latch DataMemory:dmem|ram[140][2] has unsafe behavior File: C:/Users/gomez/OneDrive/Escritorio/mini_proyectos/modulosveri.sv Line: 185
    Warning (13013): Ports D and ENA on the latch are fed by the same signal rtl~117
Warning (13012): Latch DataMemory:dmem|ram[141][2] has unsafe behavior File: C:/Users/gomez/OneDrive/Escritorio/mini_proyectos/modulosveri.sv Line: 185
    Warning (13013): Ports D and ENA on the latch are fed by the same signal rtl~117
Warning (13012): Latch DataMemory:dmem|ram[142][2] has unsafe behavior File: C:/Users/gomez/OneDrive/Escritorio/mini_proyectos/modulosveri.sv Line: 185
    Warning (13013): Ports D and ENA on the latch are fed by the same signal rtl~117
Warning (13012): Latch DataMemory:dmem|ram[143][2] has unsafe behavior File: C:/Users/gomez/OneDrive/Escritorio/mini_proyectos/modulosveri.sv Line: 185
    Warning (13013): Ports D and ENA on the latch are fed by the same signal rtl~117
Warning (13012): Latch DataMemory:dmem|ram[156][2] has unsafe behavior File: C:/Users/gomez/OneDrive/Escritorio/mini_proyectos/modulosveri.sv Line: 185
    Warning (13013): Ports D and ENA on the latch are fed by the same signal rtl~117
Warning (13012): Latch DataMemory:dmem|ram[157][2] has unsafe behavior File: C:/Users/gomez/OneDrive/Escritorio/mini_proyectos/modulosveri.sv Line: 185
    Warning (13013): Ports D and ENA on the latch are fed by the same signal rtl~117
Warning (13012): Latch DataMemory:dmem|ram[158][2] has unsafe behavior File: C:/Users/gomez/OneDrive/Escritorio/mini_proyectos/modulosveri.sv Line: 185
    Warning (13013): Ports D and ENA on the latch are fed by the same signal rtl~117
Warning (13012): Latch DataMemory:dmem|ram[159][2] has unsafe behavior File: C:/Users/gomez/OneDrive/Escritorio/mini_proyectos/modulosveri.sv Line: 185
    Warning (13013): Ports D and ENA on the latch are fed by the same signal rtl~117
Warning (13012): Latch DataMemory:dmem|ram[172][2] has unsafe behavior File: C:/Users/gomez/OneDrive/Escritorio/mini_proyectos/modulosveri.sv Line: 185
    Warning (13013): Ports D and ENA on the latch are fed by the same signal rtl~117
Warning (13012): Latch DataMemory:dmem|ram[173][2] has unsafe behavior File: C:/Users/gomez/OneDrive/Escritorio/mini_proyectos/modulosveri.sv Line: 185
    Warning (13013): Ports D and ENA on the latch are fed by the same signal rtl~117
Warning (13012): Latch DataMemory:dmem|ram[174][2] has unsafe behavior File: C:/Users/gomez/OneDrive/Escritorio/mini_proyectos/modulosveri.sv Line: 185
    Warning (13013): Ports D and ENA on the latch are fed by the same signal rtl~117
Warning (13012): Latch DataMemory:dmem|ram[175][2] has unsafe behavior File: C:/Users/gomez/OneDrive/Escritorio/mini_proyectos/modulosveri.sv Line: 185
    Warning (13013): Ports D and ENA on the latch are fed by the same signal rtl~117
Warning (13012): Latch DataMemory:dmem|ram[188][2] has unsafe behavior File: C:/Users/gomez/OneDrive/Escritorio/mini_proyectos/modulosveri.sv Line: 185
    Warning (13013): Ports D and ENA on the latch are fed by the same signal rtl~117
Warning (13012): Latch DataMemory:dmem|ram[189][2] has unsafe behavior File: C:/Users/gomez/OneDrive/Escritorio/mini_proyectos/modulosveri.sv Line: 185
    Warning (13013): Ports D and ENA on the latch are fed by the same signal rtl~117
Warning (13012): Latch DataMemory:dmem|ram[190][2] has unsafe behavior File: C:/Users/gomez/OneDrive/Escritorio/mini_proyectos/modulosveri.sv Line: 185
    Warning (13013): Ports D and ENA on the latch are fed by the same signal rtl~117
Warning (13012): Latch DataMemory:dmem|ram[191][2] has unsafe behavior File: C:/Users/gomez/OneDrive/Escritorio/mini_proyectos/modulosveri.sv Line: 185
    Warning (13013): Ports D and ENA on the latch are fed by the same signal rtl~117
Warning (13012): Latch DataMemory:dmem|ram[200][2] has unsafe behavior File: C:/Users/gomez/OneDrive/Escritorio/mini_proyectos/modulosveri.sv Line: 185
    Warning (13013): Ports D and ENA on the latch are fed by the same signal rtl~117
Warning (13012): Latch DataMemory:dmem|ram[192][2] has unsafe behavior File: C:/Users/gomez/OneDrive/Escritorio/mini_proyectos/modulosveri.sv Line: 185
    Warning (13013): Ports D and ENA on the latch are fed by the same signal rtl~117
Warning (13012): Latch DataMemory:dmem|ram[193][2] has unsafe behavior File: C:/Users/gomez/OneDrive/Escritorio/mini_proyectos/modulosveri.sv Line: 185
    Warning (13013): Ports D and ENA on the latch are fed by the same signal rtl~117
Warning (13012): Latch DataMemory:dmem|ram[194][2] has unsafe behavior File: C:/Users/gomez/OneDrive/Escritorio/mini_proyectos/modulosveri.sv Line: 185
    Warning (13013): Ports D and ENA on the latch are fed by the same signal rtl~117
Warning (13012): Latch DataMemory:dmem|ram[195][2] has unsafe behavior File: C:/Users/gomez/OneDrive/Escritorio/mini_proyectos/modulosveri.sv Line: 185
    Warning (13013): Ports D and ENA on the latch are fed by the same signal rtl~117
Warning (13012): Latch DataMemory:dmem|ram[196][2] has unsafe behavior File: C:/Users/gomez/OneDrive/Escritorio/mini_proyectos/modulosveri.sv Line: 185
    Warning (13013): Ports D and ENA on the latch are fed by the same signal rtl~117
Warning (13012): Latch DataMemory:dmem|ram[197][2] has unsafe behavior File: C:/Users/gomez/OneDrive/Escritorio/mini_proyectos/modulosveri.sv Line: 185
    Warning (13013): Ports D and ENA on the latch are fed by the same signal rtl~117
Warning (13012): Latch DataMemory:dmem|ram[198][2] has unsafe behavior File: C:/Users/gomez/OneDrive/Escritorio/mini_proyectos/modulosveri.sv Line: 185
    Warning (13013): Ports D and ENA on the latch are fed by the same signal rtl~117
Warning (13012): Latch DataMemory:dmem|ram[199][2] has unsafe behavior File: C:/Users/gomez/OneDrive/Escritorio/mini_proyectos/modulosveri.sv Line: 185
    Warning (13013): Ports D and ENA on the latch are fed by the same signal rtl~117
Warning (13012): Latch DataMemory:dmem|ram[64][2] has unsafe behavior File: C:/Users/gomez/OneDrive/Escritorio/mini_proyectos/modulosveri.sv Line: 185
    Warning (13013): Ports D and ENA on the latch are fed by the same signal rtl~117
Warning (13012): Latch DataMemory:dmem|ram[65][2] has unsafe behavior File: C:/Users/gomez/OneDrive/Escritorio/mini_proyectos/modulosveri.sv Line: 185
    Warning (13013): Ports D and ENA on the latch are fed by the same signal rtl~117
Warning (13012): Latch DataMemory:dmem|ram[66][2] has unsafe behavior File: C:/Users/gomez/OneDrive/Escritorio/mini_proyectos/modulosveri.sv Line: 185
    Warning (13013): Ports D and ENA on the latch are fed by the same signal rtl~117
Warning (13012): Latch DataMemory:dmem|ram[67][2] has unsafe behavior File: C:/Users/gomez/OneDrive/Escritorio/mini_proyectos/modulosveri.sv Line: 185
    Warning (13013): Ports D and ENA on the latch are fed by the same signal rtl~117
Warning (13012): Latch DataMemory:dmem|ram[68][2] has unsafe behavior File: C:/Users/gomez/OneDrive/Escritorio/mini_proyectos/modulosveri.sv Line: 185
    Warning (13013): Ports D and ENA on the latch are fed by the same signal rtl~117
Warning (13012): Latch DataMemory:dmem|ram[69][2] has unsafe behavior File: C:/Users/gomez/OneDrive/Escritorio/mini_proyectos/modulosveri.sv Line: 185
    Warning (13013): Ports D and ENA on the latch are fed by the same signal rtl~117
Warning (13012): Latch DataMemory:dmem|ram[70][2] has unsafe behavior File: C:/Users/gomez/OneDrive/Escritorio/mini_proyectos/modulosveri.sv Line: 185
    Warning (13013): Ports D and ENA on the latch are fed by the same signal rtl~117
Warning (13012): Latch DataMemory:dmem|ram[71][2] has unsafe behavior File: C:/Users/gomez/OneDrive/Escritorio/mini_proyectos/modulosveri.sv Line: 185
    Warning (13013): Ports D and ENA on the latch are fed by the same signal rtl~117
Warning (13012): Latch DataMemory:dmem|ram[72][2] has unsafe behavior File: C:/Users/gomez/OneDrive/Escritorio/mini_proyectos/modulosveri.sv Line: 185
    Warning (13013): Ports D and ENA on the latch are fed by the same signal rtl~117
Warning (13012): Latch DataMemory:dmem|ram[73][2] has unsafe behavior File: C:/Users/gomez/OneDrive/Escritorio/mini_proyectos/modulosveri.sv Line: 185
    Warning (13013): Ports D and ENA on the latch are fed by the same signal rtl~117
Warning (13012): Latch DataMemory:dmem|ram[74][2] has unsafe behavior File: C:/Users/gomez/OneDrive/Escritorio/mini_proyectos/modulosveri.sv Line: 185
    Warning (13013): Ports D and ENA on the latch are fed by the same signal rtl~117
Warning (13012): Latch DataMemory:dmem|ram[75][2] has unsafe behavior File: C:/Users/gomez/OneDrive/Escritorio/mini_proyectos/modulosveri.sv Line: 185
    Warning (13013): Ports D and ENA on the latch are fed by the same signal rtl~117
Warning (13012): Latch DataMemory:dmem|ram[76][2] has unsafe behavior File: C:/Users/gomez/OneDrive/Escritorio/mini_proyectos/modulosveri.sv Line: 185
    Warning (13013): Ports D and ENA on the latch are fed by the same signal rtl~117
Warning (13012): Latch DataMemory:dmem|ram[77][2] has unsafe behavior File: C:/Users/gomez/OneDrive/Escritorio/mini_proyectos/modulosveri.sv Line: 185
    Warning (13013): Ports D and ENA on the latch are fed by the same signal rtl~117
Warning (13012): Latch DataMemory:dmem|ram[78][2] has unsafe behavior File: C:/Users/gomez/OneDrive/Escritorio/mini_proyectos/modulosveri.sv Line: 185
    Warning (13013): Ports D and ENA on the latch are fed by the same signal rtl~117
Warning (13012): Latch DataMemory:dmem|ram[79][2] has unsafe behavior File: C:/Users/gomez/OneDrive/Escritorio/mini_proyectos/modulosveri.sv Line: 185
    Warning (13013): Ports D and ENA on the latch are fed by the same signal rtl~117
Warning (13012): Latch DataMemory:dmem|ram[80][2] has unsafe behavior File: C:/Users/gomez/OneDrive/Escritorio/mini_proyectos/modulosveri.sv Line: 185
    Warning (13013): Ports D and ENA on the latch are fed by the same signal rtl~117
Warning (13012): Latch DataMemory:dmem|ram[81][2] has unsafe behavior File: C:/Users/gomez/OneDrive/Escritorio/mini_proyectos/modulosveri.sv Line: 185
    Warning (13013): Ports D and ENA on the latch are fed by the same signal rtl~117
Warning (13012): Latch DataMemory:dmem|ram[82][2] has unsafe behavior File: C:/Users/gomez/OneDrive/Escritorio/mini_proyectos/modulosveri.sv Line: 185
    Warning (13013): Ports D and ENA on the latch are fed by the same signal rtl~117
Warning (13012): Latch DataMemory:dmem|ram[83][2] has unsafe behavior File: C:/Users/gomez/OneDrive/Escritorio/mini_proyectos/modulosveri.sv Line: 185
    Warning (13013): Ports D and ENA on the latch are fed by the same signal rtl~117
Warning (13012): Latch DataMemory:dmem|ram[84][2] has unsafe behavior File: C:/Users/gomez/OneDrive/Escritorio/mini_proyectos/modulosveri.sv Line: 185
    Warning (13013): Ports D and ENA on the latch are fed by the same signal rtl~117
Warning (13012): Latch DataMemory:dmem|ram[85][2] has unsafe behavior File: C:/Users/gomez/OneDrive/Escritorio/mini_proyectos/modulosveri.sv Line: 185
    Warning (13013): Ports D and ENA on the latch are fed by the same signal rtl~117
Warning (13012): Latch DataMemory:dmem|ram[86][2] has unsafe behavior File: C:/Users/gomez/OneDrive/Escritorio/mini_proyectos/modulosveri.sv Line: 185
    Warning (13013): Ports D and ENA on the latch are fed by the same signal rtl~117
Warning (13012): Latch DataMemory:dmem|ram[87][2] has unsafe behavior File: C:/Users/gomez/OneDrive/Escritorio/mini_proyectos/modulosveri.sv Line: 185
    Warning (13013): Ports D and ENA on the latch are fed by the same signal rtl~117
Warning (13012): Latch DataMemory:dmem|ram[88][2] has unsafe behavior File: C:/Users/gomez/OneDrive/Escritorio/mini_proyectos/modulosveri.sv Line: 185
    Warning (13013): Ports D and ENA on the latch are fed by the same signal rtl~117
Warning (13012): Latch DataMemory:dmem|ram[89][2] has unsafe behavior File: C:/Users/gomez/OneDrive/Escritorio/mini_proyectos/modulosveri.sv Line: 185
    Warning (13013): Ports D and ENA on the latch are fed by the same signal rtl~117
Warning (13012): Latch DataMemory:dmem|ram[90][2] has unsafe behavior File: C:/Users/gomez/OneDrive/Escritorio/mini_proyectos/modulosveri.sv Line: 185
    Warning (13013): Ports D and ENA on the latch are fed by the same signal rtl~117
Warning (13012): Latch DataMemory:dmem|ram[91][2] has unsafe behavior File: C:/Users/gomez/OneDrive/Escritorio/mini_proyectos/modulosveri.sv Line: 185
    Warning (13013): Ports D and ENA on the latch are fed by the same signal rtl~117
Warning (13012): Latch DataMemory:dmem|ram[92][2] has unsafe behavior File: C:/Users/gomez/OneDrive/Escritorio/mini_proyectos/modulosveri.sv Line: 185
    Warning (13013): Ports D and ENA on the latch are fed by the same signal rtl~117
Warning (13012): Latch DataMemory:dmem|ram[93][2] has unsafe behavior File: C:/Users/gomez/OneDrive/Escritorio/mini_proyectos/modulosveri.sv Line: 185
    Warning (13013): Ports D and ENA on the latch are fed by the same signal rtl~117
Warning (13012): Latch DataMemory:dmem|ram[94][2] has unsafe behavior File: C:/Users/gomez/OneDrive/Escritorio/mini_proyectos/modulosveri.sv Line: 185
    Warning (13013): Ports D and ENA on the latch are fed by the same signal rtl~117
Warning (13012): Latch DataMemory:dmem|ram[95][2] has unsafe behavior File: C:/Users/gomez/OneDrive/Escritorio/mini_proyectos/modulosveri.sv Line: 185
    Warning (13013): Ports D and ENA on the latch are fed by the same signal rtl~117
Warning (13012): Latch DataMemory:dmem|ram[96][2] has unsafe behavior File: C:/Users/gomez/OneDrive/Escritorio/mini_proyectos/modulosveri.sv Line: 185
    Warning (13013): Ports D and ENA on the latch are fed by the same signal rtl~117
Warning (13012): Latch DataMemory:dmem|ram[100][2] has unsafe behavior File: C:/Users/gomez/OneDrive/Escritorio/mini_proyectos/modulosveri.sv Line: 185
    Warning (13013): Ports D and ENA on the latch are fed by the same signal rtl~117
Warning (13012): Latch DataMemory:dmem|ram[104][2] has unsafe behavior File: C:/Users/gomez/OneDrive/Escritorio/mini_proyectos/modulosveri.sv Line: 185
    Warning (13013): Ports D and ENA on the latch are fed by the same signal rtl~117
Warning (13012): Latch DataMemory:dmem|ram[108][2] has unsafe behavior File: C:/Users/gomez/OneDrive/Escritorio/mini_proyectos/modulosveri.sv Line: 185
    Warning (13013): Ports D and ENA on the latch are fed by the same signal rtl~117
Warning (13012): Latch DataMemory:dmem|ram[97][2] has unsafe behavior File: C:/Users/gomez/OneDrive/Escritorio/mini_proyectos/modulosveri.sv Line: 185
    Warning (13013): Ports D and ENA on the latch are fed by the same signal rtl~117
Warning (13012): Latch DataMemory:dmem|ram[101][2] has unsafe behavior File: C:/Users/gomez/OneDrive/Escritorio/mini_proyectos/modulosveri.sv Line: 185
    Warning (13013): Ports D and ENA on the latch are fed by the same signal rtl~117
Warning (13012): Latch DataMemory:dmem|ram[105][2] has unsafe behavior File: C:/Users/gomez/OneDrive/Escritorio/mini_proyectos/modulosveri.sv Line: 185
    Warning (13013): Ports D and ENA on the latch are fed by the same signal rtl~117
Warning (13012): Latch DataMemory:dmem|ram[109][2] has unsafe behavior File: C:/Users/gomez/OneDrive/Escritorio/mini_proyectos/modulosveri.sv Line: 185
    Warning (13013): Ports D and ENA on the latch are fed by the same signal rtl~117
Warning (13012): Latch DataMemory:dmem|ram[98][2] has unsafe behavior File: C:/Users/gomez/OneDrive/Escritorio/mini_proyectos/modulosveri.sv Line: 185
    Warning (13013): Ports D and ENA on the latch are fed by the same signal rtl~117
Warning (13012): Latch DataMemory:dmem|ram[102][2] has unsafe behavior File: C:/Users/gomez/OneDrive/Escritorio/mini_proyectos/modulosveri.sv Line: 185
    Warning (13013): Ports D and ENA on the latch are fed by the same signal rtl~117
Warning (13012): Latch DataMemory:dmem|ram[106][2] has unsafe behavior File: C:/Users/gomez/OneDrive/Escritorio/mini_proyectos/modulosveri.sv Line: 185
    Warning (13013): Ports D and ENA on the latch are fed by the same signal rtl~117
Warning (13012): Latch DataMemory:dmem|ram[110][2] has unsafe behavior File: C:/Users/gomez/OneDrive/Escritorio/mini_proyectos/modulosveri.sv Line: 185
    Warning (13013): Ports D and ENA on the latch are fed by the same signal rtl~117
Warning (13012): Latch DataMemory:dmem|ram[99][2] has unsafe behavior File: C:/Users/gomez/OneDrive/Escritorio/mini_proyectos/modulosveri.sv Line: 185
    Warning (13013): Ports D and ENA on the latch are fed by the same signal rtl~117
Warning (13012): Latch DataMemory:dmem|ram[103][2] has unsafe behavior File: C:/Users/gomez/OneDrive/Escritorio/mini_proyectos/modulosveri.sv Line: 185
    Warning (13013): Ports D and ENA on the latch are fed by the same signal rtl~117
Warning (13012): Latch DataMemory:dmem|ram[107][2] has unsafe behavior File: C:/Users/gomez/OneDrive/Escritorio/mini_proyectos/modulosveri.sv Line: 185
    Warning (13013): Ports D and ENA on the latch are fed by the same signal rtl~117
Warning (13012): Latch DataMemory:dmem|ram[111][2] has unsafe behavior File: C:/Users/gomez/OneDrive/Escritorio/mini_proyectos/modulosveri.sv Line: 185
    Warning (13013): Ports D and ENA on the latch are fed by the same signal rtl~117
Warning (13012): Latch DataMemory:dmem|ram[112][2] has unsafe behavior File: C:/Users/gomez/OneDrive/Escritorio/mini_proyectos/modulosveri.sv Line: 185
    Warning (13013): Ports D and ENA on the latch are fed by the same signal rtl~117
Warning (13012): Latch DataMemory:dmem|ram[113][2] has unsafe behavior File: C:/Users/gomez/OneDrive/Escritorio/mini_proyectos/modulosveri.sv Line: 185
    Warning (13013): Ports D and ENA on the latch are fed by the same signal rtl~117
Warning (13012): Latch DataMemory:dmem|ram[114][2] has unsafe behavior File: C:/Users/gomez/OneDrive/Escritorio/mini_proyectos/modulosveri.sv Line: 185
    Warning (13013): Ports D and ENA on the latch are fed by the same signal rtl~117
Warning (13012): Latch DataMemory:dmem|ram[115][2] has unsafe behavior File: C:/Users/gomez/OneDrive/Escritorio/mini_proyectos/modulosveri.sv Line: 185
    Warning (13013): Ports D and ENA on the latch are fed by the same signal rtl~117
Warning (13012): Latch DataMemory:dmem|ram[116][2] has unsafe behavior File: C:/Users/gomez/OneDrive/Escritorio/mini_proyectos/modulosveri.sv Line: 185
    Warning (13013): Ports D and ENA on the latch are fed by the same signal rtl~117
Warning (13012): Latch DataMemory:dmem|ram[117][2] has unsafe behavior File: C:/Users/gomez/OneDrive/Escritorio/mini_proyectos/modulosveri.sv Line: 185
    Warning (13013): Ports D and ENA on the latch are fed by the same signal rtl~117
Warning (13012): Latch DataMemory:dmem|ram[118][2] has unsafe behavior File: C:/Users/gomez/OneDrive/Escritorio/mini_proyectos/modulosveri.sv Line: 185
    Warning (13013): Ports D and ENA on the latch are fed by the same signal rtl~117
Warning (13012): Latch DataMemory:dmem|ram[119][2] has unsafe behavior File: C:/Users/gomez/OneDrive/Escritorio/mini_proyectos/modulosveri.sv Line: 185
    Warning (13013): Ports D and ENA on the latch are fed by the same signal rtl~117
Warning (13012): Latch DataMemory:dmem|ram[120][2] has unsafe behavior File: C:/Users/gomez/OneDrive/Escritorio/mini_proyectos/modulosveri.sv Line: 185
    Warning (13013): Ports D and ENA on the latch are fed by the same signal rtl~117
Warning (13012): Latch DataMemory:dmem|ram[121][2] has unsafe behavior File: C:/Users/gomez/OneDrive/Escritorio/mini_proyectos/modulosveri.sv Line: 185
    Warning (13013): Ports D and ENA on the latch are fed by the same signal rtl~117
Warning (13012): Latch DataMemory:dmem|ram[122][2] has unsafe behavior File: C:/Users/gomez/OneDrive/Escritorio/mini_proyectos/modulosveri.sv Line: 185
    Warning (13013): Ports D and ENA on the latch are fed by the same signal rtl~117
Warning (13012): Latch DataMemory:dmem|ram[123][2] has unsafe behavior File: C:/Users/gomez/OneDrive/Escritorio/mini_proyectos/modulosveri.sv Line: 185
    Warning (13013): Ports D and ENA on the latch are fed by the same signal rtl~117
Warning (13012): Latch DataMemory:dmem|ram[124][2] has unsafe behavior File: C:/Users/gomez/OneDrive/Escritorio/mini_proyectos/modulosveri.sv Line: 185
    Warning (13013): Ports D and ENA on the latch are fed by the same signal rtl~117
Warning (13012): Latch DataMemory:dmem|ram[125][2] has unsafe behavior File: C:/Users/gomez/OneDrive/Escritorio/mini_proyectos/modulosveri.sv Line: 185
    Warning (13013): Ports D and ENA on the latch are fed by the same signal rtl~117
Warning (13012): Latch DataMemory:dmem|ram[126][2] has unsafe behavior File: C:/Users/gomez/OneDrive/Escritorio/mini_proyectos/modulosveri.sv Line: 185
    Warning (13013): Ports D and ENA on the latch are fed by the same signal rtl~117
Warning (13012): Latch DataMemory:dmem|ram[127][2] has unsafe behavior File: C:/Users/gomez/OneDrive/Escritorio/mini_proyectos/modulosveri.sv Line: 185
    Warning (13013): Ports D and ENA on the latch are fed by the same signal rtl~117
Warning (13012): Latch DataMemory:dmem|ram[0][2] has unsafe behavior File: C:/Users/gomez/OneDrive/Escritorio/mini_proyectos/modulosveri.sv Line: 185
    Warning (13013): Ports D and ENA on the latch are fed by the same signal rtl~117
Warning (13012): Latch DataMemory:dmem|ram[4][2] has unsafe behavior File: C:/Users/gomez/OneDrive/Escritorio/mini_proyectos/modulosveri.sv Line: 185
    Warning (13013): Ports D and ENA on the latch are fed by the same signal rtl~117
Warning (13012): Latch DataMemory:dmem|ram[8][2] has unsafe behavior File: C:/Users/gomez/OneDrive/Escritorio/mini_proyectos/modulosveri.sv Line: 185
    Warning (13013): Ports D and ENA on the latch are fed by the same signal rtl~117
Warning (13012): Latch DataMemory:dmem|ram[12][2] has unsafe behavior File: C:/Users/gomez/OneDrive/Escritorio/mini_proyectos/modulosveri.sv Line: 185
    Warning (13013): Ports D and ENA on the latch are fed by the same signal rtl~117
Warning (13012): Latch DataMemory:dmem|ram[16][2] has unsafe behavior File: C:/Users/gomez/OneDrive/Escritorio/mini_proyectos/modulosveri.sv Line: 185
    Warning (13013): Ports D and ENA on the latch are fed by the same signal rtl~117
Warning (13012): Latch DataMemory:dmem|ram[20][2] has unsafe behavior File: C:/Users/gomez/OneDrive/Escritorio/mini_proyectos/modulosveri.sv Line: 185
    Warning (13013): Ports D and ENA on the latch are fed by the same signal rtl~117
Warning (13012): Latch DataMemory:dmem|ram[24][2] has unsafe behavior File: C:/Users/gomez/OneDrive/Escritorio/mini_proyectos/modulosveri.sv Line: 185
    Warning (13013): Ports D and ENA on the latch are fed by the same signal rtl~117
Warning (13012): Latch DataMemory:dmem|ram[28][2] has unsafe behavior File: C:/Users/gomez/OneDrive/Escritorio/mini_proyectos/modulosveri.sv Line: 185
    Warning (13013): Ports D and ENA on the latch are fed by the same signal rtl~117
Warning (13012): Latch DataMemory:dmem|ram[32][2] has unsafe behavior File: C:/Users/gomez/OneDrive/Escritorio/mini_proyectos/modulosveri.sv Line: 185
    Warning (13013): Ports D and ENA on the latch are fed by the same signal rtl~117
Warning (13012): Latch DataMemory:dmem|ram[36][2] has unsafe behavior File: C:/Users/gomez/OneDrive/Escritorio/mini_proyectos/modulosveri.sv Line: 185
    Warning (13013): Ports D and ENA on the latch are fed by the same signal rtl~117
Warning (13012): Latch DataMemory:dmem|ram[40][2] has unsafe behavior File: C:/Users/gomez/OneDrive/Escritorio/mini_proyectos/modulosveri.sv Line: 185
    Warning (13013): Ports D and ENA on the latch are fed by the same signal rtl~117
Warning (13012): Latch DataMemory:dmem|ram[44][2] has unsafe behavior File: C:/Users/gomez/OneDrive/Escritorio/mini_proyectos/modulosveri.sv Line: 185
    Warning (13013): Ports D and ENA on the latch are fed by the same signal rtl~117
Warning (13012): Latch DataMemory:dmem|ram[48][2] has unsafe behavior File: C:/Users/gomez/OneDrive/Escritorio/mini_proyectos/modulosveri.sv Line: 185
    Warning (13013): Ports D and ENA on the latch are fed by the same signal rtl~117
Warning (13012): Latch DataMemory:dmem|ram[52][2] has unsafe behavior File: C:/Users/gomez/OneDrive/Escritorio/mini_proyectos/modulosveri.sv Line: 185
    Warning (13013): Ports D and ENA on the latch are fed by the same signal rtl~117
Warning (13012): Latch DataMemory:dmem|ram[56][2] has unsafe behavior File: C:/Users/gomez/OneDrive/Escritorio/mini_proyectos/modulosveri.sv Line: 185
    Warning (13013): Ports D and ENA on the latch are fed by the same signal rtl~117
Warning (13012): Latch DataMemory:dmem|ram[60][2] has unsafe behavior File: C:/Users/gomez/OneDrive/Escritorio/mini_proyectos/modulosveri.sv Line: 185
    Warning (13013): Ports D and ENA on the latch are fed by the same signal rtl~117
Warning (13012): Latch DataMemory:dmem|ram[1][2] has unsafe behavior File: C:/Users/gomez/OneDrive/Escritorio/mini_proyectos/modulosveri.sv Line: 185
    Warning (13013): Ports D and ENA on the latch are fed by the same signal rtl~117
Warning (13012): Latch DataMemory:dmem|ram[5][2] has unsafe behavior File: C:/Users/gomez/OneDrive/Escritorio/mini_proyectos/modulosveri.sv Line: 185
    Warning (13013): Ports D and ENA on the latch are fed by the same signal rtl~117
Warning (13012): Latch DataMemory:dmem|ram[9][2] has unsafe behavior File: C:/Users/gomez/OneDrive/Escritorio/mini_proyectos/modulosveri.sv Line: 185
    Warning (13013): Ports D and ENA on the latch are fed by the same signal rtl~117
Warning (13012): Latch DataMemory:dmem|ram[13][2] has unsafe behavior File: C:/Users/gomez/OneDrive/Escritorio/mini_proyectos/modulosveri.sv Line: 185
    Warning (13013): Ports D and ENA on the latch are fed by the same signal rtl~117
Warning (13012): Latch DataMemory:dmem|ram[17][2] has unsafe behavior File: C:/Users/gomez/OneDrive/Escritorio/mini_proyectos/modulosveri.sv Line: 185
    Warning (13013): Ports D and ENA on the latch are fed by the same signal rtl~117
Warning (13012): Latch DataMemory:dmem|ram[21][2] has unsafe behavior File: C:/Users/gomez/OneDrive/Escritorio/mini_proyectos/modulosveri.sv Line: 185
    Warning (13013): Ports D and ENA on the latch are fed by the same signal rtl~117
Warning (13012): Latch DataMemory:dmem|ram[25][2] has unsafe behavior File: C:/Users/gomez/OneDrive/Escritorio/mini_proyectos/modulosveri.sv Line: 185
    Warning (13013): Ports D and ENA on the latch are fed by the same signal rtl~117
Warning (13012): Latch DataMemory:dmem|ram[29][2] has unsafe behavior File: C:/Users/gomez/OneDrive/Escritorio/mini_proyectos/modulosveri.sv Line: 185
    Warning (13013): Ports D and ENA on the latch are fed by the same signal rtl~117
Warning (13012): Latch DataMemory:dmem|ram[33][2] has unsafe behavior File: C:/Users/gomez/OneDrive/Escritorio/mini_proyectos/modulosveri.sv Line: 185
    Warning (13013): Ports D and ENA on the latch are fed by the same signal rtl~117
Warning (13012): Latch DataMemory:dmem|ram[37][2] has unsafe behavior File: C:/Users/gomez/OneDrive/Escritorio/mini_proyectos/modulosveri.sv Line: 185
    Warning (13013): Ports D and ENA on the latch are fed by the same signal rtl~117
Warning (13012): Latch DataMemory:dmem|ram[41][2] has unsafe behavior File: C:/Users/gomez/OneDrive/Escritorio/mini_proyectos/modulosveri.sv Line: 185
    Warning (13013): Ports D and ENA on the latch are fed by the same signal rtl~117
Warning (13012): Latch DataMemory:dmem|ram[45][2] has unsafe behavior File: C:/Users/gomez/OneDrive/Escritorio/mini_proyectos/modulosveri.sv Line: 185
    Warning (13013): Ports D and ENA on the latch are fed by the same signal rtl~117
Warning (13012): Latch DataMemory:dmem|ram[49][2] has unsafe behavior File: C:/Users/gomez/OneDrive/Escritorio/mini_proyectos/modulosveri.sv Line: 185
    Warning (13013): Ports D and ENA on the latch are fed by the same signal rtl~117
Warning (13012): Latch DataMemory:dmem|ram[53][2] has unsafe behavior File: C:/Users/gomez/OneDrive/Escritorio/mini_proyectos/modulosveri.sv Line: 185
    Warning (13013): Ports D and ENA on the latch are fed by the same signal rtl~117
Warning (13012): Latch DataMemory:dmem|ram[57][2] has unsafe behavior File: C:/Users/gomez/OneDrive/Escritorio/mini_proyectos/modulosveri.sv Line: 185
    Warning (13013): Ports D and ENA on the latch are fed by the same signal rtl~117
Warning (13012): Latch DataMemory:dmem|ram[61][2] has unsafe behavior File: C:/Users/gomez/OneDrive/Escritorio/mini_proyectos/modulosveri.sv Line: 185
    Warning (13013): Ports D and ENA on the latch are fed by the same signal rtl~117
Warning (13012): Latch DataMemory:dmem|ram[2][2] has unsafe behavior File: C:/Users/gomez/OneDrive/Escritorio/mini_proyectos/modulosveri.sv Line: 185
    Warning (13013): Ports D and ENA on the latch are fed by the same signal rtl~117
Warning (13012): Latch DataMemory:dmem|ram[6][2] has unsafe behavior File: C:/Users/gomez/OneDrive/Escritorio/mini_proyectos/modulosveri.sv Line: 185
    Warning (13013): Ports D and ENA on the latch are fed by the same signal rtl~117
Warning (13012): Latch DataMemory:dmem|ram[10][2] has unsafe behavior File: C:/Users/gomez/OneDrive/Escritorio/mini_proyectos/modulosveri.sv Line: 185
    Warning (13013): Ports D and ENA on the latch are fed by the same signal rtl~117
Warning (13012): Latch DataMemory:dmem|ram[14][2] has unsafe behavior File: C:/Users/gomez/OneDrive/Escritorio/mini_proyectos/modulosveri.sv Line: 185
    Warning (13013): Ports D and ENA on the latch are fed by the same signal rtl~117
Warning (13012): Latch DataMemory:dmem|ram[18][2] has unsafe behavior File: C:/Users/gomez/OneDrive/Escritorio/mini_proyectos/modulosveri.sv Line: 185
    Warning (13013): Ports D and ENA on the latch are fed by the same signal rtl~117
Warning (13012): Latch DataMemory:dmem|ram[22][2] has unsafe behavior File: C:/Users/gomez/OneDrive/Escritorio/mini_proyectos/modulosveri.sv Line: 185
    Warning (13013): Ports D and ENA on the latch are fed by the same signal rtl~117
Warning (13012): Latch DataMemory:dmem|ram[26][2] has unsafe behavior File: C:/Users/gomez/OneDrive/Escritorio/mini_proyectos/modulosveri.sv Line: 185
    Warning (13013): Ports D and ENA on the latch are fed by the same signal rtl~117
Warning (13012): Latch DataMemory:dmem|ram[30][2] has unsafe behavior File: C:/Users/gomez/OneDrive/Escritorio/mini_proyectos/modulosveri.sv Line: 185
    Warning (13013): Ports D and ENA on the latch are fed by the same signal rtl~117
Warning (13012): Latch DataMemory:dmem|ram[34][2] has unsafe behavior File: C:/Users/gomez/OneDrive/Escritorio/mini_proyectos/modulosveri.sv Line: 185
    Warning (13013): Ports D and ENA on the latch are fed by the same signal rtl~117
Warning (13012): Latch DataMemory:dmem|ram[38][2] has unsafe behavior File: C:/Users/gomez/OneDrive/Escritorio/mini_proyectos/modulosveri.sv Line: 185
    Warning (13013): Ports D and ENA on the latch are fed by the same signal rtl~117
Warning (13012): Latch DataMemory:dmem|ram[42][2] has unsafe behavior File: C:/Users/gomez/OneDrive/Escritorio/mini_proyectos/modulosveri.sv Line: 185
    Warning (13013): Ports D and ENA on the latch are fed by the same signal rtl~117
Warning (13012): Latch DataMemory:dmem|ram[46][2] has unsafe behavior File: C:/Users/gomez/OneDrive/Escritorio/mini_proyectos/modulosveri.sv Line: 185
    Warning (13013): Ports D and ENA on the latch are fed by the same signal rtl~117
Warning (13012): Latch DataMemory:dmem|ram[50][2] has unsafe behavior File: C:/Users/gomez/OneDrive/Escritorio/mini_proyectos/modulosveri.sv Line: 185
    Warning (13013): Ports D and ENA on the latch are fed by the same signal rtl~117
Warning (13012): Latch DataMemory:dmem|ram[54][2] has unsafe behavior File: C:/Users/gomez/OneDrive/Escritorio/mini_proyectos/modulosveri.sv Line: 185
    Warning (13013): Ports D and ENA on the latch are fed by the same signal rtl~117
Warning (13012): Latch DataMemory:dmem|ram[58][2] has unsafe behavior File: C:/Users/gomez/OneDrive/Escritorio/mini_proyectos/modulosveri.sv Line: 185
    Warning (13013): Ports D and ENA on the latch are fed by the same signal rtl~117
Warning (13012): Latch DataMemory:dmem|ram[62][2] has unsafe behavior File: C:/Users/gomez/OneDrive/Escritorio/mini_proyectos/modulosveri.sv Line: 185
    Warning (13013): Ports D and ENA on the latch are fed by the same signal rtl~117
Warning (13012): Latch DataMemory:dmem|ram[3][2] has unsafe behavior File: C:/Users/gomez/OneDrive/Escritorio/mini_proyectos/modulosveri.sv Line: 185
    Warning (13013): Ports D and ENA on the latch are fed by the same signal rtl~117
Warning (13012): Latch DataMemory:dmem|ram[19][2] has unsafe behavior File: C:/Users/gomez/OneDrive/Escritorio/mini_proyectos/modulosveri.sv Line: 185
    Warning (13013): Ports D and ENA on the latch are fed by the same signal rtl~117
Warning (13012): Latch DataMemory:dmem|ram[35][2] has unsafe behavior File: C:/Users/gomez/OneDrive/Escritorio/mini_proyectos/modulosveri.sv Line: 185
    Warning (13013): Ports D and ENA on the latch are fed by the same signal rtl~117
Warning (13012): Latch DataMemory:dmem|ram[51][2] has unsafe behavior File: C:/Users/gomez/OneDrive/Escritorio/mini_proyectos/modulosveri.sv Line: 185
    Warning (13013): Ports D and ENA on the latch are fed by the same signal rtl~117
Warning (13012): Latch DataMemory:dmem|ram[7][2] has unsafe behavior File: C:/Users/gomez/OneDrive/Escritorio/mini_proyectos/modulosveri.sv Line: 185
    Warning (13013): Ports D and ENA on the latch are fed by the same signal rtl~117
Warning (13012): Latch DataMemory:dmem|ram[23][2] has unsafe behavior File: C:/Users/gomez/OneDrive/Escritorio/mini_proyectos/modulosveri.sv Line: 185
    Warning (13013): Ports D and ENA on the latch are fed by the same signal rtl~117
Warning (13012): Latch DataMemory:dmem|ram[39][2] has unsafe behavior File: C:/Users/gomez/OneDrive/Escritorio/mini_proyectos/modulosveri.sv Line: 185
    Warning (13013): Ports D and ENA on the latch are fed by the same signal rtl~117
Warning (13012): Latch DataMemory:dmem|ram[55][2] has unsafe behavior File: C:/Users/gomez/OneDrive/Escritorio/mini_proyectos/modulosveri.sv Line: 185
    Warning (13013): Ports D and ENA on the latch are fed by the same signal rtl~117
Warning (13012): Latch DataMemory:dmem|ram[11][2] has unsafe behavior File: C:/Users/gomez/OneDrive/Escritorio/mini_proyectos/modulosveri.sv Line: 185
    Warning (13013): Ports D and ENA on the latch are fed by the same signal rtl~117
Warning (13012): Latch DataMemory:dmem|ram[27][2] has unsafe behavior File: C:/Users/gomez/OneDrive/Escritorio/mini_proyectos/modulosveri.sv Line: 185
    Warning (13013): Ports D and ENA on the latch are fed by the same signal rtl~117
Warning (13012): Latch DataMemory:dmem|ram[43][2] has unsafe behavior File: C:/Users/gomez/OneDrive/Escritorio/mini_proyectos/modulosveri.sv Line: 185
    Warning (13013): Ports D and ENA on the latch are fed by the same signal rtl~117
Warning (13012): Latch DataMemory:dmem|ram[59][2] has unsafe behavior File: C:/Users/gomez/OneDrive/Escritorio/mini_proyectos/modulosveri.sv Line: 185
    Warning (13013): Ports D and ENA on the latch are fed by the same signal rtl~117
Warning (13012): Latch DataMemory:dmem|ram[15][2] has unsafe behavior File: C:/Users/gomez/OneDrive/Escritorio/mini_proyectos/modulosveri.sv Line: 185
    Warning (13013): Ports D and ENA on the latch are fed by the same signal rtl~117
Warning (13012): Latch DataMemory:dmem|ram[31][2] has unsafe behavior File: C:/Users/gomez/OneDrive/Escritorio/mini_proyectos/modulosveri.sv Line: 185
    Warning (13013): Ports D and ENA on the latch are fed by the same signal rtl~117
Warning (13012): Latch DataMemory:dmem|ram[47][2] has unsafe behavior File: C:/Users/gomez/OneDrive/Escritorio/mini_proyectos/modulosveri.sv Line: 185
    Warning (13013): Ports D and ENA on the latch are fed by the same signal rtl~117
Warning (13012): Latch DataMemory:dmem|ram[63][2] has unsafe behavior File: C:/Users/gomez/OneDrive/Escritorio/mini_proyectos/modulosveri.sv Line: 185
    Warning (13013): Ports D and ENA on the latch are fed by the same signal rtl~117
Warning (13012): Latch DataMemory:dmem|ram[128][0] has unsafe behavior File: C:/Users/gomez/OneDrive/Escritorio/mini_proyectos/modulosveri.sv Line: 185
    Warning (13013): Ports D and ENA on the latch are fed by the same signal rtl~117
Warning (13012): Latch DataMemory:dmem|ram[144][0] has unsafe behavior File: C:/Users/gomez/OneDrive/Escritorio/mini_proyectos/modulosveri.sv Line: 185
    Warning (13013): Ports D and ENA on the latch are fed by the same signal rtl~117
Warning (13012): Latch DataMemory:dmem|ram[160][0] has unsafe behavior File: C:/Users/gomez/OneDrive/Escritorio/mini_proyectos/modulosveri.sv Line: 185
    Warning (13013): Ports D and ENA on the latch are fed by the same signal rtl~117
Warning (13012): Latch DataMemory:dmem|ram[176][0] has unsafe behavior File: C:/Users/gomez/OneDrive/Escritorio/mini_proyectos/modulosveri.sv Line: 185
    Warning (13013): Ports D and ENA on the latch are fed by the same signal rtl~117
Warning (13012): Latch DataMemory:dmem|ram[129][0] has unsafe behavior File: C:/Users/gomez/OneDrive/Escritorio/mini_proyectos/modulosveri.sv Line: 185
    Warning (13013): Ports D and ENA on the latch are fed by the same signal rtl~117
Warning (13012): Latch DataMemory:dmem|ram[145][0] has unsafe behavior File: C:/Users/gomez/OneDrive/Escritorio/mini_proyectos/modulosveri.sv Line: 185
    Warning (13013): Ports D and ENA on the latch are fed by the same signal rtl~117
Warning (13012): Latch DataMemory:dmem|ram[161][0] has unsafe behavior File: C:/Users/gomez/OneDrive/Escritorio/mini_proyectos/modulosveri.sv Line: 185
    Warning (13013): Ports D and ENA on the latch are fed by the same signal rtl~117
Warning (13012): Latch DataMemory:dmem|ram[177][0] has unsafe behavior File: C:/Users/gomez/OneDrive/Escritorio/mini_proyectos/modulosveri.sv Line: 185
    Warning (13013): Ports D and ENA on the latch are fed by the same signal rtl~117
Warning (13012): Latch DataMemory:dmem|ram[130][0] has unsafe behavior File: C:/Users/gomez/OneDrive/Escritorio/mini_proyectos/modulosveri.sv Line: 185
    Warning (13013): Ports D and ENA on the latch are fed by the same signal rtl~117
Warning (13012): Latch DataMemory:dmem|ram[146][0] has unsafe behavior File: C:/Users/gomez/OneDrive/Escritorio/mini_proyectos/modulosveri.sv Line: 185
    Warning (13013): Ports D and ENA on the latch are fed by the same signal rtl~117
Warning (13012): Latch DataMemory:dmem|ram[162][0] has unsafe behavior File: C:/Users/gomez/OneDrive/Escritorio/mini_proyectos/modulosveri.sv Line: 185
    Warning (13013): Ports D and ENA on the latch are fed by the same signal rtl~117
Warning (13012): Latch DataMemory:dmem|ram[178][0] has unsafe behavior File: C:/Users/gomez/OneDrive/Escritorio/mini_proyectos/modulosveri.sv Line: 185
    Warning (13013): Ports D and ENA on the latch are fed by the same signal rtl~117
Warning (13012): Latch DataMemory:dmem|ram[131][0] has unsafe behavior File: C:/Users/gomez/OneDrive/Escritorio/mini_proyectos/modulosveri.sv Line: 185
    Warning (13013): Ports D and ENA on the latch are fed by the same signal rtl~117
Warning (13012): Latch DataMemory:dmem|ram[147][0] has unsafe behavior File: C:/Users/gomez/OneDrive/Escritorio/mini_proyectos/modulosveri.sv Line: 185
    Warning (13013): Ports D and ENA on the latch are fed by the same signal rtl~117
Warning (13012): Latch DataMemory:dmem|ram[163][0] has unsafe behavior File: C:/Users/gomez/OneDrive/Escritorio/mini_proyectos/modulosveri.sv Line: 185
    Warning (13013): Ports D and ENA on the latch are fed by the same signal rtl~117
Warning (13012): Latch DataMemory:dmem|ram[179][0] has unsafe behavior File: C:/Users/gomez/OneDrive/Escritorio/mini_proyectos/modulosveri.sv Line: 185
    Warning (13013): Ports D and ENA on the latch are fed by the same signal rtl~117
Warning (13012): Latch DataMemory:dmem|ram[132][0] has unsafe behavior File: C:/Users/gomez/OneDrive/Escritorio/mini_proyectos/modulosveri.sv Line: 185
    Warning (13013): Ports D and ENA on the latch are fed by the same signal rtl~117
Warning (13012): Latch DataMemory:dmem|ram[148][0] has unsafe behavior File: C:/Users/gomez/OneDrive/Escritorio/mini_proyectos/modulosveri.sv Line: 185
    Warning (13013): Ports D and ENA on the latch are fed by the same signal rtl~117
Warning (13012): Latch DataMemory:dmem|ram[164][0] has unsafe behavior File: C:/Users/gomez/OneDrive/Escritorio/mini_proyectos/modulosveri.sv Line: 185
    Warning (13013): Ports D and ENA on the latch are fed by the same signal rtl~117
Warning (13012): Latch DataMemory:dmem|ram[180][0] has unsafe behavior File: C:/Users/gomez/OneDrive/Escritorio/mini_proyectos/modulosveri.sv Line: 185
    Warning (13013): Ports D and ENA on the latch are fed by the same signal rtl~117
Warning (13012): Latch DataMemory:dmem|ram[133][0] has unsafe behavior File: C:/Users/gomez/OneDrive/Escritorio/mini_proyectos/modulosveri.sv Line: 185
    Warning (13013): Ports D and ENA on the latch are fed by the same signal rtl~117
Warning (13012): Latch DataMemory:dmem|ram[149][0] has unsafe behavior File: C:/Users/gomez/OneDrive/Escritorio/mini_proyectos/modulosveri.sv Line: 185
    Warning (13013): Ports D and ENA on the latch are fed by the same signal rtl~117
Warning (13012): Latch DataMemory:dmem|ram[165][0] has unsafe behavior File: C:/Users/gomez/OneDrive/Escritorio/mini_proyectos/modulosveri.sv Line: 185
    Warning (13013): Ports D and ENA on the latch are fed by the same signal rtl~117
Warning (13012): Latch DataMemory:dmem|ram[181][0] has unsafe behavior File: C:/Users/gomez/OneDrive/Escritorio/mini_proyectos/modulosveri.sv Line: 185
    Warning (13013): Ports D and ENA on the latch are fed by the same signal rtl~117
Warning (13012): Latch DataMemory:dmem|ram[134][0] has unsafe behavior File: C:/Users/gomez/OneDrive/Escritorio/mini_proyectos/modulosveri.sv Line: 185
    Warning (13013): Ports D and ENA on the latch are fed by the same signal rtl~117
Warning (13012): Latch DataMemory:dmem|ram[150][0] has unsafe behavior File: C:/Users/gomez/OneDrive/Escritorio/mini_proyectos/modulosveri.sv Line: 185
    Warning (13013): Ports D and ENA on the latch are fed by the same signal rtl~117
Warning (13012): Latch DataMemory:dmem|ram[166][0] has unsafe behavior File: C:/Users/gomez/OneDrive/Escritorio/mini_proyectos/modulosveri.sv Line: 185
    Warning (13013): Ports D and ENA on the latch are fed by the same signal rtl~117
Warning (13012): Latch DataMemory:dmem|ram[182][0] has unsafe behavior File: C:/Users/gomez/OneDrive/Escritorio/mini_proyectos/modulosveri.sv Line: 185
    Warning (13013): Ports D and ENA on the latch are fed by the same signal rtl~117
Warning (13012): Latch DataMemory:dmem|ram[135][0] has unsafe behavior File: C:/Users/gomez/OneDrive/Escritorio/mini_proyectos/modulosveri.sv Line: 185
    Warning (13013): Ports D and ENA on the latch are fed by the same signal rtl~117
Warning (13012): Latch DataMemory:dmem|ram[151][0] has unsafe behavior File: C:/Users/gomez/OneDrive/Escritorio/mini_proyectos/modulosveri.sv Line: 185
    Warning (13013): Ports D and ENA on the latch are fed by the same signal rtl~117
Warning (13012): Latch DataMemory:dmem|ram[167][0] has unsafe behavior File: C:/Users/gomez/OneDrive/Escritorio/mini_proyectos/modulosveri.sv Line: 185
    Warning (13013): Ports D and ENA on the latch are fed by the same signal rtl~117
Warning (13012): Latch DataMemory:dmem|ram[183][0] has unsafe behavior File: C:/Users/gomez/OneDrive/Escritorio/mini_proyectos/modulosveri.sv Line: 185
    Warning (13013): Ports D and ENA on the latch are fed by the same signal rtl~117
Warning (13012): Latch DataMemory:dmem|ram[136][0] has unsafe behavior File: C:/Users/gomez/OneDrive/Escritorio/mini_proyectos/modulosveri.sv Line: 185
    Warning (13013): Ports D and ENA on the latch are fed by the same signal rtl~117
Warning (13012): Latch DataMemory:dmem|ram[152][0] has unsafe behavior File: C:/Users/gomez/OneDrive/Escritorio/mini_proyectos/modulosveri.sv Line: 185
    Warning (13013): Ports D and ENA on the latch are fed by the same signal rtl~117
Warning (13012): Latch DataMemory:dmem|ram[168][0] has unsafe behavior File: C:/Users/gomez/OneDrive/Escritorio/mini_proyectos/modulosveri.sv Line: 185
    Warning (13013): Ports D and ENA on the latch are fed by the same signal rtl~117
Warning (13012): Latch DataMemory:dmem|ram[184][0] has unsafe behavior File: C:/Users/gomez/OneDrive/Escritorio/mini_proyectos/modulosveri.sv Line: 185
    Warning (13013): Ports D and ENA on the latch are fed by the same signal rtl~117
Warning (13012): Latch DataMemory:dmem|ram[137][0] has unsafe behavior File: C:/Users/gomez/OneDrive/Escritorio/mini_proyectos/modulosveri.sv Line: 185
    Warning (13013): Ports D and ENA on the latch are fed by the same signal rtl~117
Warning (13012): Latch DataMemory:dmem|ram[153][0] has unsafe behavior File: C:/Users/gomez/OneDrive/Escritorio/mini_proyectos/modulosveri.sv Line: 185
    Warning (13013): Ports D and ENA on the latch are fed by the same signal rtl~117
Warning (13012): Latch DataMemory:dmem|ram[169][0] has unsafe behavior File: C:/Users/gomez/OneDrive/Escritorio/mini_proyectos/modulosveri.sv Line: 185
    Warning (13013): Ports D and ENA on the latch are fed by the same signal rtl~117
Warning (13012): Latch DataMemory:dmem|ram[185][0] has unsafe behavior File: C:/Users/gomez/OneDrive/Escritorio/mini_proyectos/modulosveri.sv Line: 185
    Warning (13013): Ports D and ENA on the latch are fed by the same signal rtl~117
Warning (13012): Latch DataMemory:dmem|ram[138][0] has unsafe behavior File: C:/Users/gomez/OneDrive/Escritorio/mini_proyectos/modulosveri.sv Line: 185
    Warning (13013): Ports D and ENA on the latch are fed by the same signal rtl~117
Warning (13012): Latch DataMemory:dmem|ram[154][0] has unsafe behavior File: C:/Users/gomez/OneDrive/Escritorio/mini_proyectos/modulosveri.sv Line: 185
    Warning (13013): Ports D and ENA on the latch are fed by the same signal rtl~117
Warning (13012): Latch DataMemory:dmem|ram[170][0] has unsafe behavior File: C:/Users/gomez/OneDrive/Escritorio/mini_proyectos/modulosveri.sv Line: 185
    Warning (13013): Ports D and ENA on the latch are fed by the same signal rtl~117
Warning (13012): Latch DataMemory:dmem|ram[186][0] has unsafe behavior File: C:/Users/gomez/OneDrive/Escritorio/mini_proyectos/modulosveri.sv Line: 185
    Warning (13013): Ports D and ENA on the latch are fed by the same signal rtl~117
Warning (13012): Latch DataMemory:dmem|ram[139][0] has unsafe behavior File: C:/Users/gomez/OneDrive/Escritorio/mini_proyectos/modulosveri.sv Line: 185
    Warning (13013): Ports D and ENA on the latch are fed by the same signal rtl~117
Warning (13012): Latch DataMemory:dmem|ram[155][0] has unsafe behavior File: C:/Users/gomez/OneDrive/Escritorio/mini_proyectos/modulosveri.sv Line: 185
    Warning (13013): Ports D and ENA on the latch are fed by the same signal rtl~117
Warning (13012): Latch DataMemory:dmem|ram[171][0] has unsafe behavior File: C:/Users/gomez/OneDrive/Escritorio/mini_proyectos/modulosveri.sv Line: 185
    Warning (13013): Ports D and ENA on the latch are fed by the same signal rtl~117
Warning (13012): Latch DataMemory:dmem|ram[187][0] has unsafe behavior File: C:/Users/gomez/OneDrive/Escritorio/mini_proyectos/modulosveri.sv Line: 185
    Warning (13013): Ports D and ENA on the latch are fed by the same signal rtl~117
Warning (13012): Latch DataMemory:dmem|ram[140][0] has unsafe behavior File: C:/Users/gomez/OneDrive/Escritorio/mini_proyectos/modulosveri.sv Line: 185
    Warning (13013): Ports D and ENA on the latch are fed by the same signal rtl~117
Warning (13012): Latch DataMemory:dmem|ram[141][0] has unsafe behavior File: C:/Users/gomez/OneDrive/Escritorio/mini_proyectos/modulosveri.sv Line: 185
    Warning (13013): Ports D and ENA on the latch are fed by the same signal rtl~117
Warning (13012): Latch DataMemory:dmem|ram[142][0] has unsafe behavior File: C:/Users/gomez/OneDrive/Escritorio/mini_proyectos/modulosveri.sv Line: 185
    Warning (13013): Ports D and ENA on the latch are fed by the same signal rtl~117
Warning (13012): Latch DataMemory:dmem|ram[143][0] has unsafe behavior File: C:/Users/gomez/OneDrive/Escritorio/mini_proyectos/modulosveri.sv Line: 185
    Warning (13013): Ports D and ENA on the latch are fed by the same signal rtl~117
Warning (13012): Latch DataMemory:dmem|ram[156][0] has unsafe behavior File: C:/Users/gomez/OneDrive/Escritorio/mini_proyectos/modulosveri.sv Line: 185
    Warning (13013): Ports D and ENA on the latch are fed by the same signal rtl~117
Warning (13012): Latch DataMemory:dmem|ram[157][0] has unsafe behavior File: C:/Users/gomez/OneDrive/Escritorio/mini_proyectos/modulosveri.sv Line: 185
    Warning (13013): Ports D and ENA on the latch are fed by the same signal rtl~117
Warning (13012): Latch DataMemory:dmem|ram[158][0] has unsafe behavior File: C:/Users/gomez/OneDrive/Escritorio/mini_proyectos/modulosveri.sv Line: 185
    Warning (13013): Ports D and ENA on the latch are fed by the same signal rtl~117
Warning (13012): Latch DataMemory:dmem|ram[159][0] has unsafe behavior File: C:/Users/gomez/OneDrive/Escritorio/mini_proyectos/modulosveri.sv Line: 185
    Warning (13013): Ports D and ENA on the latch are fed by the same signal rtl~117
Warning (13012): Latch DataMemory:dmem|ram[172][0] has unsafe behavior File: C:/Users/gomez/OneDrive/Escritorio/mini_proyectos/modulosveri.sv Line: 185
    Warning (13013): Ports D and ENA on the latch are fed by the same signal rtl~117
Warning (13012): Latch DataMemory:dmem|ram[173][0] has unsafe behavior File: C:/Users/gomez/OneDrive/Escritorio/mini_proyectos/modulosveri.sv Line: 185
    Warning (13013): Ports D and ENA on the latch are fed by the same signal rtl~117
Warning (13012): Latch DataMemory:dmem|ram[174][0] has unsafe behavior File: C:/Users/gomez/OneDrive/Escritorio/mini_proyectos/modulosveri.sv Line: 185
    Warning (13013): Ports D and ENA on the latch are fed by the same signal rtl~117
Warning (13012): Latch DataMemory:dmem|ram[175][0] has unsafe behavior File: C:/Users/gomez/OneDrive/Escritorio/mini_proyectos/modulosveri.sv Line: 185
    Warning (13013): Ports D and ENA on the latch are fed by the same signal rtl~117
Warning (13012): Latch DataMemory:dmem|ram[188][0] has unsafe behavior File: C:/Users/gomez/OneDrive/Escritorio/mini_proyectos/modulosveri.sv Line: 185
    Warning (13013): Ports D and ENA on the latch are fed by the same signal rtl~117
Warning (13012): Latch DataMemory:dmem|ram[189][0] has unsafe behavior File: C:/Users/gomez/OneDrive/Escritorio/mini_proyectos/modulosveri.sv Line: 185
    Warning (13013): Ports D and ENA on the latch are fed by the same signal rtl~117
Warning (13012): Latch DataMemory:dmem|ram[190][0] has unsafe behavior File: C:/Users/gomez/OneDrive/Escritorio/mini_proyectos/modulosveri.sv Line: 185
    Warning (13013): Ports D and ENA on the latch are fed by the same signal rtl~117
Warning (13012): Latch DataMemory:dmem|ram[191][0] has unsafe behavior File: C:/Users/gomez/OneDrive/Escritorio/mini_proyectos/modulosveri.sv Line: 185
    Warning (13013): Ports D and ENA on the latch are fed by the same signal rtl~117
Warning (13012): Latch DataMemory:dmem|ram[200][0] has unsafe behavior File: C:/Users/gomez/OneDrive/Escritorio/mini_proyectos/modulosveri.sv Line: 185
    Warning (13013): Ports D and ENA on the latch are fed by the same signal rtl~117
Warning (13012): Latch DataMemory:dmem|ram[192][0] has unsafe behavior File: C:/Users/gomez/OneDrive/Escritorio/mini_proyectos/modulosveri.sv Line: 185
    Warning (13013): Ports D and ENA on the latch are fed by the same signal rtl~117
Warning (13012): Latch DataMemory:dmem|ram[193][0] has unsafe behavior File: C:/Users/gomez/OneDrive/Escritorio/mini_proyectos/modulosveri.sv Line: 185
    Warning (13013): Ports D and ENA on the latch are fed by the same signal rtl~117
Warning (13012): Latch DataMemory:dmem|ram[194][0] has unsafe behavior File: C:/Users/gomez/OneDrive/Escritorio/mini_proyectos/modulosveri.sv Line: 185
    Warning (13013): Ports D and ENA on the latch are fed by the same signal rtl~117
Warning (13012): Latch DataMemory:dmem|ram[195][0] has unsafe behavior File: C:/Users/gomez/OneDrive/Escritorio/mini_proyectos/modulosveri.sv Line: 185
    Warning (13013): Ports D and ENA on the latch are fed by the same signal rtl~117
Warning (13012): Latch DataMemory:dmem|ram[196][0] has unsafe behavior File: C:/Users/gomez/OneDrive/Escritorio/mini_proyectos/modulosveri.sv Line: 185
    Warning (13013): Ports D and ENA on the latch are fed by the same signal rtl~117
Warning (13012): Latch DataMemory:dmem|ram[197][0] has unsafe behavior File: C:/Users/gomez/OneDrive/Escritorio/mini_proyectos/modulosveri.sv Line: 185
    Warning (13013): Ports D and ENA on the latch are fed by the same signal rtl~117
Warning (13012): Latch DataMemory:dmem|ram[198][0] has unsafe behavior File: C:/Users/gomez/OneDrive/Escritorio/mini_proyectos/modulosveri.sv Line: 185
    Warning (13013): Ports D and ENA on the latch are fed by the same signal rtl~117
Warning (13012): Latch DataMemory:dmem|ram[199][0] has unsafe behavior File: C:/Users/gomez/OneDrive/Escritorio/mini_proyectos/modulosveri.sv Line: 185
    Warning (13013): Ports D and ENA on the latch are fed by the same signal rtl~117
Warning (13012): Latch DataMemory:dmem|ram[64][0] has unsafe behavior File: C:/Users/gomez/OneDrive/Escritorio/mini_proyectos/modulosveri.sv Line: 185
    Warning (13013): Ports D and ENA on the latch are fed by the same signal rtl~117
Warning (13012): Latch DataMemory:dmem|ram[65][0] has unsafe behavior File: C:/Users/gomez/OneDrive/Escritorio/mini_proyectos/modulosveri.sv Line: 185
    Warning (13013): Ports D and ENA on the latch are fed by the same signal rtl~117
Warning (13012): Latch DataMemory:dmem|ram[66][0] has unsafe behavior File: C:/Users/gomez/OneDrive/Escritorio/mini_proyectos/modulosveri.sv Line: 185
    Warning (13013): Ports D and ENA on the latch are fed by the same signal rtl~117
Warning (13012): Latch DataMemory:dmem|ram[67][0] has unsafe behavior File: C:/Users/gomez/OneDrive/Escritorio/mini_proyectos/modulosveri.sv Line: 185
    Warning (13013): Ports D and ENA on the latch are fed by the same signal rtl~117
Warning (13012): Latch DataMemory:dmem|ram[68][0] has unsafe behavior File: C:/Users/gomez/OneDrive/Escritorio/mini_proyectos/modulosveri.sv Line: 185
    Warning (13013): Ports D and ENA on the latch are fed by the same signal rtl~117
Warning (13012): Latch DataMemory:dmem|ram[69][0] has unsafe behavior File: C:/Users/gomez/OneDrive/Escritorio/mini_proyectos/modulosveri.sv Line: 185
    Warning (13013): Ports D and ENA on the latch are fed by the same signal rtl~117
Warning (13012): Latch DataMemory:dmem|ram[70][0] has unsafe behavior File: C:/Users/gomez/OneDrive/Escritorio/mini_proyectos/modulosveri.sv Line: 185
    Warning (13013): Ports D and ENA on the latch are fed by the same signal rtl~117
Warning (13012): Latch DataMemory:dmem|ram[71][0] has unsafe behavior File: C:/Users/gomez/OneDrive/Escritorio/mini_proyectos/modulosveri.sv Line: 185
    Warning (13013): Ports D and ENA on the latch are fed by the same signal rtl~117
Warning (13012): Latch DataMemory:dmem|ram[72][0] has unsafe behavior File: C:/Users/gomez/OneDrive/Escritorio/mini_proyectos/modulosveri.sv Line: 185
    Warning (13013): Ports D and ENA on the latch are fed by the same signal rtl~117
Warning (13012): Latch DataMemory:dmem|ram[73][0] has unsafe behavior File: C:/Users/gomez/OneDrive/Escritorio/mini_proyectos/modulosveri.sv Line: 185
    Warning (13013): Ports D and ENA on the latch are fed by the same signal rtl~117
Warning (13012): Latch DataMemory:dmem|ram[74][0] has unsafe behavior File: C:/Users/gomez/OneDrive/Escritorio/mini_proyectos/modulosveri.sv Line: 185
    Warning (13013): Ports D and ENA on the latch are fed by the same signal rtl~117
Warning (13012): Latch DataMemory:dmem|ram[75][0] has unsafe behavior File: C:/Users/gomez/OneDrive/Escritorio/mini_proyectos/modulosveri.sv Line: 185
    Warning (13013): Ports D and ENA on the latch are fed by the same signal rtl~117
Warning (13012): Latch DataMemory:dmem|ram[76][0] has unsafe behavior File: C:/Users/gomez/OneDrive/Escritorio/mini_proyectos/modulosveri.sv Line: 185
    Warning (13013): Ports D and ENA on the latch are fed by the same signal rtl~117
Warning (13012): Latch DataMemory:dmem|ram[77][0] has unsafe behavior File: C:/Users/gomez/OneDrive/Escritorio/mini_proyectos/modulosveri.sv Line: 185
    Warning (13013): Ports D and ENA on the latch are fed by the same signal rtl~117
Warning (13012): Latch DataMemory:dmem|ram[78][0] has unsafe behavior File: C:/Users/gomez/OneDrive/Escritorio/mini_proyectos/modulosveri.sv Line: 185
    Warning (13013): Ports D and ENA on the latch are fed by the same signal rtl~117
Warning (13012): Latch DataMemory:dmem|ram[79][0] has unsafe behavior File: C:/Users/gomez/OneDrive/Escritorio/mini_proyectos/modulosveri.sv Line: 185
    Warning (13013): Ports D and ENA on the latch are fed by the same signal rtl~117
Warning (13012): Latch DataMemory:dmem|ram[80][0] has unsafe behavior File: C:/Users/gomez/OneDrive/Escritorio/mini_proyectos/modulosveri.sv Line: 185
    Warning (13013): Ports D and ENA on the latch are fed by the same signal rtl~117
Warning (13012): Latch DataMemory:dmem|ram[81][0] has unsafe behavior File: C:/Users/gomez/OneDrive/Escritorio/mini_proyectos/modulosveri.sv Line: 185
    Warning (13013): Ports D and ENA on the latch are fed by the same signal rtl~117
Warning (13012): Latch DataMemory:dmem|ram[82][0] has unsafe behavior File: C:/Users/gomez/OneDrive/Escritorio/mini_proyectos/modulosveri.sv Line: 185
    Warning (13013): Ports D and ENA on the latch are fed by the same signal rtl~117
Warning (13012): Latch DataMemory:dmem|ram[83][0] has unsafe behavior File: C:/Users/gomez/OneDrive/Escritorio/mini_proyectos/modulosveri.sv Line: 185
    Warning (13013): Ports D and ENA on the latch are fed by the same signal rtl~117
Warning (13012): Latch DataMemory:dmem|ram[84][0] has unsafe behavior File: C:/Users/gomez/OneDrive/Escritorio/mini_proyectos/modulosveri.sv Line: 185
    Warning (13013): Ports D and ENA on the latch are fed by the same signal rtl~117
Warning (13012): Latch DataMemory:dmem|ram[85][0] has unsafe behavior File: C:/Users/gomez/OneDrive/Escritorio/mini_proyectos/modulosveri.sv Line: 185
    Warning (13013): Ports D and ENA on the latch are fed by the same signal rtl~117
Warning (13012): Latch DataMemory:dmem|ram[86][0] has unsafe behavior File: C:/Users/gomez/OneDrive/Escritorio/mini_proyectos/modulosveri.sv Line: 185
    Warning (13013): Ports D and ENA on the latch are fed by the same signal rtl~117
Warning (13012): Latch DataMemory:dmem|ram[87][0] has unsafe behavior File: C:/Users/gomez/OneDrive/Escritorio/mini_proyectos/modulosveri.sv Line: 185
    Warning (13013): Ports D and ENA on the latch are fed by the same signal rtl~117
Warning (13012): Latch DataMemory:dmem|ram[88][0] has unsafe behavior File: C:/Users/gomez/OneDrive/Escritorio/mini_proyectos/modulosveri.sv Line: 185
    Warning (13013): Ports D and ENA on the latch are fed by the same signal rtl~117
Warning (13012): Latch DataMemory:dmem|ram[89][0] has unsafe behavior File: C:/Users/gomez/OneDrive/Escritorio/mini_proyectos/modulosveri.sv Line: 185
    Warning (13013): Ports D and ENA on the latch are fed by the same signal rtl~117
Warning (13012): Latch DataMemory:dmem|ram[90][0] has unsafe behavior File: C:/Users/gomez/OneDrive/Escritorio/mini_proyectos/modulosveri.sv Line: 185
    Warning (13013): Ports D and ENA on the latch are fed by the same signal rtl~117
Warning (13012): Latch DataMemory:dmem|ram[91][0] has unsafe behavior File: C:/Users/gomez/OneDrive/Escritorio/mini_proyectos/modulosveri.sv Line: 185
    Warning (13013): Ports D and ENA on the latch are fed by the same signal rtl~117
Warning (13012): Latch DataMemory:dmem|ram[92][0] has unsafe behavior File: C:/Users/gomez/OneDrive/Escritorio/mini_proyectos/modulosveri.sv Line: 185
    Warning (13013): Ports D and ENA on the latch are fed by the same signal rtl~117
Warning (13012): Latch DataMemory:dmem|ram[93][0] has unsafe behavior File: C:/Users/gomez/OneDrive/Escritorio/mini_proyectos/modulosveri.sv Line: 185
    Warning (13013): Ports D and ENA on the latch are fed by the same signal rtl~117
Warning (13012): Latch DataMemory:dmem|ram[94][0] has unsafe behavior File: C:/Users/gomez/OneDrive/Escritorio/mini_proyectos/modulosveri.sv Line: 185
    Warning (13013): Ports D and ENA on the latch are fed by the same signal rtl~117
Warning (13012): Latch DataMemory:dmem|ram[95][0] has unsafe behavior File: C:/Users/gomez/OneDrive/Escritorio/mini_proyectos/modulosveri.sv Line: 185
    Warning (13013): Ports D and ENA on the latch are fed by the same signal rtl~117
Warning (13012): Latch DataMemory:dmem|ram[96][0] has unsafe behavior File: C:/Users/gomez/OneDrive/Escritorio/mini_proyectos/modulosveri.sv Line: 185
    Warning (13013): Ports D and ENA on the latch are fed by the same signal rtl~117
Warning (13012): Latch DataMemory:dmem|ram[97][0] has unsafe behavior File: C:/Users/gomez/OneDrive/Escritorio/mini_proyectos/modulosveri.sv Line: 185
    Warning (13013): Ports D and ENA on the latch are fed by the same signal rtl~117
Warning (13012): Latch DataMemory:dmem|ram[98][0] has unsafe behavior File: C:/Users/gomez/OneDrive/Escritorio/mini_proyectos/modulosveri.sv Line: 185
    Warning (13013): Ports D and ENA on the latch are fed by the same signal rtl~117
Warning (13012): Latch DataMemory:dmem|ram[99][0] has unsafe behavior File: C:/Users/gomez/OneDrive/Escritorio/mini_proyectos/modulosveri.sv Line: 185
    Warning (13013): Ports D and ENA on the latch are fed by the same signal rtl~117
Warning (13012): Latch DataMemory:dmem|ram[100][0] has unsafe behavior File: C:/Users/gomez/OneDrive/Escritorio/mini_proyectos/modulosveri.sv Line: 185
    Warning (13013): Ports D and ENA on the latch are fed by the same signal rtl~117
Warning (13012): Latch DataMemory:dmem|ram[101][0] has unsafe behavior File: C:/Users/gomez/OneDrive/Escritorio/mini_proyectos/modulosveri.sv Line: 185
    Warning (13013): Ports D and ENA on the latch are fed by the same signal rtl~117
Warning (13012): Latch DataMemory:dmem|ram[102][0] has unsafe behavior File: C:/Users/gomez/OneDrive/Escritorio/mini_proyectos/modulosveri.sv Line: 185
    Warning (13013): Ports D and ENA on the latch are fed by the same signal rtl~117
Warning (13012): Latch DataMemory:dmem|ram[103][0] has unsafe behavior File: C:/Users/gomez/OneDrive/Escritorio/mini_proyectos/modulosveri.sv Line: 185
    Warning (13013): Ports D and ENA on the latch are fed by the same signal rtl~117
Warning (13012): Latch DataMemory:dmem|ram[104][0] has unsafe behavior File: C:/Users/gomez/OneDrive/Escritorio/mini_proyectos/modulosveri.sv Line: 185
    Warning (13013): Ports D and ENA on the latch are fed by the same signal rtl~117
Warning (13012): Latch DataMemory:dmem|ram[105][0] has unsafe behavior File: C:/Users/gomez/OneDrive/Escritorio/mini_proyectos/modulosveri.sv Line: 185
    Warning (13013): Ports D and ENA on the latch are fed by the same signal rtl~117
Warning (13012): Latch DataMemory:dmem|ram[106][0] has unsafe behavior File: C:/Users/gomez/OneDrive/Escritorio/mini_proyectos/modulosveri.sv Line: 185
    Warning (13013): Ports D and ENA on the latch are fed by the same signal rtl~117
Warning (13012): Latch DataMemory:dmem|ram[107][0] has unsafe behavior File: C:/Users/gomez/OneDrive/Escritorio/mini_proyectos/modulosveri.sv Line: 185
    Warning (13013): Ports D and ENA on the latch are fed by the same signal rtl~117
Warning (13012): Latch DataMemory:dmem|ram[108][0] has unsafe behavior File: C:/Users/gomez/OneDrive/Escritorio/mini_proyectos/modulosveri.sv Line: 185
    Warning (13013): Ports D and ENA on the latch are fed by the same signal rtl~117
Warning (13012): Latch DataMemory:dmem|ram[109][0] has unsafe behavior File: C:/Users/gomez/OneDrive/Escritorio/mini_proyectos/modulosveri.sv Line: 185
    Warning (13013): Ports D and ENA on the latch are fed by the same signal rtl~117
Warning (13012): Latch DataMemory:dmem|ram[110][0] has unsafe behavior File: C:/Users/gomez/OneDrive/Escritorio/mini_proyectos/modulosveri.sv Line: 185
    Warning (13013): Ports D and ENA on the latch are fed by the same signal rtl~117
Warning (13012): Latch DataMemory:dmem|ram[111][0] has unsafe behavior File: C:/Users/gomez/OneDrive/Escritorio/mini_proyectos/modulosveri.sv Line: 185
    Warning (13013): Ports D and ENA on the latch are fed by the same signal rtl~117
Warning (13012): Latch DataMemory:dmem|ram[112][0] has unsafe behavior File: C:/Users/gomez/OneDrive/Escritorio/mini_proyectos/modulosveri.sv Line: 185
    Warning (13013): Ports D and ENA on the latch are fed by the same signal rtl~117
Warning (13012): Latch DataMemory:dmem|ram[113][0] has unsafe behavior File: C:/Users/gomez/OneDrive/Escritorio/mini_proyectos/modulosveri.sv Line: 185
    Warning (13013): Ports D and ENA on the latch are fed by the same signal rtl~117
Warning (13012): Latch DataMemory:dmem|ram[114][0] has unsafe behavior File: C:/Users/gomez/OneDrive/Escritorio/mini_proyectos/modulosveri.sv Line: 185
    Warning (13013): Ports D and ENA on the latch are fed by the same signal rtl~117
Warning (13012): Latch DataMemory:dmem|ram[115][0] has unsafe behavior File: C:/Users/gomez/OneDrive/Escritorio/mini_proyectos/modulosveri.sv Line: 185
    Warning (13013): Ports D and ENA on the latch are fed by the same signal rtl~117
Warning (13012): Latch DataMemory:dmem|ram[116][0] has unsafe behavior File: C:/Users/gomez/OneDrive/Escritorio/mini_proyectos/modulosveri.sv Line: 185
    Warning (13013): Ports D and ENA on the latch are fed by the same signal rtl~117
Warning (13012): Latch DataMemory:dmem|ram[117][0] has unsafe behavior File: C:/Users/gomez/OneDrive/Escritorio/mini_proyectos/modulosveri.sv Line: 185
    Warning (13013): Ports D and ENA on the latch are fed by the same signal rtl~117
Warning (13012): Latch DataMemory:dmem|ram[118][0] has unsafe behavior File: C:/Users/gomez/OneDrive/Escritorio/mini_proyectos/modulosveri.sv Line: 185
    Warning (13013): Ports D and ENA on the latch are fed by the same signal rtl~117
Warning (13012): Latch DataMemory:dmem|ram[119][0] has unsafe behavior File: C:/Users/gomez/OneDrive/Escritorio/mini_proyectos/modulosveri.sv Line: 185
    Warning (13013): Ports D and ENA on the latch are fed by the same signal rtl~117
Warning (13012): Latch DataMemory:dmem|ram[120][0] has unsafe behavior File: C:/Users/gomez/OneDrive/Escritorio/mini_proyectos/modulosveri.sv Line: 185
    Warning (13013): Ports D and ENA on the latch are fed by the same signal rtl~117
Warning (13012): Latch DataMemory:dmem|ram[121][0] has unsafe behavior File: C:/Users/gomez/OneDrive/Escritorio/mini_proyectos/modulosveri.sv Line: 185
    Warning (13013): Ports D and ENA on the latch are fed by the same signal rtl~117
Warning (13012): Latch DataMemory:dmem|ram[122][0] has unsafe behavior File: C:/Users/gomez/OneDrive/Escritorio/mini_proyectos/modulosveri.sv Line: 185
    Warning (13013): Ports D and ENA on the latch are fed by the same signal rtl~117
Warning (13012): Latch DataMemory:dmem|ram[123][0] has unsafe behavior File: C:/Users/gomez/OneDrive/Escritorio/mini_proyectos/modulosveri.sv Line: 185
    Warning (13013): Ports D and ENA on the latch are fed by the same signal rtl~117
Warning (13012): Latch DataMemory:dmem|ram[124][0] has unsafe behavior File: C:/Users/gomez/OneDrive/Escritorio/mini_proyectos/modulosveri.sv Line: 185
    Warning (13013): Ports D and ENA on the latch are fed by the same signal rtl~117
Warning (13012): Latch DataMemory:dmem|ram[125][0] has unsafe behavior File: C:/Users/gomez/OneDrive/Escritorio/mini_proyectos/modulosveri.sv Line: 185
    Warning (13013): Ports D and ENA on the latch are fed by the same signal rtl~117
Warning (13012): Latch DataMemory:dmem|ram[126][0] has unsafe behavior File: C:/Users/gomez/OneDrive/Escritorio/mini_proyectos/modulosveri.sv Line: 185
    Warning (13013): Ports D and ENA on the latch are fed by the same signal rtl~117
Warning (13012): Latch DataMemory:dmem|ram[127][0] has unsafe behavior File: C:/Users/gomez/OneDrive/Escritorio/mini_proyectos/modulosveri.sv Line: 185
    Warning (13013): Ports D and ENA on the latch are fed by the same signal rtl~117
Warning (13012): Latch DataMemory:dmem|ram[0][0] has unsafe behavior File: C:/Users/gomez/OneDrive/Escritorio/mini_proyectos/modulosveri.sv Line: 185
    Warning (13013): Ports D and ENA on the latch are fed by the same signal rtl~117
Warning (13012): Latch DataMemory:dmem|ram[16][0] has unsafe behavior File: C:/Users/gomez/OneDrive/Escritorio/mini_proyectos/modulosveri.sv Line: 185
    Warning (13013): Ports D and ENA on the latch are fed by the same signal rtl~117
Warning (13012): Latch DataMemory:dmem|ram[32][0] has unsafe behavior File: C:/Users/gomez/OneDrive/Escritorio/mini_proyectos/modulosveri.sv Line: 185
    Warning (13013): Ports D and ENA on the latch are fed by the same signal rtl~117
Warning (13012): Latch DataMemory:dmem|ram[48][0] has unsafe behavior File: C:/Users/gomez/OneDrive/Escritorio/mini_proyectos/modulosveri.sv Line: 185
    Warning (13013): Ports D and ENA on the latch are fed by the same signal rtl~117
Warning (13012): Latch DataMemory:dmem|ram[4][0] has unsafe behavior File: C:/Users/gomez/OneDrive/Escritorio/mini_proyectos/modulosveri.sv Line: 185
    Warning (13013): Ports D and ENA on the latch are fed by the same signal rtl~117
Warning (13012): Latch DataMemory:dmem|ram[20][0] has unsafe behavior File: C:/Users/gomez/OneDrive/Escritorio/mini_proyectos/modulosveri.sv Line: 185
    Warning (13013): Ports D and ENA on the latch are fed by the same signal rtl~117
Warning (13012): Latch DataMemory:dmem|ram[36][0] has unsafe behavior File: C:/Users/gomez/OneDrive/Escritorio/mini_proyectos/modulosveri.sv Line: 185
    Warning (13013): Ports D and ENA on the latch are fed by the same signal rtl~117
Warning (13012): Latch DataMemory:dmem|ram[52][0] has unsafe behavior File: C:/Users/gomez/OneDrive/Escritorio/mini_proyectos/modulosveri.sv Line: 185
    Warning (13013): Ports D and ENA on the latch are fed by the same signal rtl~117
Warning (13012): Latch DataMemory:dmem|ram[8][0] has unsafe behavior File: C:/Users/gomez/OneDrive/Escritorio/mini_proyectos/modulosveri.sv Line: 185
    Warning (13013): Ports D and ENA on the latch are fed by the same signal rtl~117
Warning (13012): Latch DataMemory:dmem|ram[24][0] has unsafe behavior File: C:/Users/gomez/OneDrive/Escritorio/mini_proyectos/modulosveri.sv Line: 185
    Warning (13013): Ports D and ENA on the latch are fed by the same signal rtl~117
Warning (13012): Latch DataMemory:dmem|ram[40][0] has unsafe behavior File: C:/Users/gomez/OneDrive/Escritorio/mini_proyectos/modulosveri.sv Line: 185
    Warning (13013): Ports D and ENA on the latch are fed by the same signal rtl~117
Warning (13012): Latch DataMemory:dmem|ram[56][0] has unsafe behavior File: C:/Users/gomez/OneDrive/Escritorio/mini_proyectos/modulosveri.sv Line: 185
    Warning (13013): Ports D and ENA on the latch are fed by the same signal rtl~117
Warning (13012): Latch DataMemory:dmem|ram[12][0] has unsafe behavior File: C:/Users/gomez/OneDrive/Escritorio/mini_proyectos/modulosveri.sv Line: 185
    Warning (13013): Ports D and ENA on the latch are fed by the same signal rtl~117
Warning (13012): Latch DataMemory:dmem|ram[28][0] has unsafe behavior File: C:/Users/gomez/OneDrive/Escritorio/mini_proyectos/modulosveri.sv Line: 185
    Warning (13013): Ports D and ENA on the latch are fed by the same signal rtl~117
Warning (13012): Latch DataMemory:dmem|ram[44][0] has unsafe behavior File: C:/Users/gomez/OneDrive/Escritorio/mini_proyectos/modulosveri.sv Line: 185
    Warning (13013): Ports D and ENA on the latch are fed by the same signal rtl~117
Warning (13012): Latch DataMemory:dmem|ram[60][0] has unsafe behavior File: C:/Users/gomez/OneDrive/Escritorio/mini_proyectos/modulosveri.sv Line: 185
    Warning (13013): Ports D and ENA on the latch are fed by the same signal rtl~117
Warning (13012): Latch DataMemory:dmem|ram[1][0] has unsafe behavior File: C:/Users/gomez/OneDrive/Escritorio/mini_proyectos/modulosveri.sv Line: 185
    Warning (13013): Ports D and ENA on the latch are fed by the same signal rtl~117
Warning (13012): Latch DataMemory:dmem|ram[5][0] has unsafe behavior File: C:/Users/gomez/OneDrive/Escritorio/mini_proyectos/modulosveri.sv Line: 185
    Warning (13013): Ports D and ENA on the latch are fed by the same signal rtl~117
Warning (13012): Latch DataMemory:dmem|ram[9][0] has unsafe behavior File: C:/Users/gomez/OneDrive/Escritorio/mini_proyectos/modulosveri.sv Line: 185
    Warning (13013): Ports D and ENA on the latch are fed by the same signal rtl~117
Warning (13012): Latch DataMemory:dmem|ram[13][0] has unsafe behavior File: C:/Users/gomez/OneDrive/Escritorio/mini_proyectos/modulosveri.sv Line: 185
    Warning (13013): Ports D and ENA on the latch are fed by the same signal rtl~117
Warning (13012): Latch DataMemory:dmem|ram[17][0] has unsafe behavior File: C:/Users/gomez/OneDrive/Escritorio/mini_proyectos/modulosveri.sv Line: 185
    Warning (13013): Ports D and ENA on the latch are fed by the same signal rtl~117
Warning (13012): Latch DataMemory:dmem|ram[21][0] has unsafe behavior File: C:/Users/gomez/OneDrive/Escritorio/mini_proyectos/modulosveri.sv Line: 185
    Warning (13013): Ports D and ENA on the latch are fed by the same signal rtl~117
Warning (13012): Latch DataMemory:dmem|ram[25][0] has unsafe behavior File: C:/Users/gomez/OneDrive/Escritorio/mini_proyectos/modulosveri.sv Line: 185
    Warning (13013): Ports D and ENA on the latch are fed by the same signal rtl~117
Warning (13012): Latch DataMemory:dmem|ram[29][0] has unsafe behavior File: C:/Users/gomez/OneDrive/Escritorio/mini_proyectos/modulosveri.sv Line: 185
    Warning (13013): Ports D and ENA on the latch are fed by the same signal rtl~117
Warning (13012): Latch DataMemory:dmem|ram[33][0] has unsafe behavior File: C:/Users/gomez/OneDrive/Escritorio/mini_proyectos/modulosveri.sv Line: 185
    Warning (13013): Ports D and ENA on the latch are fed by the same signal rtl~117
Warning (13012): Latch DataMemory:dmem|ram[37][0] has unsafe behavior File: C:/Users/gomez/OneDrive/Escritorio/mini_proyectos/modulosveri.sv Line: 185
    Warning (13013): Ports D and ENA on the latch are fed by the same signal rtl~117
Warning (13012): Latch DataMemory:dmem|ram[41][0] has unsafe behavior File: C:/Users/gomez/OneDrive/Escritorio/mini_proyectos/modulosveri.sv Line: 185
    Warning (13013): Ports D and ENA on the latch are fed by the same signal rtl~117
Warning (13012): Latch DataMemory:dmem|ram[45][0] has unsafe behavior File: C:/Users/gomez/OneDrive/Escritorio/mini_proyectos/modulosveri.sv Line: 185
    Warning (13013): Ports D and ENA on the latch are fed by the same signal rtl~117
Warning (13012): Latch DataMemory:dmem|ram[49][0] has unsafe behavior File: C:/Users/gomez/OneDrive/Escritorio/mini_proyectos/modulosveri.sv Line: 185
    Warning (13013): Ports D and ENA on the latch are fed by the same signal rtl~117
Warning (13012): Latch DataMemory:dmem|ram[53][0] has unsafe behavior File: C:/Users/gomez/OneDrive/Escritorio/mini_proyectos/modulosveri.sv Line: 185
    Warning (13013): Ports D and ENA on the latch are fed by the same signal rtl~117
Warning (13012): Latch DataMemory:dmem|ram[57][0] has unsafe behavior File: C:/Users/gomez/OneDrive/Escritorio/mini_proyectos/modulosveri.sv Line: 185
    Warning (13013): Ports D and ENA on the latch are fed by the same signal rtl~117
Warning (13012): Latch DataMemory:dmem|ram[61][0] has unsafe behavior File: C:/Users/gomez/OneDrive/Escritorio/mini_proyectos/modulosveri.sv Line: 185
    Warning (13013): Ports D and ENA on the latch are fed by the same signal rtl~117
Warning (13012): Latch DataMemory:dmem|ram[2][0] has unsafe behavior File: C:/Users/gomez/OneDrive/Escritorio/mini_proyectos/modulosveri.sv Line: 185
    Warning (13013): Ports D and ENA on the latch are fed by the same signal rtl~117
Warning (13012): Latch DataMemory:dmem|ram[18][0] has unsafe behavior File: C:/Users/gomez/OneDrive/Escritorio/mini_proyectos/modulosveri.sv Line: 185
    Warning (13013): Ports D and ENA on the latch are fed by the same signal rtl~117
Warning (13012): Latch DataMemory:dmem|ram[34][0] has unsafe behavior File: C:/Users/gomez/OneDrive/Escritorio/mini_proyectos/modulosveri.sv Line: 185
    Warning (13013): Ports D and ENA on the latch are fed by the same signal rtl~117
Warning (13012): Latch DataMemory:dmem|ram[50][0] has unsafe behavior File: C:/Users/gomez/OneDrive/Escritorio/mini_proyectos/modulosveri.sv Line: 185
    Warning (13013): Ports D and ENA on the latch are fed by the same signal rtl~117
Warning (13012): Latch DataMemory:dmem|ram[6][0] has unsafe behavior File: C:/Users/gomez/OneDrive/Escritorio/mini_proyectos/modulosveri.sv Line: 185
    Warning (13013): Ports D and ENA on the latch are fed by the same signal rtl~117
Warning (13012): Latch DataMemory:dmem|ram[22][0] has unsafe behavior File: C:/Users/gomez/OneDrive/Escritorio/mini_proyectos/modulosveri.sv Line: 185
    Warning (13013): Ports D and ENA on the latch are fed by the same signal rtl~117
Warning (13012): Latch DataMemory:dmem|ram[38][0] has unsafe behavior File: C:/Users/gomez/OneDrive/Escritorio/mini_proyectos/modulosveri.sv Line: 185
    Warning (13013): Ports D and ENA on the latch are fed by the same signal rtl~117
Warning (13012): Latch DataMemory:dmem|ram[54][0] has unsafe behavior File: C:/Users/gomez/OneDrive/Escritorio/mini_proyectos/modulosveri.sv Line: 185
    Warning (13013): Ports D and ENA on the latch are fed by the same signal rtl~117
Warning (13012): Latch DataMemory:dmem|ram[10][0] has unsafe behavior File: C:/Users/gomez/OneDrive/Escritorio/mini_proyectos/modulosveri.sv Line: 185
    Warning (13013): Ports D and ENA on the latch are fed by the same signal rtl~117
Warning (13012): Latch DataMemory:dmem|ram[26][0] has unsafe behavior File: C:/Users/gomez/OneDrive/Escritorio/mini_proyectos/modulosveri.sv Line: 185
    Warning (13013): Ports D and ENA on the latch are fed by the same signal rtl~117
Warning (13012): Latch DataMemory:dmem|ram[42][0] has unsafe behavior File: C:/Users/gomez/OneDrive/Escritorio/mini_proyectos/modulosveri.sv Line: 185
    Warning (13013): Ports D and ENA on the latch are fed by the same signal rtl~117
Warning (13012): Latch DataMemory:dmem|ram[58][0] has unsafe behavior File: C:/Users/gomez/OneDrive/Escritorio/mini_proyectos/modulosveri.sv Line: 185
    Warning (13013): Ports D and ENA on the latch are fed by the same signal rtl~117
Warning (13012): Latch DataMemory:dmem|ram[14][0] has unsafe behavior File: C:/Users/gomez/OneDrive/Escritorio/mini_proyectos/modulosveri.sv Line: 185
    Warning (13013): Ports D and ENA on the latch are fed by the same signal rtl~117
Warning (13012): Latch DataMemory:dmem|ram[30][0] has unsafe behavior File: C:/Users/gomez/OneDrive/Escritorio/mini_proyectos/modulosveri.sv Line: 185
    Warning (13013): Ports D and ENA on the latch are fed by the same signal rtl~117
Warning (13012): Latch DataMemory:dmem|ram[46][0] has unsafe behavior File: C:/Users/gomez/OneDrive/Escritorio/mini_proyectos/modulosveri.sv Line: 185
    Warning (13013): Ports D and ENA on the latch are fed by the same signal rtl~117
Warning (13012): Latch DataMemory:dmem|ram[62][0] has unsafe behavior File: C:/Users/gomez/OneDrive/Escritorio/mini_proyectos/modulosveri.sv Line: 185
    Warning (13013): Ports D and ENA on the latch are fed by the same signal rtl~117
Warning (13012): Latch DataMemory:dmem|ram[3][0] has unsafe behavior File: C:/Users/gomez/OneDrive/Escritorio/mini_proyectos/modulosveri.sv Line: 185
    Warning (13013): Ports D and ENA on the latch are fed by the same signal rtl~117
Warning (13012): Latch DataMemory:dmem|ram[7][0] has unsafe behavior File: C:/Users/gomez/OneDrive/Escritorio/mini_proyectos/modulosveri.sv Line: 185
    Warning (13013): Ports D and ENA on the latch are fed by the same signal rtl~117
Warning (13012): Latch DataMemory:dmem|ram[11][0] has unsafe behavior File: C:/Users/gomez/OneDrive/Escritorio/mini_proyectos/modulosveri.sv Line: 185
    Warning (13013): Ports D and ENA on the latch are fed by the same signal rtl~117
Warning (13012): Latch DataMemory:dmem|ram[15][0] has unsafe behavior File: C:/Users/gomez/OneDrive/Escritorio/mini_proyectos/modulosveri.sv Line: 185
    Warning (13013): Ports D and ENA on the latch are fed by the same signal rtl~117
Warning (13012): Latch DataMemory:dmem|ram[19][0] has unsafe behavior File: C:/Users/gomez/OneDrive/Escritorio/mini_proyectos/modulosveri.sv Line: 185
    Warning (13013): Ports D and ENA on the latch are fed by the same signal rtl~117
Warning (13012): Latch DataMemory:dmem|ram[23][0] has unsafe behavior File: C:/Users/gomez/OneDrive/Escritorio/mini_proyectos/modulosveri.sv Line: 185
    Warning (13013): Ports D and ENA on the latch are fed by the same signal rtl~117
Warning (13012): Latch DataMemory:dmem|ram[27][0] has unsafe behavior File: C:/Users/gomez/OneDrive/Escritorio/mini_proyectos/modulosveri.sv Line: 185
    Warning (13013): Ports D and ENA on the latch are fed by the same signal rtl~117
Warning (13012): Latch DataMemory:dmem|ram[31][0] has unsafe behavior File: C:/Users/gomez/OneDrive/Escritorio/mini_proyectos/modulosveri.sv Line: 185
    Warning (13013): Ports D and ENA on the latch are fed by the same signal rtl~117
Warning (13012): Latch DataMemory:dmem|ram[35][0] has unsafe behavior File: C:/Users/gomez/OneDrive/Escritorio/mini_proyectos/modulosveri.sv Line: 185
    Warning (13013): Ports D and ENA on the latch are fed by the same signal rtl~117
Warning (13012): Latch DataMemory:dmem|ram[39][0] has unsafe behavior File: C:/Users/gomez/OneDrive/Escritorio/mini_proyectos/modulosveri.sv Line: 185
    Warning (13013): Ports D and ENA on the latch are fed by the same signal rtl~117
Warning (13012): Latch DataMemory:dmem|ram[43][0] has unsafe behavior File: C:/Users/gomez/OneDrive/Escritorio/mini_proyectos/modulosveri.sv Line: 185
    Warning (13013): Ports D and ENA on the latch are fed by the same signal rtl~117
Warning (13012): Latch DataMemory:dmem|ram[47][0] has unsafe behavior File: C:/Users/gomez/OneDrive/Escritorio/mini_proyectos/modulosveri.sv Line: 185
    Warning (13013): Ports D and ENA on the latch are fed by the same signal rtl~117
Warning (13012): Latch DataMemory:dmem|ram[51][0] has unsafe behavior File: C:/Users/gomez/OneDrive/Escritorio/mini_proyectos/modulosveri.sv Line: 185
    Warning (13013): Ports D and ENA on the latch are fed by the same signal rtl~117
Warning (13012): Latch DataMemory:dmem|ram[55][0] has unsafe behavior File: C:/Users/gomez/OneDrive/Escritorio/mini_proyectos/modulosveri.sv Line: 185
    Warning (13013): Ports D and ENA on the latch are fed by the same signal rtl~117
Warning (13012): Latch DataMemory:dmem|ram[59][0] has unsafe behavior File: C:/Users/gomez/OneDrive/Escritorio/mini_proyectos/modulosveri.sv Line: 185
    Warning (13013): Ports D and ENA on the latch are fed by the same signal rtl~117
Warning (13012): Latch DataMemory:dmem|ram[63][0] has unsafe behavior File: C:/Users/gomez/OneDrive/Escritorio/mini_proyectos/modulosveri.sv Line: 185
    Warning (13013): Ports D and ENA on the latch are fed by the same signal rtl~117
Warning (13012): Latch DataMemory:dmem|ram[128][3] has unsafe behavior File: C:/Users/gomez/OneDrive/Escritorio/mini_proyectos/modulosveri.sv Line: 185
    Warning (13013): Ports D and ENA on the latch are fed by the same signal rtl~117
Warning (13012): Latch DataMemory:dmem|ram[144][3] has unsafe behavior File: C:/Users/gomez/OneDrive/Escritorio/mini_proyectos/modulosveri.sv Line: 185
    Warning (13013): Ports D and ENA on the latch are fed by the same signal rtl~117
Warning (13012): Latch DataMemory:dmem|ram[160][3] has unsafe behavior File: C:/Users/gomez/OneDrive/Escritorio/mini_proyectos/modulosveri.sv Line: 185
    Warning (13013): Ports D and ENA on the latch are fed by the same signal rtl~117
Warning (13012): Latch DataMemory:dmem|ram[176][3] has unsafe behavior File: C:/Users/gomez/OneDrive/Escritorio/mini_proyectos/modulosveri.sv Line: 185
    Warning (13013): Ports D and ENA on the latch are fed by the same signal rtl~117
Warning (13012): Latch DataMemory:dmem|ram[129][3] has unsafe behavior File: C:/Users/gomez/OneDrive/Escritorio/mini_proyectos/modulosveri.sv Line: 185
    Warning (13013): Ports D and ENA on the latch are fed by the same signal rtl~117
Warning (13012): Latch DataMemory:dmem|ram[145][3] has unsafe behavior File: C:/Users/gomez/OneDrive/Escritorio/mini_proyectos/modulosveri.sv Line: 185
    Warning (13013): Ports D and ENA on the latch are fed by the same signal rtl~117
Warning (13012): Latch DataMemory:dmem|ram[161][3] has unsafe behavior File: C:/Users/gomez/OneDrive/Escritorio/mini_proyectos/modulosveri.sv Line: 185
    Warning (13013): Ports D and ENA on the latch are fed by the same signal rtl~117
Warning (13012): Latch DataMemory:dmem|ram[177][3] has unsafe behavior File: C:/Users/gomez/OneDrive/Escritorio/mini_proyectos/modulosveri.sv Line: 185
    Warning (13013): Ports D and ENA on the latch are fed by the same signal rtl~117
Warning (13012): Latch DataMemory:dmem|ram[130][3] has unsafe behavior File: C:/Users/gomez/OneDrive/Escritorio/mini_proyectos/modulosveri.sv Line: 185
    Warning (13013): Ports D and ENA on the latch are fed by the same signal rtl~117
Warning (13012): Latch DataMemory:dmem|ram[146][3] has unsafe behavior File: C:/Users/gomez/OneDrive/Escritorio/mini_proyectos/modulosveri.sv Line: 185
    Warning (13013): Ports D and ENA on the latch are fed by the same signal rtl~117
Warning (13012): Latch DataMemory:dmem|ram[162][3] has unsafe behavior File: C:/Users/gomez/OneDrive/Escritorio/mini_proyectos/modulosveri.sv Line: 185
    Warning (13013): Ports D and ENA on the latch are fed by the same signal rtl~117
Warning (13012): Latch DataMemory:dmem|ram[178][3] has unsafe behavior File: C:/Users/gomez/OneDrive/Escritorio/mini_proyectos/modulosveri.sv Line: 185
    Warning (13013): Ports D and ENA on the latch are fed by the same signal rtl~117
Warning (13012): Latch DataMemory:dmem|ram[131][3] has unsafe behavior File: C:/Users/gomez/OneDrive/Escritorio/mini_proyectos/modulosveri.sv Line: 185
    Warning (13013): Ports D and ENA on the latch are fed by the same signal rtl~117
Warning (13012): Latch DataMemory:dmem|ram[147][3] has unsafe behavior File: C:/Users/gomez/OneDrive/Escritorio/mini_proyectos/modulosveri.sv Line: 185
    Warning (13013): Ports D and ENA on the latch are fed by the same signal rtl~117
Warning (13012): Latch DataMemory:dmem|ram[163][3] has unsafe behavior File: C:/Users/gomez/OneDrive/Escritorio/mini_proyectos/modulosveri.sv Line: 185
    Warning (13013): Ports D and ENA on the latch are fed by the same signal rtl~117
Warning (13012): Latch DataMemory:dmem|ram[179][3] has unsafe behavior File: C:/Users/gomez/OneDrive/Escritorio/mini_proyectos/modulosveri.sv Line: 185
    Warning (13013): Ports D and ENA on the latch are fed by the same signal rtl~117
Warning (13012): Latch DataMemory:dmem|ram[132][3] has unsafe behavior File: C:/Users/gomez/OneDrive/Escritorio/mini_proyectos/modulosveri.sv Line: 185
    Warning (13013): Ports D and ENA on the latch are fed by the same signal rtl~117
Warning (13012): Latch DataMemory:dmem|ram[148][3] has unsafe behavior File: C:/Users/gomez/OneDrive/Escritorio/mini_proyectos/modulosveri.sv Line: 185
    Warning (13013): Ports D and ENA on the latch are fed by the same signal rtl~117
Warning (13012): Latch DataMemory:dmem|ram[164][3] has unsafe behavior File: C:/Users/gomez/OneDrive/Escritorio/mini_proyectos/modulosveri.sv Line: 185
    Warning (13013): Ports D and ENA on the latch are fed by the same signal rtl~117
Warning (13012): Latch DataMemory:dmem|ram[180][3] has unsafe behavior File: C:/Users/gomez/OneDrive/Escritorio/mini_proyectos/modulosveri.sv Line: 185
    Warning (13013): Ports D and ENA on the latch are fed by the same signal rtl~117
Warning (13012): Latch DataMemory:dmem|ram[133][3] has unsafe behavior File: C:/Users/gomez/OneDrive/Escritorio/mini_proyectos/modulosveri.sv Line: 185
    Warning (13013): Ports D and ENA on the latch are fed by the same signal rtl~117
Warning (13012): Latch DataMemory:dmem|ram[149][3] has unsafe behavior File: C:/Users/gomez/OneDrive/Escritorio/mini_proyectos/modulosveri.sv Line: 185
    Warning (13013): Ports D and ENA on the latch are fed by the same signal rtl~117
Warning (13012): Latch DataMemory:dmem|ram[165][3] has unsafe behavior File: C:/Users/gomez/OneDrive/Escritorio/mini_proyectos/modulosveri.sv Line: 185
    Warning (13013): Ports D and ENA on the latch are fed by the same signal rtl~117
Warning (13012): Latch DataMemory:dmem|ram[181][3] has unsafe behavior File: C:/Users/gomez/OneDrive/Escritorio/mini_proyectos/modulosveri.sv Line: 185
    Warning (13013): Ports D and ENA on the latch are fed by the same signal rtl~117
Warning (13012): Latch DataMemory:dmem|ram[134][3] has unsafe behavior File: C:/Users/gomez/OneDrive/Escritorio/mini_proyectos/modulosveri.sv Line: 185
    Warning (13013): Ports D and ENA on the latch are fed by the same signal rtl~117
Warning (13012): Latch DataMemory:dmem|ram[150][3] has unsafe behavior File: C:/Users/gomez/OneDrive/Escritorio/mini_proyectos/modulosveri.sv Line: 185
    Warning (13013): Ports D and ENA on the latch are fed by the same signal rtl~117
Warning (13012): Latch DataMemory:dmem|ram[166][3] has unsafe behavior File: C:/Users/gomez/OneDrive/Escritorio/mini_proyectos/modulosveri.sv Line: 185
    Warning (13013): Ports D and ENA on the latch are fed by the same signal rtl~117
Warning (13012): Latch DataMemory:dmem|ram[182][3] has unsafe behavior File: C:/Users/gomez/OneDrive/Escritorio/mini_proyectos/modulosveri.sv Line: 185
    Warning (13013): Ports D and ENA on the latch are fed by the same signal rtl~117
Warning (13012): Latch DataMemory:dmem|ram[135][3] has unsafe behavior File: C:/Users/gomez/OneDrive/Escritorio/mini_proyectos/modulosveri.sv Line: 185
    Warning (13013): Ports D and ENA on the latch are fed by the same signal rtl~117
Warning (13012): Latch DataMemory:dmem|ram[151][3] has unsafe behavior File: C:/Users/gomez/OneDrive/Escritorio/mini_proyectos/modulosveri.sv Line: 185
    Warning (13013): Ports D and ENA on the latch are fed by the same signal rtl~117
Warning (13012): Latch DataMemory:dmem|ram[167][3] has unsafe behavior File: C:/Users/gomez/OneDrive/Escritorio/mini_proyectos/modulosveri.sv Line: 185
    Warning (13013): Ports D and ENA on the latch are fed by the same signal rtl~117
Warning (13012): Latch DataMemory:dmem|ram[183][3] has unsafe behavior File: C:/Users/gomez/OneDrive/Escritorio/mini_proyectos/modulosveri.sv Line: 185
    Warning (13013): Ports D and ENA on the latch are fed by the same signal rtl~117
Warning (13012): Latch DataMemory:dmem|ram[136][3] has unsafe behavior File: C:/Users/gomez/OneDrive/Escritorio/mini_proyectos/modulosveri.sv Line: 185
    Warning (13013): Ports D and ENA on the latch are fed by the same signal rtl~117
Warning (13012): Latch DataMemory:dmem|ram[152][3] has unsafe behavior File: C:/Users/gomez/OneDrive/Escritorio/mini_proyectos/modulosveri.sv Line: 185
    Warning (13013): Ports D and ENA on the latch are fed by the same signal rtl~117
Warning (13012): Latch DataMemory:dmem|ram[168][3] has unsafe behavior File: C:/Users/gomez/OneDrive/Escritorio/mini_proyectos/modulosveri.sv Line: 185
    Warning (13013): Ports D and ENA on the latch are fed by the same signal rtl~117
Warning (13012): Latch DataMemory:dmem|ram[184][3] has unsafe behavior File: C:/Users/gomez/OneDrive/Escritorio/mini_proyectos/modulosveri.sv Line: 185
    Warning (13013): Ports D and ENA on the latch are fed by the same signal rtl~117
Warning (13012): Latch DataMemory:dmem|ram[137][3] has unsafe behavior File: C:/Users/gomez/OneDrive/Escritorio/mini_proyectos/modulosveri.sv Line: 185
    Warning (13013): Ports D and ENA on the latch are fed by the same signal rtl~117
Warning (13012): Latch DataMemory:dmem|ram[153][3] has unsafe behavior File: C:/Users/gomez/OneDrive/Escritorio/mini_proyectos/modulosveri.sv Line: 185
    Warning (13013): Ports D and ENA on the latch are fed by the same signal rtl~117
Warning (13012): Latch DataMemory:dmem|ram[169][3] has unsafe behavior File: C:/Users/gomez/OneDrive/Escritorio/mini_proyectos/modulosveri.sv Line: 185
    Warning (13013): Ports D and ENA on the latch are fed by the same signal rtl~117
Warning (13012): Latch DataMemory:dmem|ram[185][3] has unsafe behavior File: C:/Users/gomez/OneDrive/Escritorio/mini_proyectos/modulosveri.sv Line: 185
    Warning (13013): Ports D and ENA on the latch are fed by the same signal rtl~117
Warning (13012): Latch DataMemory:dmem|ram[138][3] has unsafe behavior File: C:/Users/gomez/OneDrive/Escritorio/mini_proyectos/modulosveri.sv Line: 185
    Warning (13013): Ports D and ENA on the latch are fed by the same signal rtl~117
Warning (13012): Latch DataMemory:dmem|ram[154][3] has unsafe behavior File: C:/Users/gomez/OneDrive/Escritorio/mini_proyectos/modulosveri.sv Line: 185
    Warning (13013): Ports D and ENA on the latch are fed by the same signal rtl~117
Warning (13012): Latch DataMemory:dmem|ram[170][3] has unsafe behavior File: C:/Users/gomez/OneDrive/Escritorio/mini_proyectos/modulosveri.sv Line: 185
    Warning (13013): Ports D and ENA on the latch are fed by the same signal rtl~117
Warning (13012): Latch DataMemory:dmem|ram[186][3] has unsafe behavior File: C:/Users/gomez/OneDrive/Escritorio/mini_proyectos/modulosveri.sv Line: 185
    Warning (13013): Ports D and ENA on the latch are fed by the same signal rtl~117
Warning (13012): Latch DataMemory:dmem|ram[139][3] has unsafe behavior File: C:/Users/gomez/OneDrive/Escritorio/mini_proyectos/modulosveri.sv Line: 185
    Warning (13013): Ports D and ENA on the latch are fed by the same signal rtl~117
Warning (13012): Latch DataMemory:dmem|ram[155][3] has unsafe behavior File: C:/Users/gomez/OneDrive/Escritorio/mini_proyectos/modulosveri.sv Line: 185
    Warning (13013): Ports D and ENA on the latch are fed by the same signal rtl~117
Warning (13012): Latch DataMemory:dmem|ram[171][3] has unsafe behavior File: C:/Users/gomez/OneDrive/Escritorio/mini_proyectos/modulosveri.sv Line: 185
    Warning (13013): Ports D and ENA on the latch are fed by the same signal rtl~117
Warning (13012): Latch DataMemory:dmem|ram[187][3] has unsafe behavior File: C:/Users/gomez/OneDrive/Escritorio/mini_proyectos/modulosveri.sv Line: 185
    Warning (13013): Ports D and ENA on the latch are fed by the same signal rtl~117
Warning (13012): Latch DataMemory:dmem|ram[140][3] has unsafe behavior File: C:/Users/gomez/OneDrive/Escritorio/mini_proyectos/modulosveri.sv Line: 185
    Warning (13013): Ports D and ENA on the latch are fed by the same signal rtl~117
Warning (13012): Latch DataMemory:dmem|ram[141][3] has unsafe behavior File: C:/Users/gomez/OneDrive/Escritorio/mini_proyectos/modulosveri.sv Line: 185
    Warning (13013): Ports D and ENA on the latch are fed by the same signal rtl~117
Warning (13012): Latch DataMemory:dmem|ram[142][3] has unsafe behavior File: C:/Users/gomez/OneDrive/Escritorio/mini_proyectos/modulosveri.sv Line: 185
    Warning (13013): Ports D and ENA on the latch are fed by the same signal rtl~117
Warning (13012): Latch DataMemory:dmem|ram[143][3] has unsafe behavior File: C:/Users/gomez/OneDrive/Escritorio/mini_proyectos/modulosveri.sv Line: 185
    Warning (13013): Ports D and ENA on the latch are fed by the same signal rtl~117
Warning (13012): Latch DataMemory:dmem|ram[156][3] has unsafe behavior File: C:/Users/gomez/OneDrive/Escritorio/mini_proyectos/modulosveri.sv Line: 185
    Warning (13013): Ports D and ENA on the latch are fed by the same signal rtl~117
Warning (13012): Latch DataMemory:dmem|ram[157][3] has unsafe behavior File: C:/Users/gomez/OneDrive/Escritorio/mini_proyectos/modulosveri.sv Line: 185
    Warning (13013): Ports D and ENA on the latch are fed by the same signal rtl~117
Warning (13012): Latch DataMemory:dmem|ram[158][3] has unsafe behavior File: C:/Users/gomez/OneDrive/Escritorio/mini_proyectos/modulosveri.sv Line: 185
    Warning (13013): Ports D and ENA on the latch are fed by the same signal rtl~117
Warning (13012): Latch DataMemory:dmem|ram[159][3] has unsafe behavior File: C:/Users/gomez/OneDrive/Escritorio/mini_proyectos/modulosveri.sv Line: 185
    Warning (13013): Ports D and ENA on the latch are fed by the same signal rtl~117
Warning (13012): Latch DataMemory:dmem|ram[172][3] has unsafe behavior File: C:/Users/gomez/OneDrive/Escritorio/mini_proyectos/modulosveri.sv Line: 185
    Warning (13013): Ports D and ENA on the latch are fed by the same signal rtl~117
Warning (13012): Latch DataMemory:dmem|ram[173][3] has unsafe behavior File: C:/Users/gomez/OneDrive/Escritorio/mini_proyectos/modulosveri.sv Line: 185
    Warning (13013): Ports D and ENA on the latch are fed by the same signal rtl~117
Warning (13012): Latch DataMemory:dmem|ram[174][3] has unsafe behavior File: C:/Users/gomez/OneDrive/Escritorio/mini_proyectos/modulosveri.sv Line: 185
    Warning (13013): Ports D and ENA on the latch are fed by the same signal rtl~117
Warning (13012): Latch DataMemory:dmem|ram[175][3] has unsafe behavior File: C:/Users/gomez/OneDrive/Escritorio/mini_proyectos/modulosveri.sv Line: 185
    Warning (13013): Ports D and ENA on the latch are fed by the same signal rtl~117
Warning (13012): Latch DataMemory:dmem|ram[188][3] has unsafe behavior File: C:/Users/gomez/OneDrive/Escritorio/mini_proyectos/modulosveri.sv Line: 185
    Warning (13013): Ports D and ENA on the latch are fed by the same signal rtl~117
Warning (13012): Latch DataMemory:dmem|ram[189][3] has unsafe behavior File: C:/Users/gomez/OneDrive/Escritorio/mini_proyectos/modulosveri.sv Line: 185
    Warning (13013): Ports D and ENA on the latch are fed by the same signal rtl~117
Warning (13012): Latch DataMemory:dmem|ram[190][3] has unsafe behavior File: C:/Users/gomez/OneDrive/Escritorio/mini_proyectos/modulosveri.sv Line: 185
    Warning (13013): Ports D and ENA on the latch are fed by the same signal rtl~117
Warning (13012): Latch DataMemory:dmem|ram[191][3] has unsafe behavior File: C:/Users/gomez/OneDrive/Escritorio/mini_proyectos/modulosveri.sv Line: 185
    Warning (13013): Ports D and ENA on the latch are fed by the same signal rtl~117
Warning (13012): Latch DataMemory:dmem|ram[200][3] has unsafe behavior File: C:/Users/gomez/OneDrive/Escritorio/mini_proyectos/modulosveri.sv Line: 185
    Warning (13013): Ports D and ENA on the latch are fed by the same signal rtl~117
Warning (13012): Latch DataMemory:dmem|ram[192][3] has unsafe behavior File: C:/Users/gomez/OneDrive/Escritorio/mini_proyectos/modulosveri.sv Line: 185
    Warning (13013): Ports D and ENA on the latch are fed by the same signal rtl~117
Warning (13012): Latch DataMemory:dmem|ram[193][3] has unsafe behavior File: C:/Users/gomez/OneDrive/Escritorio/mini_proyectos/modulosveri.sv Line: 185
    Warning (13013): Ports D and ENA on the latch are fed by the same signal rtl~117
Warning (13012): Latch DataMemory:dmem|ram[194][3] has unsafe behavior File: C:/Users/gomez/OneDrive/Escritorio/mini_proyectos/modulosveri.sv Line: 185
    Warning (13013): Ports D and ENA on the latch are fed by the same signal rtl~117
Warning (13012): Latch DataMemory:dmem|ram[195][3] has unsafe behavior File: C:/Users/gomez/OneDrive/Escritorio/mini_proyectos/modulosveri.sv Line: 185
    Warning (13013): Ports D and ENA on the latch are fed by the same signal rtl~117
Warning (13012): Latch DataMemory:dmem|ram[196][3] has unsafe behavior File: C:/Users/gomez/OneDrive/Escritorio/mini_proyectos/modulosveri.sv Line: 185
    Warning (13013): Ports D and ENA on the latch are fed by the same signal rtl~117
Warning (13012): Latch DataMemory:dmem|ram[197][3] has unsafe behavior File: C:/Users/gomez/OneDrive/Escritorio/mini_proyectos/modulosveri.sv Line: 185
    Warning (13013): Ports D and ENA on the latch are fed by the same signal rtl~117
Warning (13012): Latch DataMemory:dmem|ram[198][3] has unsafe behavior File: C:/Users/gomez/OneDrive/Escritorio/mini_proyectos/modulosveri.sv Line: 185
    Warning (13013): Ports D and ENA on the latch are fed by the same signal rtl~117
Warning (13012): Latch DataMemory:dmem|ram[199][3] has unsafe behavior File: C:/Users/gomez/OneDrive/Escritorio/mini_proyectos/modulosveri.sv Line: 185
    Warning (13013): Ports D and ENA on the latch are fed by the same signal rtl~117
Warning (13012): Latch DataMemory:dmem|ram[64][3] has unsafe behavior File: C:/Users/gomez/OneDrive/Escritorio/mini_proyectos/modulosveri.sv Line: 185
    Warning (13013): Ports D and ENA on the latch are fed by the same signal rtl~117
Warning (13012): Latch DataMemory:dmem|ram[65][3] has unsafe behavior File: C:/Users/gomez/OneDrive/Escritorio/mini_proyectos/modulosveri.sv Line: 185
    Warning (13013): Ports D and ENA on the latch are fed by the same signal rtl~117
Warning (13012): Latch DataMemory:dmem|ram[66][3] has unsafe behavior File: C:/Users/gomez/OneDrive/Escritorio/mini_proyectos/modulosveri.sv Line: 185
    Warning (13013): Ports D and ENA on the latch are fed by the same signal rtl~117
Warning (13012): Latch DataMemory:dmem|ram[67][3] has unsafe behavior File: C:/Users/gomez/OneDrive/Escritorio/mini_proyectos/modulosveri.sv Line: 185
    Warning (13013): Ports D and ENA on the latch are fed by the same signal rtl~117
Warning (13012): Latch DataMemory:dmem|ram[68][3] has unsafe behavior File: C:/Users/gomez/OneDrive/Escritorio/mini_proyectos/modulosveri.sv Line: 185
    Warning (13013): Ports D and ENA on the latch are fed by the same signal rtl~117
Warning (13012): Latch DataMemory:dmem|ram[69][3] has unsafe behavior File: C:/Users/gomez/OneDrive/Escritorio/mini_proyectos/modulosveri.sv Line: 185
    Warning (13013): Ports D and ENA on the latch are fed by the same signal rtl~117
Warning (13012): Latch DataMemory:dmem|ram[70][3] has unsafe behavior File: C:/Users/gomez/OneDrive/Escritorio/mini_proyectos/modulosveri.sv Line: 185
    Warning (13013): Ports D and ENA on the latch are fed by the same signal rtl~117
Warning (13012): Latch DataMemory:dmem|ram[71][3] has unsafe behavior File: C:/Users/gomez/OneDrive/Escritorio/mini_proyectos/modulosveri.sv Line: 185
    Warning (13013): Ports D and ENA on the latch are fed by the same signal rtl~117
Warning (13012): Latch DataMemory:dmem|ram[72][3] has unsafe behavior File: C:/Users/gomez/OneDrive/Escritorio/mini_proyectos/modulosveri.sv Line: 185
    Warning (13013): Ports D and ENA on the latch are fed by the same signal rtl~117
Warning (13012): Latch DataMemory:dmem|ram[73][3] has unsafe behavior File: C:/Users/gomez/OneDrive/Escritorio/mini_proyectos/modulosveri.sv Line: 185
    Warning (13013): Ports D and ENA on the latch are fed by the same signal rtl~117
Warning (13012): Latch DataMemory:dmem|ram[74][3] has unsafe behavior File: C:/Users/gomez/OneDrive/Escritorio/mini_proyectos/modulosveri.sv Line: 185
    Warning (13013): Ports D and ENA on the latch are fed by the same signal rtl~117
Warning (13012): Latch DataMemory:dmem|ram[75][3] has unsafe behavior File: C:/Users/gomez/OneDrive/Escritorio/mini_proyectos/modulosveri.sv Line: 185
    Warning (13013): Ports D and ENA on the latch are fed by the same signal rtl~117
Warning (13012): Latch DataMemory:dmem|ram[76][3] has unsafe behavior File: C:/Users/gomez/OneDrive/Escritorio/mini_proyectos/modulosveri.sv Line: 185
    Warning (13013): Ports D and ENA on the latch are fed by the same signal rtl~117
Warning (13012): Latch DataMemory:dmem|ram[77][3] has unsafe behavior File: C:/Users/gomez/OneDrive/Escritorio/mini_proyectos/modulosveri.sv Line: 185
    Warning (13013): Ports D and ENA on the latch are fed by the same signal rtl~117
Warning (13012): Latch DataMemory:dmem|ram[78][3] has unsafe behavior File: C:/Users/gomez/OneDrive/Escritorio/mini_proyectos/modulosveri.sv Line: 185
    Warning (13013): Ports D and ENA on the latch are fed by the same signal rtl~117
Warning (13012): Latch DataMemory:dmem|ram[79][3] has unsafe behavior File: C:/Users/gomez/OneDrive/Escritorio/mini_proyectos/modulosveri.sv Line: 185
    Warning (13013): Ports D and ENA on the latch are fed by the same signal rtl~117
Warning (13012): Latch DataMemory:dmem|ram[80][3] has unsafe behavior File: C:/Users/gomez/OneDrive/Escritorio/mini_proyectos/modulosveri.sv Line: 185
    Warning (13013): Ports D and ENA on the latch are fed by the same signal rtl~117
Warning (13012): Latch DataMemory:dmem|ram[81][3] has unsafe behavior File: C:/Users/gomez/OneDrive/Escritorio/mini_proyectos/modulosveri.sv Line: 185
    Warning (13013): Ports D and ENA on the latch are fed by the same signal rtl~117
Warning (13012): Latch DataMemory:dmem|ram[82][3] has unsafe behavior File: C:/Users/gomez/OneDrive/Escritorio/mini_proyectos/modulosveri.sv Line: 185
    Warning (13013): Ports D and ENA on the latch are fed by the same signal rtl~117
Warning (13012): Latch DataMemory:dmem|ram[83][3] has unsafe behavior File: C:/Users/gomez/OneDrive/Escritorio/mini_proyectos/modulosveri.sv Line: 185
    Warning (13013): Ports D and ENA on the latch are fed by the same signal rtl~117
Warning (13012): Latch DataMemory:dmem|ram[84][3] has unsafe behavior File: C:/Users/gomez/OneDrive/Escritorio/mini_proyectos/modulosveri.sv Line: 185
    Warning (13013): Ports D and ENA on the latch are fed by the same signal rtl~117
Warning (13012): Latch DataMemory:dmem|ram[85][3] has unsafe behavior File: C:/Users/gomez/OneDrive/Escritorio/mini_proyectos/modulosveri.sv Line: 185
    Warning (13013): Ports D and ENA on the latch are fed by the same signal rtl~117
Warning (13012): Latch DataMemory:dmem|ram[86][3] has unsafe behavior File: C:/Users/gomez/OneDrive/Escritorio/mini_proyectos/modulosveri.sv Line: 185
    Warning (13013): Ports D and ENA on the latch are fed by the same signal rtl~117
Warning (13012): Latch DataMemory:dmem|ram[87][3] has unsafe behavior File: C:/Users/gomez/OneDrive/Escritorio/mini_proyectos/modulosveri.sv Line: 185
    Warning (13013): Ports D and ENA on the latch are fed by the same signal rtl~117
Warning (13012): Latch DataMemory:dmem|ram[88][3] has unsafe behavior File: C:/Users/gomez/OneDrive/Escritorio/mini_proyectos/modulosveri.sv Line: 185
    Warning (13013): Ports D and ENA on the latch are fed by the same signal rtl~117
Warning (13012): Latch DataMemory:dmem|ram[89][3] has unsafe behavior File: C:/Users/gomez/OneDrive/Escritorio/mini_proyectos/modulosveri.sv Line: 185
    Warning (13013): Ports D and ENA on the latch are fed by the same signal rtl~117
Warning (13012): Latch DataMemory:dmem|ram[90][3] has unsafe behavior File: C:/Users/gomez/OneDrive/Escritorio/mini_proyectos/modulosveri.sv Line: 185
    Warning (13013): Ports D and ENA on the latch are fed by the same signal rtl~117
Warning (13012): Latch DataMemory:dmem|ram[91][3] has unsafe behavior File: C:/Users/gomez/OneDrive/Escritorio/mini_proyectos/modulosveri.sv Line: 185
    Warning (13013): Ports D and ENA on the latch are fed by the same signal rtl~117
Warning (13012): Latch DataMemory:dmem|ram[92][3] has unsafe behavior File: C:/Users/gomez/OneDrive/Escritorio/mini_proyectos/modulosveri.sv Line: 185
    Warning (13013): Ports D and ENA on the latch are fed by the same signal rtl~117
Warning (13012): Latch DataMemory:dmem|ram[93][3] has unsafe behavior File: C:/Users/gomez/OneDrive/Escritorio/mini_proyectos/modulosveri.sv Line: 185
    Warning (13013): Ports D and ENA on the latch are fed by the same signal rtl~117
Warning (13012): Latch DataMemory:dmem|ram[94][3] has unsafe behavior File: C:/Users/gomez/OneDrive/Escritorio/mini_proyectos/modulosveri.sv Line: 185
    Warning (13013): Ports D and ENA on the latch are fed by the same signal rtl~117
Warning (13012): Latch DataMemory:dmem|ram[95][3] has unsafe behavior File: C:/Users/gomez/OneDrive/Escritorio/mini_proyectos/modulosveri.sv Line: 185
    Warning (13013): Ports D and ENA on the latch are fed by the same signal rtl~117
Warning (13012): Latch DataMemory:dmem|ram[96][3] has unsafe behavior File: C:/Users/gomez/OneDrive/Escritorio/mini_proyectos/modulosveri.sv Line: 185
    Warning (13013): Ports D and ENA on the latch are fed by the same signal rtl~117
Warning (13012): Latch DataMemory:dmem|ram[100][3] has unsafe behavior File: C:/Users/gomez/OneDrive/Escritorio/mini_proyectos/modulosveri.sv Line: 185
    Warning (13013): Ports D and ENA on the latch are fed by the same signal rtl~117
Warning (13012): Latch DataMemory:dmem|ram[104][3] has unsafe behavior File: C:/Users/gomez/OneDrive/Escritorio/mini_proyectos/modulosveri.sv Line: 185
    Warning (13013): Ports D and ENA on the latch are fed by the same signal rtl~117
Warning (13012): Latch DataMemory:dmem|ram[108][3] has unsafe behavior File: C:/Users/gomez/OneDrive/Escritorio/mini_proyectos/modulosveri.sv Line: 185
    Warning (13013): Ports D and ENA on the latch are fed by the same signal rtl~117
Warning (13012): Latch DataMemory:dmem|ram[97][3] has unsafe behavior File: C:/Users/gomez/OneDrive/Escritorio/mini_proyectos/modulosveri.sv Line: 185
    Warning (13013): Ports D and ENA on the latch are fed by the same signal rtl~117
Warning (13012): Latch DataMemory:dmem|ram[101][3] has unsafe behavior File: C:/Users/gomez/OneDrive/Escritorio/mini_proyectos/modulosveri.sv Line: 185
    Warning (13013): Ports D and ENA on the latch are fed by the same signal rtl~117
Warning (13012): Latch DataMemory:dmem|ram[105][3] has unsafe behavior File: C:/Users/gomez/OneDrive/Escritorio/mini_proyectos/modulosveri.sv Line: 185
    Warning (13013): Ports D and ENA on the latch are fed by the same signal rtl~117
Warning (13012): Latch DataMemory:dmem|ram[109][3] has unsafe behavior File: C:/Users/gomez/OneDrive/Escritorio/mini_proyectos/modulosveri.sv Line: 185
    Warning (13013): Ports D and ENA on the latch are fed by the same signal rtl~117
Warning (13012): Latch DataMemory:dmem|ram[98][3] has unsafe behavior File: C:/Users/gomez/OneDrive/Escritorio/mini_proyectos/modulosveri.sv Line: 185
    Warning (13013): Ports D and ENA on the latch are fed by the same signal rtl~117
Warning (13012): Latch DataMemory:dmem|ram[102][3] has unsafe behavior File: C:/Users/gomez/OneDrive/Escritorio/mini_proyectos/modulosveri.sv Line: 185
    Warning (13013): Ports D and ENA on the latch are fed by the same signal rtl~117
Warning (13012): Latch DataMemory:dmem|ram[106][3] has unsafe behavior File: C:/Users/gomez/OneDrive/Escritorio/mini_proyectos/modulosveri.sv Line: 185
    Warning (13013): Ports D and ENA on the latch are fed by the same signal rtl~117
Warning (13012): Latch DataMemory:dmem|ram[110][3] has unsafe behavior File: C:/Users/gomez/OneDrive/Escritorio/mini_proyectos/modulosveri.sv Line: 185
    Warning (13013): Ports D and ENA on the latch are fed by the same signal rtl~117
Warning (13012): Latch DataMemory:dmem|ram[99][3] has unsafe behavior File: C:/Users/gomez/OneDrive/Escritorio/mini_proyectos/modulosveri.sv Line: 185
    Warning (13013): Ports D and ENA on the latch are fed by the same signal rtl~117
Warning (13012): Latch DataMemory:dmem|ram[103][3] has unsafe behavior File: C:/Users/gomez/OneDrive/Escritorio/mini_proyectos/modulosveri.sv Line: 185
    Warning (13013): Ports D and ENA on the latch are fed by the same signal rtl~117
Warning (13012): Latch DataMemory:dmem|ram[107][3] has unsafe behavior File: C:/Users/gomez/OneDrive/Escritorio/mini_proyectos/modulosveri.sv Line: 185
    Warning (13013): Ports D and ENA on the latch are fed by the same signal rtl~117
Warning (13012): Latch DataMemory:dmem|ram[111][3] has unsafe behavior File: C:/Users/gomez/OneDrive/Escritorio/mini_proyectos/modulosveri.sv Line: 185
    Warning (13013): Ports D and ENA on the latch are fed by the same signal rtl~117
Warning (13012): Latch DataMemory:dmem|ram[112][3] has unsafe behavior File: C:/Users/gomez/OneDrive/Escritorio/mini_proyectos/modulosveri.sv Line: 185
    Warning (13013): Ports D and ENA on the latch are fed by the same signal rtl~117
Warning (13012): Latch DataMemory:dmem|ram[113][3] has unsafe behavior File: C:/Users/gomez/OneDrive/Escritorio/mini_proyectos/modulosveri.sv Line: 185
    Warning (13013): Ports D and ENA on the latch are fed by the same signal rtl~117
Warning (13012): Latch DataMemory:dmem|ram[114][3] has unsafe behavior File: C:/Users/gomez/OneDrive/Escritorio/mini_proyectos/modulosveri.sv Line: 185
    Warning (13013): Ports D and ENA on the latch are fed by the same signal rtl~117
Warning (13012): Latch DataMemory:dmem|ram[115][3] has unsafe behavior File: C:/Users/gomez/OneDrive/Escritorio/mini_proyectos/modulosveri.sv Line: 185
    Warning (13013): Ports D and ENA on the latch are fed by the same signal rtl~117
Warning (13012): Latch DataMemory:dmem|ram[116][3] has unsafe behavior File: C:/Users/gomez/OneDrive/Escritorio/mini_proyectos/modulosveri.sv Line: 185
    Warning (13013): Ports D and ENA on the latch are fed by the same signal rtl~117
Warning (13012): Latch DataMemory:dmem|ram[117][3] has unsafe behavior File: C:/Users/gomez/OneDrive/Escritorio/mini_proyectos/modulosveri.sv Line: 185
    Warning (13013): Ports D and ENA on the latch are fed by the same signal rtl~117
Warning (13012): Latch DataMemory:dmem|ram[118][3] has unsafe behavior File: C:/Users/gomez/OneDrive/Escritorio/mini_proyectos/modulosveri.sv Line: 185
    Warning (13013): Ports D and ENA on the latch are fed by the same signal rtl~117
Warning (13012): Latch DataMemory:dmem|ram[119][3] has unsafe behavior File: C:/Users/gomez/OneDrive/Escritorio/mini_proyectos/modulosveri.sv Line: 185
    Warning (13013): Ports D and ENA on the latch are fed by the same signal rtl~117
Warning (13012): Latch DataMemory:dmem|ram[120][3] has unsafe behavior File: C:/Users/gomez/OneDrive/Escritorio/mini_proyectos/modulosveri.sv Line: 185
    Warning (13013): Ports D and ENA on the latch are fed by the same signal rtl~117
Warning (13012): Latch DataMemory:dmem|ram[121][3] has unsafe behavior File: C:/Users/gomez/OneDrive/Escritorio/mini_proyectos/modulosveri.sv Line: 185
    Warning (13013): Ports D and ENA on the latch are fed by the same signal rtl~117
Warning (13012): Latch DataMemory:dmem|ram[122][3] has unsafe behavior File: C:/Users/gomez/OneDrive/Escritorio/mini_proyectos/modulosveri.sv Line: 185
    Warning (13013): Ports D and ENA on the latch are fed by the same signal rtl~117
Warning (13012): Latch DataMemory:dmem|ram[123][3] has unsafe behavior File: C:/Users/gomez/OneDrive/Escritorio/mini_proyectos/modulosveri.sv Line: 185
    Warning (13013): Ports D and ENA on the latch are fed by the same signal rtl~117
Warning (13012): Latch DataMemory:dmem|ram[124][3] has unsafe behavior File: C:/Users/gomez/OneDrive/Escritorio/mini_proyectos/modulosveri.sv Line: 185
    Warning (13013): Ports D and ENA on the latch are fed by the same signal rtl~117
Warning (13012): Latch DataMemory:dmem|ram[125][3] has unsafe behavior File: C:/Users/gomez/OneDrive/Escritorio/mini_proyectos/modulosveri.sv Line: 185
    Warning (13013): Ports D and ENA on the latch are fed by the same signal rtl~117
Warning (13012): Latch DataMemory:dmem|ram[126][3] has unsafe behavior File: C:/Users/gomez/OneDrive/Escritorio/mini_proyectos/modulosveri.sv Line: 185
    Warning (13013): Ports D and ENA on the latch are fed by the same signal rtl~117
Warning (13012): Latch DataMemory:dmem|ram[127][3] has unsafe behavior File: C:/Users/gomez/OneDrive/Escritorio/mini_proyectos/modulosveri.sv Line: 185
    Warning (13013): Ports D and ENA on the latch are fed by the same signal rtl~117
Warning (13012): Latch DataMemory:dmem|ram[0][3] has unsafe behavior File: C:/Users/gomez/OneDrive/Escritorio/mini_proyectos/modulosveri.sv Line: 185
    Warning (13013): Ports D and ENA on the latch are fed by the same signal rtl~117
Warning (13012): Latch DataMemory:dmem|ram[4][3] has unsafe behavior File: C:/Users/gomez/OneDrive/Escritorio/mini_proyectos/modulosveri.sv Line: 185
    Warning (13013): Ports D and ENA on the latch are fed by the same signal rtl~117
Warning (13012): Latch DataMemory:dmem|ram[8][3] has unsafe behavior File: C:/Users/gomez/OneDrive/Escritorio/mini_proyectos/modulosveri.sv Line: 185
    Warning (13013): Ports D and ENA on the latch are fed by the same signal rtl~117
Warning (13012): Latch DataMemory:dmem|ram[12][3] has unsafe behavior File: C:/Users/gomez/OneDrive/Escritorio/mini_proyectos/modulosveri.sv Line: 185
    Warning (13013): Ports D and ENA on the latch are fed by the same signal rtl~117
Warning (13012): Latch DataMemory:dmem|ram[16][3] has unsafe behavior File: C:/Users/gomez/OneDrive/Escritorio/mini_proyectos/modulosveri.sv Line: 185
    Warning (13013): Ports D and ENA on the latch are fed by the same signal rtl~117
Warning (13012): Latch DataMemory:dmem|ram[20][3] has unsafe behavior File: C:/Users/gomez/OneDrive/Escritorio/mini_proyectos/modulosveri.sv Line: 185
    Warning (13013): Ports D and ENA on the latch are fed by the same signal rtl~117
Warning (13012): Latch DataMemory:dmem|ram[24][3] has unsafe behavior File: C:/Users/gomez/OneDrive/Escritorio/mini_proyectos/modulosveri.sv Line: 185
    Warning (13013): Ports D and ENA on the latch are fed by the same signal rtl~117
Warning (13012): Latch DataMemory:dmem|ram[28][3] has unsafe behavior File: C:/Users/gomez/OneDrive/Escritorio/mini_proyectos/modulosveri.sv Line: 185
    Warning (13013): Ports D and ENA on the latch are fed by the same signal rtl~117
Warning (13012): Latch DataMemory:dmem|ram[32][3] has unsafe behavior File: C:/Users/gomez/OneDrive/Escritorio/mini_proyectos/modulosveri.sv Line: 185
    Warning (13013): Ports D and ENA on the latch are fed by the same signal rtl~117
Warning (13012): Latch DataMemory:dmem|ram[36][3] has unsafe behavior File: C:/Users/gomez/OneDrive/Escritorio/mini_proyectos/modulosveri.sv Line: 185
    Warning (13013): Ports D and ENA on the latch are fed by the same signal rtl~117
Warning (13012): Latch DataMemory:dmem|ram[40][3] has unsafe behavior File: C:/Users/gomez/OneDrive/Escritorio/mini_proyectos/modulosveri.sv Line: 185
    Warning (13013): Ports D and ENA on the latch are fed by the same signal rtl~117
Warning (13012): Latch DataMemory:dmem|ram[44][3] has unsafe behavior File: C:/Users/gomez/OneDrive/Escritorio/mini_proyectos/modulosveri.sv Line: 185
    Warning (13013): Ports D and ENA on the latch are fed by the same signal rtl~117
Warning (13012): Latch DataMemory:dmem|ram[48][3] has unsafe behavior File: C:/Users/gomez/OneDrive/Escritorio/mini_proyectos/modulosveri.sv Line: 185
    Warning (13013): Ports D and ENA on the latch are fed by the same signal rtl~117
Warning (13012): Latch DataMemory:dmem|ram[52][3] has unsafe behavior File: C:/Users/gomez/OneDrive/Escritorio/mini_proyectos/modulosveri.sv Line: 185
    Warning (13013): Ports D and ENA on the latch are fed by the same signal rtl~117
Warning (13012): Latch DataMemory:dmem|ram[56][3] has unsafe behavior File: C:/Users/gomez/OneDrive/Escritorio/mini_proyectos/modulosveri.sv Line: 185
    Warning (13013): Ports D and ENA on the latch are fed by the same signal rtl~117
Warning (13012): Latch DataMemory:dmem|ram[60][3] has unsafe behavior File: C:/Users/gomez/OneDrive/Escritorio/mini_proyectos/modulosveri.sv Line: 185
    Warning (13013): Ports D and ENA on the latch are fed by the same signal rtl~117
Warning (13012): Latch DataMemory:dmem|ram[1][3] has unsafe behavior File: C:/Users/gomez/OneDrive/Escritorio/mini_proyectos/modulosveri.sv Line: 185
    Warning (13013): Ports D and ENA on the latch are fed by the same signal rtl~117
Warning (13012): Latch DataMemory:dmem|ram[5][3] has unsafe behavior File: C:/Users/gomez/OneDrive/Escritorio/mini_proyectos/modulosveri.sv Line: 185
    Warning (13013): Ports D and ENA on the latch are fed by the same signal rtl~117
Warning (13012): Latch DataMemory:dmem|ram[9][3] has unsafe behavior File: C:/Users/gomez/OneDrive/Escritorio/mini_proyectos/modulosveri.sv Line: 185
    Warning (13013): Ports D and ENA on the latch are fed by the same signal rtl~117
Warning (13012): Latch DataMemory:dmem|ram[13][3] has unsafe behavior File: C:/Users/gomez/OneDrive/Escritorio/mini_proyectos/modulosveri.sv Line: 185
    Warning (13013): Ports D and ENA on the latch are fed by the same signal rtl~117
Warning (13012): Latch DataMemory:dmem|ram[17][3] has unsafe behavior File: C:/Users/gomez/OneDrive/Escritorio/mini_proyectos/modulosveri.sv Line: 185
    Warning (13013): Ports D and ENA on the latch are fed by the same signal rtl~117
Warning (13012): Latch DataMemory:dmem|ram[21][3] has unsafe behavior File: C:/Users/gomez/OneDrive/Escritorio/mini_proyectos/modulosveri.sv Line: 185
    Warning (13013): Ports D and ENA on the latch are fed by the same signal rtl~117
Warning (13012): Latch DataMemory:dmem|ram[25][3] has unsafe behavior File: C:/Users/gomez/OneDrive/Escritorio/mini_proyectos/modulosveri.sv Line: 185
    Warning (13013): Ports D and ENA on the latch are fed by the same signal rtl~117
Warning (13012): Latch DataMemory:dmem|ram[29][3] has unsafe behavior File: C:/Users/gomez/OneDrive/Escritorio/mini_proyectos/modulosveri.sv Line: 185
    Warning (13013): Ports D and ENA on the latch are fed by the same signal rtl~117
Warning (13012): Latch DataMemory:dmem|ram[33][3] has unsafe behavior File: C:/Users/gomez/OneDrive/Escritorio/mini_proyectos/modulosveri.sv Line: 185
    Warning (13013): Ports D and ENA on the latch are fed by the same signal rtl~117
Warning (13012): Latch DataMemory:dmem|ram[37][3] has unsafe behavior File: C:/Users/gomez/OneDrive/Escritorio/mini_proyectos/modulosveri.sv Line: 185
    Warning (13013): Ports D and ENA on the latch are fed by the same signal rtl~117
Warning (13012): Latch DataMemory:dmem|ram[41][3] has unsafe behavior File: C:/Users/gomez/OneDrive/Escritorio/mini_proyectos/modulosveri.sv Line: 185
    Warning (13013): Ports D and ENA on the latch are fed by the same signal rtl~117
Warning (13012): Latch DataMemory:dmem|ram[45][3] has unsafe behavior File: C:/Users/gomez/OneDrive/Escritorio/mini_proyectos/modulosveri.sv Line: 185
    Warning (13013): Ports D and ENA on the latch are fed by the same signal rtl~117
Warning (13012): Latch DataMemory:dmem|ram[49][3] has unsafe behavior File: C:/Users/gomez/OneDrive/Escritorio/mini_proyectos/modulosveri.sv Line: 185
    Warning (13013): Ports D and ENA on the latch are fed by the same signal rtl~117
Warning (13012): Latch DataMemory:dmem|ram[53][3] has unsafe behavior File: C:/Users/gomez/OneDrive/Escritorio/mini_proyectos/modulosveri.sv Line: 185
    Warning (13013): Ports D and ENA on the latch are fed by the same signal rtl~117
Warning (13012): Latch DataMemory:dmem|ram[57][3] has unsafe behavior File: C:/Users/gomez/OneDrive/Escritorio/mini_proyectos/modulosveri.sv Line: 185
    Warning (13013): Ports D and ENA on the latch are fed by the same signal rtl~117
Warning (13012): Latch DataMemory:dmem|ram[61][3] has unsafe behavior File: C:/Users/gomez/OneDrive/Escritorio/mini_proyectos/modulosveri.sv Line: 185
    Warning (13013): Ports D and ENA on the latch are fed by the same signal rtl~117
Warning (13012): Latch DataMemory:dmem|ram[2][3] has unsafe behavior File: C:/Users/gomez/OneDrive/Escritorio/mini_proyectos/modulosveri.sv Line: 185
    Warning (13013): Ports D and ENA on the latch are fed by the same signal rtl~117
Warning (13012): Latch DataMemory:dmem|ram[6][3] has unsafe behavior File: C:/Users/gomez/OneDrive/Escritorio/mini_proyectos/modulosveri.sv Line: 185
    Warning (13013): Ports D and ENA on the latch are fed by the same signal rtl~117
Warning (13012): Latch DataMemory:dmem|ram[10][3] has unsafe behavior File: C:/Users/gomez/OneDrive/Escritorio/mini_proyectos/modulosveri.sv Line: 185
    Warning (13013): Ports D and ENA on the latch are fed by the same signal rtl~117
Warning (13012): Latch DataMemory:dmem|ram[14][3] has unsafe behavior File: C:/Users/gomez/OneDrive/Escritorio/mini_proyectos/modulosveri.sv Line: 185
    Warning (13013): Ports D and ENA on the latch are fed by the same signal rtl~117
Warning (13012): Latch DataMemory:dmem|ram[18][3] has unsafe behavior File: C:/Users/gomez/OneDrive/Escritorio/mini_proyectos/modulosveri.sv Line: 185
    Warning (13013): Ports D and ENA on the latch are fed by the same signal rtl~117
Warning (13012): Latch DataMemory:dmem|ram[22][3] has unsafe behavior File: C:/Users/gomez/OneDrive/Escritorio/mini_proyectos/modulosveri.sv Line: 185
    Warning (13013): Ports D and ENA on the latch are fed by the same signal rtl~117
Warning (13012): Latch DataMemory:dmem|ram[26][3] has unsafe behavior File: C:/Users/gomez/OneDrive/Escritorio/mini_proyectos/modulosveri.sv Line: 185
    Warning (13013): Ports D and ENA on the latch are fed by the same signal rtl~117
Warning (13012): Latch DataMemory:dmem|ram[30][3] has unsafe behavior File: C:/Users/gomez/OneDrive/Escritorio/mini_proyectos/modulosveri.sv Line: 185
    Warning (13013): Ports D and ENA on the latch are fed by the same signal rtl~117
Warning (13012): Latch DataMemory:dmem|ram[34][3] has unsafe behavior File: C:/Users/gomez/OneDrive/Escritorio/mini_proyectos/modulosveri.sv Line: 185
    Warning (13013): Ports D and ENA on the latch are fed by the same signal rtl~117
Warning (13012): Latch DataMemory:dmem|ram[38][3] has unsafe behavior File: C:/Users/gomez/OneDrive/Escritorio/mini_proyectos/modulosveri.sv Line: 185
    Warning (13013): Ports D and ENA on the latch are fed by the same signal rtl~117
Warning (13012): Latch DataMemory:dmem|ram[42][3] has unsafe behavior File: C:/Users/gomez/OneDrive/Escritorio/mini_proyectos/modulosveri.sv Line: 185
    Warning (13013): Ports D and ENA on the latch are fed by the same signal rtl~117
Warning (13012): Latch DataMemory:dmem|ram[46][3] has unsafe behavior File: C:/Users/gomez/OneDrive/Escritorio/mini_proyectos/modulosveri.sv Line: 185
    Warning (13013): Ports D and ENA on the latch are fed by the same signal rtl~117
Warning (13012): Latch DataMemory:dmem|ram[50][3] has unsafe behavior File: C:/Users/gomez/OneDrive/Escritorio/mini_proyectos/modulosveri.sv Line: 185
    Warning (13013): Ports D and ENA on the latch are fed by the same signal rtl~117
Warning (13012): Latch DataMemory:dmem|ram[54][3] has unsafe behavior File: C:/Users/gomez/OneDrive/Escritorio/mini_proyectos/modulosveri.sv Line: 185
    Warning (13013): Ports D and ENA on the latch are fed by the same signal rtl~117
Warning (13012): Latch DataMemory:dmem|ram[58][3] has unsafe behavior File: C:/Users/gomez/OneDrive/Escritorio/mini_proyectos/modulosveri.sv Line: 185
    Warning (13013): Ports D and ENA on the latch are fed by the same signal rtl~117
Warning (13012): Latch DataMemory:dmem|ram[62][3] has unsafe behavior File: C:/Users/gomez/OneDrive/Escritorio/mini_proyectos/modulosveri.sv Line: 185
    Warning (13013): Ports D and ENA on the latch are fed by the same signal rtl~117
Warning (13012): Latch DataMemory:dmem|ram[3][3] has unsafe behavior File: C:/Users/gomez/OneDrive/Escritorio/mini_proyectos/modulosveri.sv Line: 185
    Warning (13013): Ports D and ENA on the latch are fed by the same signal rtl~117
Warning (13012): Latch DataMemory:dmem|ram[19][3] has unsafe behavior File: C:/Users/gomez/OneDrive/Escritorio/mini_proyectos/modulosveri.sv Line: 185
    Warning (13013): Ports D and ENA on the latch are fed by the same signal rtl~117
Warning (13012): Latch DataMemory:dmem|ram[35][3] has unsafe behavior File: C:/Users/gomez/OneDrive/Escritorio/mini_proyectos/modulosveri.sv Line: 185
    Warning (13013): Ports D and ENA on the latch are fed by the same signal rtl~117
Warning (13012): Latch DataMemory:dmem|ram[51][3] has unsafe behavior File: C:/Users/gomez/OneDrive/Escritorio/mini_proyectos/modulosveri.sv Line: 185
    Warning (13013): Ports D and ENA on the latch are fed by the same signal rtl~117
Warning (13012): Latch DataMemory:dmem|ram[7][3] has unsafe behavior File: C:/Users/gomez/OneDrive/Escritorio/mini_proyectos/modulosveri.sv Line: 185
    Warning (13013): Ports D and ENA on the latch are fed by the same signal rtl~117
Warning (13012): Latch DataMemory:dmem|ram[23][3] has unsafe behavior File: C:/Users/gomez/OneDrive/Escritorio/mini_proyectos/modulosveri.sv Line: 185
    Warning (13013): Ports D and ENA on the latch are fed by the same signal rtl~117
Warning (13012): Latch DataMemory:dmem|ram[39][3] has unsafe behavior File: C:/Users/gomez/OneDrive/Escritorio/mini_proyectos/modulosveri.sv Line: 185
    Warning (13013): Ports D and ENA on the latch are fed by the same signal rtl~117
Warning (13012): Latch DataMemory:dmem|ram[55][3] has unsafe behavior File: C:/Users/gomez/OneDrive/Escritorio/mini_proyectos/modulosveri.sv Line: 185
    Warning (13013): Ports D and ENA on the latch are fed by the same signal rtl~117
Warning (13012): Latch DataMemory:dmem|ram[11][3] has unsafe behavior File: C:/Users/gomez/OneDrive/Escritorio/mini_proyectos/modulosveri.sv Line: 185
    Warning (13013): Ports D and ENA on the latch are fed by the same signal rtl~117
Warning (13012): Latch DataMemory:dmem|ram[27][3] has unsafe behavior File: C:/Users/gomez/OneDrive/Escritorio/mini_proyectos/modulosveri.sv Line: 185
    Warning (13013): Ports D and ENA on the latch are fed by the same signal rtl~117
Warning (13012): Latch DataMemory:dmem|ram[43][3] has unsafe behavior File: C:/Users/gomez/OneDrive/Escritorio/mini_proyectos/modulosveri.sv Line: 185
    Warning (13013): Ports D and ENA on the latch are fed by the same signal rtl~117
Warning (13012): Latch DataMemory:dmem|ram[59][3] has unsafe behavior File: C:/Users/gomez/OneDrive/Escritorio/mini_proyectos/modulosveri.sv Line: 185
    Warning (13013): Ports D and ENA on the latch are fed by the same signal rtl~117
Warning (13012): Latch DataMemory:dmem|ram[15][3] has unsafe behavior File: C:/Users/gomez/OneDrive/Escritorio/mini_proyectos/modulosveri.sv Line: 185
    Warning (13013): Ports D and ENA on the latch are fed by the same signal rtl~117
Warning (13012): Latch DataMemory:dmem|ram[31][3] has unsafe behavior File: C:/Users/gomez/OneDrive/Escritorio/mini_proyectos/modulosveri.sv Line: 185
    Warning (13013): Ports D and ENA on the latch are fed by the same signal rtl~117
Warning (13012): Latch DataMemory:dmem|ram[47][3] has unsafe behavior File: C:/Users/gomez/OneDrive/Escritorio/mini_proyectos/modulosveri.sv Line: 185
    Warning (13013): Ports D and ENA on the latch are fed by the same signal rtl~117
Warning (13012): Latch DataMemory:dmem|ram[63][3] has unsafe behavior File: C:/Users/gomez/OneDrive/Escritorio/mini_proyectos/modulosveri.sv Line: 185
    Warning (13013): Ports D and ENA on the latch are fed by the same signal rtl~117
Warning (13024): Output pins are stuck at VCC or GND
    Warning (13410): Pin "HEX0[0]" is stuck at GND File: C:/Users/gomez/OneDrive/Escritorio/mini_proyectos/modulosveri.sv Line: 280
    Warning (13410): Pin "HEX0[1]" is stuck at GND File: C:/Users/gomez/OneDrive/Escritorio/mini_proyectos/modulosveri.sv Line: 280
    Warning (13410): Pin "HEX0[2]" is stuck at GND File: C:/Users/gomez/OneDrive/Escritorio/mini_proyectos/modulosveri.sv Line: 280
    Warning (13410): Pin "HEX0[3]" is stuck at GND File: C:/Users/gomez/OneDrive/Escritorio/mini_proyectos/modulosveri.sv Line: 280
    Warning (13410): Pin "HEX0[4]" is stuck at GND File: C:/Users/gomez/OneDrive/Escritorio/mini_proyectos/modulosveri.sv Line: 280
    Warning (13410): Pin "HEX0[5]" is stuck at GND File: C:/Users/gomez/OneDrive/Escritorio/mini_proyectos/modulosveri.sv Line: 280
    Warning (13410): Pin "HEX0[6]" is stuck at GND File: C:/Users/gomez/OneDrive/Escritorio/mini_proyectos/modulosveri.sv Line: 280
    Warning (13410): Pin "HEX1[0]" is stuck at GND File: C:/Users/gomez/OneDrive/Escritorio/mini_proyectos/modulosveri.sv Line: 281
    Warning (13410): Pin "HEX1[1]" is stuck at GND File: C:/Users/gomez/OneDrive/Escritorio/mini_proyectos/modulosveri.sv Line: 281
    Warning (13410): Pin "HEX1[2]" is stuck at GND File: C:/Users/gomez/OneDrive/Escritorio/mini_proyectos/modulosveri.sv Line: 281
    Warning (13410): Pin "HEX1[3]" is stuck at GND File: C:/Users/gomez/OneDrive/Escritorio/mini_proyectos/modulosveri.sv Line: 281
    Warning (13410): Pin "HEX1[4]" is stuck at GND File: C:/Users/gomez/OneDrive/Escritorio/mini_proyectos/modulosveri.sv Line: 281
    Warning (13410): Pin "HEX1[5]" is stuck at GND File: C:/Users/gomez/OneDrive/Escritorio/mini_proyectos/modulosveri.sv Line: 281
    Warning (13410): Pin "HEX1[6]" is stuck at GND File: C:/Users/gomez/OneDrive/Escritorio/mini_proyectos/modulosveri.sv Line: 281
    Warning (13410): Pin "HEX2[0]" is stuck at GND File: C:/Users/gomez/OneDrive/Escritorio/mini_proyectos/modulosveri.sv Line: 282
    Warning (13410): Pin "HEX2[1]" is stuck at GND File: C:/Users/gomez/OneDrive/Escritorio/mini_proyectos/modulosveri.sv Line: 282
    Warning (13410): Pin "HEX2[2]" is stuck at GND File: C:/Users/gomez/OneDrive/Escritorio/mini_proyectos/modulosveri.sv Line: 282
    Warning (13410): Pin "HEX2[3]" is stuck at GND File: C:/Users/gomez/OneDrive/Escritorio/mini_proyectos/modulosveri.sv Line: 282
    Warning (13410): Pin "HEX2[4]" is stuck at GND File: C:/Users/gomez/OneDrive/Escritorio/mini_proyectos/modulosveri.sv Line: 282
    Warning (13410): Pin "HEX2[5]" is stuck at GND File: C:/Users/gomez/OneDrive/Escritorio/mini_proyectos/modulosveri.sv Line: 282
    Warning (13410): Pin "HEX2[6]" is stuck at GND File: C:/Users/gomez/OneDrive/Escritorio/mini_proyectos/modulosveri.sv Line: 282
    Warning (13410): Pin "HEX3[0]" is stuck at GND File: C:/Users/gomez/OneDrive/Escritorio/mini_proyectos/modulosveri.sv Line: 283
    Warning (13410): Pin "HEX3[1]" is stuck at GND File: C:/Users/gomez/OneDrive/Escritorio/mini_proyectos/modulosveri.sv Line: 283
    Warning (13410): Pin "HEX3[2]" is stuck at GND File: C:/Users/gomez/OneDrive/Escritorio/mini_proyectos/modulosveri.sv Line: 283
    Warning (13410): Pin "HEX3[3]" is stuck at GND File: C:/Users/gomez/OneDrive/Escritorio/mini_proyectos/modulosveri.sv Line: 283
    Warning (13410): Pin "HEX3[4]" is stuck at GND File: C:/Users/gomez/OneDrive/Escritorio/mini_proyectos/modulosveri.sv Line: 283
    Warning (13410): Pin "HEX3[5]" is stuck at GND File: C:/Users/gomez/OneDrive/Escritorio/mini_proyectos/modulosveri.sv Line: 283
    Warning (13410): Pin "HEX3[6]" is stuck at GND File: C:/Users/gomez/OneDrive/Escritorio/mini_proyectos/modulosveri.sv Line: 283
    Warning (13410): Pin "HEX4[0]" is stuck at GND File: C:/Users/gomez/OneDrive/Escritorio/mini_proyectos/modulosveri.sv Line: 284
    Warning (13410): Pin "HEX4[1]" is stuck at GND File: C:/Users/gomez/OneDrive/Escritorio/mini_proyectos/modulosveri.sv Line: 284
    Warning (13410): Pin "HEX4[2]" is stuck at GND File: C:/Users/gomez/OneDrive/Escritorio/mini_proyectos/modulosveri.sv Line: 284
    Warning (13410): Pin "HEX4[3]" is stuck at GND File: C:/Users/gomez/OneDrive/Escritorio/mini_proyectos/modulosveri.sv Line: 284
    Warning (13410): Pin "HEX4[4]" is stuck at GND File: C:/Users/gomez/OneDrive/Escritorio/mini_proyectos/modulosveri.sv Line: 284
    Warning (13410): Pin "HEX4[5]" is stuck at GND File: C:/Users/gomez/OneDrive/Escritorio/mini_proyectos/modulosveri.sv Line: 284
    Warning (13410): Pin "HEX4[6]" is stuck at GND File: C:/Users/gomez/OneDrive/Escritorio/mini_proyectos/modulosveri.sv Line: 284
    Warning (13410): Pin "HEX5[0]" is stuck at GND File: C:/Users/gomez/OneDrive/Escritorio/mini_proyectos/modulosveri.sv Line: 285
    Warning (13410): Pin "HEX5[1]" is stuck at GND File: C:/Users/gomez/OneDrive/Escritorio/mini_proyectos/modulosveri.sv Line: 285
    Warning (13410): Pin "HEX5[2]" is stuck at GND File: C:/Users/gomez/OneDrive/Escritorio/mini_proyectos/modulosveri.sv Line: 285
    Warning (13410): Pin "HEX5[3]" is stuck at GND File: C:/Users/gomez/OneDrive/Escritorio/mini_proyectos/modulosveri.sv Line: 285
    Warning (13410): Pin "HEX5[4]" is stuck at GND File: C:/Users/gomez/OneDrive/Escritorio/mini_proyectos/modulosveri.sv Line: 285
    Warning (13410): Pin "HEX5[5]" is stuck at GND File: C:/Users/gomez/OneDrive/Escritorio/mini_proyectos/modulosveri.sv Line: 285
    Warning (13410): Pin "HEX5[6]" is stuck at GND File: C:/Users/gomez/OneDrive/Escritorio/mini_proyectos/modulosveri.sv Line: 285
    Warning (13410): Pin "vga_sync_n" is stuck at GND File: C:/Users/gomez/OneDrive/Escritorio/mini_proyectos/modulosveri.sv Line: 292
Info (286030): Timing-Driven Synthesis is running
Warning (14025): LATCH primitive "DataMemory:dmem|ram[193][0]" is permanently disabled File: C:/Users/gomez/OneDrive/Escritorio/mini_proyectos/modulosveri.sv Line: 185
Warning (14025): LATCH primitive "DataMemory:dmem|ram[192][0]" is permanently disabled File: C:/Users/gomez/OneDrive/Escritorio/mini_proyectos/modulosveri.sv Line: 185
Warning (14025): LATCH primitive "DataMemory:dmem|ram[195][0]" is permanently disabled File: C:/Users/gomez/OneDrive/Escritorio/mini_proyectos/modulosveri.sv Line: 185
Warning (14025): LATCH primitive "DataMemory:dmem|ram[194][0]" is permanently disabled File: C:/Users/gomez/OneDrive/Escritorio/mini_proyectos/modulosveri.sv Line: 185
Warning (14025): LATCH primitive "DataMemory:dmem|ram[197][0]" is permanently disabled File: C:/Users/gomez/OneDrive/Escritorio/mini_proyectos/modulosveri.sv Line: 185
Warning (14025): LATCH primitive "DataMemory:dmem|ram[196][0]" is permanently disabled File: C:/Users/gomez/OneDrive/Escritorio/mini_proyectos/modulosveri.sv Line: 185
Warning (14025): LATCH primitive "DataMemory:dmem|ram[199][0]" is permanently disabled File: C:/Users/gomez/OneDrive/Escritorio/mini_proyectos/modulosveri.sv Line: 185
Warning (14025): LATCH primitive "DataMemory:dmem|ram[198][0]" is permanently disabled File: C:/Users/gomez/OneDrive/Escritorio/mini_proyectos/modulosveri.sv Line: 185
Warning (14025): LATCH primitive "DataMemory:dmem|ram[200][0]" is permanently disabled File: C:/Users/gomez/OneDrive/Escritorio/mini_proyectos/modulosveri.sv Line: 185
Warning (14025): LATCH primitive "DataMemory:dmem|ram[193][1]" is permanently disabled File: C:/Users/gomez/OneDrive/Escritorio/mini_proyectos/modulosveri.sv Line: 185
Warning (14025): LATCH primitive "DataMemory:dmem|ram[192][1]" is permanently disabled File: C:/Users/gomez/OneDrive/Escritorio/mini_proyectos/modulosveri.sv Line: 185
Warning (14025): LATCH primitive "DataMemory:dmem|ram[195][1]" is permanently disabled File: C:/Users/gomez/OneDrive/Escritorio/mini_proyectos/modulosveri.sv Line: 185
Warning (14025): LATCH primitive "DataMemory:dmem|ram[194][1]" is permanently disabled File: C:/Users/gomez/OneDrive/Escritorio/mini_proyectos/modulosveri.sv Line: 185
Warning (14025): LATCH primitive "DataMemory:dmem|ram[197][1]" is permanently disabled File: C:/Users/gomez/OneDrive/Escritorio/mini_proyectos/modulosveri.sv Line: 185
Warning (14025): LATCH primitive "DataMemory:dmem|ram[196][1]" is permanently disabled File: C:/Users/gomez/OneDrive/Escritorio/mini_proyectos/modulosveri.sv Line: 185
Warning (14025): LATCH primitive "DataMemory:dmem|ram[199][1]" is permanently disabled File: C:/Users/gomez/OneDrive/Escritorio/mini_proyectos/modulosveri.sv Line: 185
Warning (14025): LATCH primitive "DataMemory:dmem|ram[198][1]" is permanently disabled File: C:/Users/gomez/OneDrive/Escritorio/mini_proyectos/modulosveri.sv Line: 185
Warning (14025): LATCH primitive "DataMemory:dmem|ram[200][1]" is permanently disabled File: C:/Users/gomez/OneDrive/Escritorio/mini_proyectos/modulosveri.sv Line: 185
Warning (14025): LATCH primitive "DataMemory:dmem|ram[193][2]" is permanently disabled File: C:/Users/gomez/OneDrive/Escritorio/mini_proyectos/modulosveri.sv Line: 185
Warning (14025): LATCH primitive "DataMemory:dmem|ram[192][2]" is permanently disabled File: C:/Users/gomez/OneDrive/Escritorio/mini_proyectos/modulosveri.sv Line: 185
Warning (14025): LATCH primitive "DataMemory:dmem|ram[195][2]" is permanently disabled File: C:/Users/gomez/OneDrive/Escritorio/mini_proyectos/modulosveri.sv Line: 185
Warning (14025): LATCH primitive "DataMemory:dmem|ram[194][2]" is permanently disabled File: C:/Users/gomez/OneDrive/Escritorio/mini_proyectos/modulosveri.sv Line: 185
Warning (14025): LATCH primitive "DataMemory:dmem|ram[197][2]" is permanently disabled File: C:/Users/gomez/OneDrive/Escritorio/mini_proyectos/modulosveri.sv Line: 185
Warning (14025): LATCH primitive "DataMemory:dmem|ram[196][2]" is permanently disabled File: C:/Users/gomez/OneDrive/Escritorio/mini_proyectos/modulosveri.sv Line: 185
Warning (14025): LATCH primitive "DataMemory:dmem|ram[199][2]" is permanently disabled File: C:/Users/gomez/OneDrive/Escritorio/mini_proyectos/modulosveri.sv Line: 185
Warning (14025): LATCH primitive "DataMemory:dmem|ram[198][2]" is permanently disabled File: C:/Users/gomez/OneDrive/Escritorio/mini_proyectos/modulosveri.sv Line: 185
Warning (14025): LATCH primitive "DataMemory:dmem|ram[200][2]" is permanently disabled File: C:/Users/gomez/OneDrive/Escritorio/mini_proyectos/modulosveri.sv Line: 185
Warning (14025): LATCH primitive "DataMemory:dmem|ram[193][3]" is permanently disabled File: C:/Users/gomez/OneDrive/Escritorio/mini_proyectos/modulosveri.sv Line: 185
Warning (14025): LATCH primitive "DataMemory:dmem|ram[192][3]" is permanently disabled File: C:/Users/gomez/OneDrive/Escritorio/mini_proyectos/modulosveri.sv Line: 185
Warning (14025): LATCH primitive "DataMemory:dmem|ram[195][3]" is permanently disabled File: C:/Users/gomez/OneDrive/Escritorio/mini_proyectos/modulosveri.sv Line: 185
Warning (14025): LATCH primitive "DataMemory:dmem|ram[194][3]" is permanently disabled File: C:/Users/gomez/OneDrive/Escritorio/mini_proyectos/modulosveri.sv Line: 185
Warning (14025): LATCH primitive "DataMemory:dmem|ram[197][3]" is permanently disabled File: C:/Users/gomez/OneDrive/Escritorio/mini_proyectos/modulosveri.sv Line: 185
Warning (14025): LATCH primitive "DataMemory:dmem|ram[196][3]" is permanently disabled File: C:/Users/gomez/OneDrive/Escritorio/mini_proyectos/modulosveri.sv Line: 185
Warning (14025): LATCH primitive "DataMemory:dmem|ram[199][3]" is permanently disabled File: C:/Users/gomez/OneDrive/Escritorio/mini_proyectos/modulosveri.sv Line: 185
Warning (14025): LATCH primitive "DataMemory:dmem|ram[198][3]" is permanently disabled File: C:/Users/gomez/OneDrive/Escritorio/mini_proyectos/modulosveri.sv Line: 185
Warning (14025): LATCH primitive "DataMemory:dmem|ram[200][3]" is permanently disabled File: C:/Users/gomez/OneDrive/Escritorio/mini_proyectos/modulosveri.sv Line: 185
Warning (14025): LATCH primitive "DataMemory:dmem|ram[193][4]" is permanently disabled File: C:/Users/gomez/OneDrive/Escritorio/mini_proyectos/modulosveri.sv Line: 185
Warning (14025): LATCH primitive "DataMemory:dmem|ram[192][4]" is permanently disabled File: C:/Users/gomez/OneDrive/Escritorio/mini_proyectos/modulosveri.sv Line: 185
Warning (14025): LATCH primitive "DataMemory:dmem|ram[195][4]" is permanently disabled File: C:/Users/gomez/OneDrive/Escritorio/mini_proyectos/modulosveri.sv Line: 185
Warning (14025): LATCH primitive "DataMemory:dmem|ram[194][4]" is permanently disabled File: C:/Users/gomez/OneDrive/Escritorio/mini_proyectos/modulosveri.sv Line: 185
Warning (14025): LATCH primitive "DataMemory:dmem|ram[197][4]" is permanently disabled File: C:/Users/gomez/OneDrive/Escritorio/mini_proyectos/modulosveri.sv Line: 185
Warning (14025): LATCH primitive "DataMemory:dmem|ram[196][4]" is permanently disabled File: C:/Users/gomez/OneDrive/Escritorio/mini_proyectos/modulosveri.sv Line: 185
Warning (14025): LATCH primitive "DataMemory:dmem|ram[199][4]" is permanently disabled File: C:/Users/gomez/OneDrive/Escritorio/mini_proyectos/modulosveri.sv Line: 185
Warning (14025): LATCH primitive "DataMemory:dmem|ram[198][4]" is permanently disabled File: C:/Users/gomez/OneDrive/Escritorio/mini_proyectos/modulosveri.sv Line: 185
Warning (14025): LATCH primitive "DataMemory:dmem|ram[200][4]" is permanently disabled File: C:/Users/gomez/OneDrive/Escritorio/mini_proyectos/modulosveri.sv Line: 185
Warning (14025): LATCH primitive "DataMemory:dmem|ram[193][7]" is permanently disabled File: C:/Users/gomez/OneDrive/Escritorio/mini_proyectos/modulosveri.sv Line: 185
Warning (14025): LATCH primitive "DataMemory:dmem|ram[192][7]" is permanently disabled File: C:/Users/gomez/OneDrive/Escritorio/mini_proyectos/modulosveri.sv Line: 185
Warning (14025): LATCH primitive "DataMemory:dmem|ram[195][7]" is permanently disabled File: C:/Users/gomez/OneDrive/Escritorio/mini_proyectos/modulosveri.sv Line: 185
Warning (14025): LATCH primitive "DataMemory:dmem|ram[194][7]" is permanently disabled File: C:/Users/gomez/OneDrive/Escritorio/mini_proyectos/modulosveri.sv Line: 185
Warning (14025): LATCH primitive "DataMemory:dmem|ram[197][7]" is permanently disabled File: C:/Users/gomez/OneDrive/Escritorio/mini_proyectos/modulosveri.sv Line: 185
Warning (14025): LATCH primitive "DataMemory:dmem|ram[196][7]" is permanently disabled File: C:/Users/gomez/OneDrive/Escritorio/mini_proyectos/modulosveri.sv Line: 185
Warning (14025): LATCH primitive "DataMemory:dmem|ram[199][7]" is permanently disabled File: C:/Users/gomez/OneDrive/Escritorio/mini_proyectos/modulosveri.sv Line: 185
Warning (14025): LATCH primitive "DataMemory:dmem|ram[198][7]" is permanently disabled File: C:/Users/gomez/OneDrive/Escritorio/mini_proyectos/modulosveri.sv Line: 185
Warning (14025): LATCH primitive "DataMemory:dmem|ram[200][7]" is permanently disabled File: C:/Users/gomez/OneDrive/Escritorio/mini_proyectos/modulosveri.sv Line: 185
Warning (14025): LATCH primitive "DataMemory:dmem|ram[193][5]" is permanently disabled File: C:/Users/gomez/OneDrive/Escritorio/mini_proyectos/modulosveri.sv Line: 185
Warning (14025): LATCH primitive "DataMemory:dmem|ram[192][5]" is permanently disabled File: C:/Users/gomez/OneDrive/Escritorio/mini_proyectos/modulosveri.sv Line: 185
Warning (14025): LATCH primitive "DataMemory:dmem|ram[195][5]" is permanently disabled File: C:/Users/gomez/OneDrive/Escritorio/mini_proyectos/modulosveri.sv Line: 185
Warning (14025): LATCH primitive "DataMemory:dmem|ram[194][5]" is permanently disabled File: C:/Users/gomez/OneDrive/Escritorio/mini_proyectos/modulosveri.sv Line: 185
Warning (14025): LATCH primitive "DataMemory:dmem|ram[197][5]" is permanently disabled File: C:/Users/gomez/OneDrive/Escritorio/mini_proyectos/modulosveri.sv Line: 185
Warning (14025): LATCH primitive "DataMemory:dmem|ram[196][5]" is permanently disabled File: C:/Users/gomez/OneDrive/Escritorio/mini_proyectos/modulosveri.sv Line: 185
Warning (14025): LATCH primitive "DataMemory:dmem|ram[199][5]" is permanently disabled File: C:/Users/gomez/OneDrive/Escritorio/mini_proyectos/modulosveri.sv Line: 185
Warning (14025): LATCH primitive "DataMemory:dmem|ram[198][5]" is permanently disabled File: C:/Users/gomez/OneDrive/Escritorio/mini_proyectos/modulosveri.sv Line: 185
Warning (14025): LATCH primitive "DataMemory:dmem|ram[200][5]" is permanently disabled File: C:/Users/gomez/OneDrive/Escritorio/mini_proyectos/modulosveri.sv Line: 185
Warning (14025): LATCH primitive "DataMemory:dmem|ram[193][6]" is permanently disabled File: C:/Users/gomez/OneDrive/Escritorio/mini_proyectos/modulosveri.sv Line: 185
Warning (14025): LATCH primitive "DataMemory:dmem|ram[192][6]" is permanently disabled File: C:/Users/gomez/OneDrive/Escritorio/mini_proyectos/modulosveri.sv Line: 185
Warning (14025): LATCH primitive "DataMemory:dmem|ram[195][6]" is permanently disabled File: C:/Users/gomez/OneDrive/Escritorio/mini_proyectos/modulosveri.sv Line: 185
Warning (14025): LATCH primitive "DataMemory:dmem|ram[194][6]" is permanently disabled File: C:/Users/gomez/OneDrive/Escritorio/mini_proyectos/modulosveri.sv Line: 185
Warning (14025): LATCH primitive "DataMemory:dmem|ram[197][6]" is permanently disabled File: C:/Users/gomez/OneDrive/Escritorio/mini_proyectos/modulosveri.sv Line: 185
Warning (14025): LATCH primitive "DataMemory:dmem|ram[196][6]" is permanently disabled File: C:/Users/gomez/OneDrive/Escritorio/mini_proyectos/modulosveri.sv Line: 185
Warning (14025): LATCH primitive "DataMemory:dmem|ram[199][6]" is permanently disabled File: C:/Users/gomez/OneDrive/Escritorio/mini_proyectos/modulosveri.sv Line: 185
Warning (14025): LATCH primitive "DataMemory:dmem|ram[198][6]" is permanently disabled File: C:/Users/gomez/OneDrive/Escritorio/mini_proyectos/modulosveri.sv Line: 185
Warning (14025): LATCH primitive "DataMemory:dmem|ram[200][6]" is permanently disabled File: C:/Users/gomez/OneDrive/Escritorio/mini_proyectos/modulosveri.sv Line: 185
Info (16010): Generating hard_block partition "hard_block:auto_generated_inst"
    Info (16011): Adding 0 node(s), including 0 DDIO, 0 PLL, 0 transceiver and 0 LCELL
Warning (21074): Design contains 2 input pin(s) that do not drive logic
    Warning (15610): No output dependent on input pin "SW[1]" File: C:/Users/gomez/OneDrive/Escritorio/mini_proyectos/modulosveri.sv Line: 278
    Warning (15610): No output dependent on input pin "SW[2]" File: C:/Users/gomez/OneDrive/Escritorio/mini_proyectos/modulosveri.sv Line: 278
Info (21057): Implemented 3428 device resources after synthesis - the final resource count might be different
    Info (21058): Implemented 5 input pins
    Info (21059): Implemented 69 output pins
    Info (21061): Implemented 3354 logic cells
Info: Quartus Prime Analysis & Synthesis was successful. 0 errors, 3350 warnings
    Info: Peak virtual memory: 8307 megabytes
    Info: Processing ended: Sat May  9 12:01:23 2026
    Info: Elapsed time: 00:03:14
    Info: Total CPU time (on all processors): 00:03:25


